user_id,rank,movie_id,title,avg_rating,fav_genre
1,1,1449,Pather Panchali (1955),4.625,Drama
1,2,318,Schindler's List (1993),4.4664,Drama
1,3,483,Casablanca (1942),4.4568,Drama
1,4,963,Some Folks Call It a Sling Blade (1993),4.2927,Drama
1,5,427,To Kill a Mockingbird (1962),4.2922,Drama
2,1,1449,Pather Panchali (1955),4.625,Drama
2,2,318,Schindler's List (1993),4.4664,Drama
2,3,483,Casablanca (1942),4.4568,Drama
2,4,64,"Shawshank Redemption, The (1994)",4.4452,Drama
2,5,178,12 Angry Men (1957),4.344,Drama
3,1,1449,Pather Panchali (1955),4.625,Drama
3,2,483,Casablanca (1942),4.4568,Drama
3,3,64,"Shawshank Redemption, The (1994)",4.4452,Drama
3,4,178,12 Angry Men (1957),4.344,Drama
3,5,134,Citizen Kane (1941),4.2929,Drama
4,1,408,"Close Shave, A (1995)",4.4911,Thriller
4,2,603,Rear Window (1954),4.3876,Thriller
4,3,12,"Usual Suspects, The (1995)",4.3858,Thriller
4,4,513,"Third Man, The (1949)",4.3333,Thriller
4,5,963,Some Folks Call It a Sling Blade (1993),4.2927,Thriller
5,1,480,North by Northwest (1959),4.2849,Comedy
5,2,251,Shall We Dance? (1996),4.2609,Comedy
5,3,316,As Good As It Gets (1997),4.1964,Comedy
5,4,170,Cinema Paradiso (1988),4.1736,Comedy
5,5,1007,Waiting for Guffman (1996),4.1277,Comedy
6,1,1449,Pather Panchali (1955),4.625,Drama
6,2,963,Some Folks Call It a Sling Blade (1993),4.2927,Drama
6,3,1524,Kaspar Hauser (1993),4.25,Drama
6,4,313,Titanic (1997),4.2457,Drama
6,5,641,Paths of Glory (1957),4.2121,Drama
7,1,1449,Pather Panchali (1955),4.625,Drama
7,2,963,Some Folks Call It a Sling Blade (1993),4.2927,Drama
7,3,272,Good Will Hunting (1997),4.2626,Drama
7,4,1524,Kaspar Hauser (1993),4.25,Drama
7,5,313,Titanic (1997),4.2457,Drama
8,1,313,Titanic (1997),4.2457,Action
8,2,515,"Boot, Das (1981)",4.204,Action
8,3,498,"African Queen, The (1951)",4.1842,Action
8,4,173,"Princess Bride, The (1987)",4.1728,Action
8,5,1019,"Die xue shuang xiong (Killer, The) (1989)",3.9677,Action
9,1,1449,Pather Panchali (1955),4.625,Drama
9,2,318,Schindler's List (1993),4.4664,Drama
9,3,64,"Shawshank Redemption, The (1994)",4.4452,Drama
9,4,178,12 Angry Men (1957),4.344,Drama
9,5,134,Citizen Kane (1941),4.2929,Drama
10,1,1449,Pather Panchali (1955),4.625,Drama
10,2,318,Schindler's List (1993),4.4664,Drama
10,3,963,Some Folks Call It a Sling Blade (1993),4.2927,Drama
10,4,427,To Kill a Mockingbird (1962),4.2922,Drama
10,5,272,Good Will Hunting (1997),4.2626,Drama
11,1,1449,Pather Panchali (1955),4.625,Drama
11,2,483,Casablanca (1942),4.4568,Drama
11,3,64,"Shawshank Redemption, The (1994)",4.4452,Drama
11,4,178,12 Angry Men (1957),4.344,Drama
11,5,134,Citizen Kane (1941),4.2929,Drama
12,1,1449,Pather Panchali (1955),4.625,Drama
12,2,483,Casablanca (1942),4.4568,Drama
12,3,64,"Shawshank Redemption, The (1994)",4.4452,Drama
12,4,178,12 Angry Men (1957),4.344,Drama
12,5,134,Citizen Kane (1941),4.2929,Drama
13,1,1449,Pather Panchali (1955),4.625,Drama
13,2,134,Citizen Kane (1941),4.2929,Drama
13,3,963,Some Folks Call It a Sling Blade (1993),4.2927,Drama
13,4,1524,Kaspar Hauser (1993),4.25,Drama
13,5,641,Paths of Glory (1957),4.2121,Drama
14,1,1449,Pather Panchali (1955),4.625,Drama
14,2,318,Schindler's List (1993),4.4664,Drama
14,3,483,Casablanca (1942),4.4568,Drama
14,4,64,"Shawshank Redemption, The (1994)",4.4452,Drama
14,5,178,12 Angry Men (1957),4.344,Drama
15,1,1449,Pather Panchali (1955),4.625,Drama
15,2,318,Schindler's List (1993),4.4664,Drama
15,3,483,Casablanca (1942),4.4568,Drama
15,4,64,"Shawshank Redemption, The (1994)",4.4452,Drama
15,5,178,12 Angry Men (1957),4.344,Drama
16,1,1449,Pather Panchali (1955),4.625,Drama
16,2,483,Casablanca (1942),4.4568,Drama
16,3,963,Some Folks Call It a Sling Blade (1993),4.2927,Drama
16,4,285,Secrets & Lies (1996),4.2654,Drama
16,5,272,Good Will Hunting (1997),4.2626,Drama
17,1,1449,Pather Panchali (1955),4.625,Drama
17,2,318,Schindler's List (1993),4.4664,Drama
17,3,483,Casablanca (1942),4.4568,Drama
17,4,64,"Shawshank Redemption, The (1994)",4.4452,Drama
17,5,178,12 Angry Men (1957),4.344,Drama
18,1,1449,Pather Panchali (1955),4.625,Drama
18,2,272,Good Will Hunting (1997),4.2626,Drama
18,3,1524,Kaspar Hauser (1993),4.25,Drama
18,4,313,Titanic (1997),4.2457,Drama
18,5,641,Paths of Glory (1957),4.2121,Drama
19,1,408,"Close Shave, A (1995)",4.4911,Comedy
19,2,169,"Wrong Trousers, The (1993)",4.4661,Comedy
19,3,480,North by Northwest (1959),4.2849,Comedy
19,4,251,Shall We Dance? (1996),4.2609,Comedy
19,5,316,As Good As It Gets (1997),4.1964,Comedy
20,1,127,"Godfather, The (1972)",4.2833,Action
20,2,313,Titanic (1997),4.2457,Action
20,3,515,"Boot, Das (1981)",4.204,Action
20,4,187,"Godfather: Part II, The (1974)",4.1866,Action
20,5,173,"Princess Bride, The (1987)",4.1728,Action
21,1,603,Rear Window (1954),4.3876,Thriller
21,2,12,"Usual Suspects, The (1995)",4.3858,Thriller
21,3,513,"Third Man, The (1949)",4.3333,Thriller
21,4,963,Some Folks Call It a Sling Blade (1993),4.2927,Thriller
21,5,480,North by Northwest (1959),4.2849,Thriller
22,1,408,"Close Shave, A (1995)",4.4911,Comedy
22,2,169,"Wrong Trousers, The (1993)",4.4661,Comedy
22,3,480,North by Northwest (1959),4.2849,Comedy
22,4,251,Shall We Dance? (1996),4.2609,Comedy
22,5,316,As Good As It Gets (1997),4.1964,Comedy
23,1,1449,Pather Panchali (1955),4.625,Drama
23,2,318,Schindler's List (1993),4.4664,Drama
23,3,64,"Shawshank Redemption, The (1994)",4.4452,Drama
23,4,178,12 Angry Men (1957),4.344,Drama
23,5,963,Some Folks Call It a Sling Blade (1993),4.2927,Drama
24,1,1449,Pather Panchali (1955),4.625,Drama
24,2,483,Casablanca (1942),4.4568,Drama
24,3,134,Citizen Kane (1941),4.2929,Drama
24,4,963,Some Folks Call It a Sling Blade (1993),4.2927,Drama
24,5,285,Secrets & Lies (1996),4.2654,Drama
25,1,251,Shall We Dance? (1996),4.2609,Comedy
25,2,316,As Good As It Gets (1997),4.1964,Comedy
25,3,170,Cinema Paradiso (1988),4.1736,Comedy
25,4,1007,Waiting for Guffman (1996),4.1277,Comedy
25,5,1251,A Chef in Love (1996),4.125,Comedy
26,1,1449,Pather Panchali (1955),4.625,Drama
26,2,318,Schindler's List (1993),4.4664,Drama
26,3,483,Casablanca (1942),4.4568,Drama
26,4,64,"Shawshank Redemption, The (1994)",4.4452,Drama
26,5,178,12 Angry Men (1957),4.344,Drama
27,1,408,"Close Shave, A (1995)",4.4911,Thriller
27,2,603,Rear Window (1954),4.3876,Thriller
27,3,12,"Usual Suspects, The (1995)",4.3858,Thriller
27,4,513,"Third Man, The (1949)",4.3333,Thriller
27,5,963,Some Folks Call It a Sling Blade (1993),4.2927,Thriller
28,1,408,"Close Shave, A (1995)",4.4911,Thriller
28,2,513,"Third Man, The (1949)",4.3333,Thriller
28,3,963,Some Folks Call It a Sling Blade (1993),4.2927,Thriller
28,4,657,"Manchurian Candidate, The (1962)",4.2595,Thriller
28,5,302,L.A. Confidential (1997),4.1616,Thriller
29,1,408,"Close Shave, A (1995)",4.4911,Thriller
29,2,603,Rear Window (1954),4.3876,Thriller
29,3,513,"Third Man, The (1949)",4.3333,Thriller
29,4,963,Some Folks Call It a Sling Blade (1993),4.2927,Thriller
29,5,479,Vertigo (1958),4.2514,Thriller
30,1,408,"Close Shave, A (1995)",4.4911,Comedy
30,2,169,"Wrong Trousers, The (1993)",4.4661,Comedy
30,3,480,North by Northwest (1959),4.2849,Comedy
30,4,251,Shall We Dance? (1996),4.2609,Comedy
30,5,316,As Good As It Gets (1997),4.1964,Comedy
31,1,1449,Pather Panchali (1955),4.625,Drama
31,2,318,Schindler's List (1993),4.4664,Drama
31,3,483,Casablanca (1942),4.4568,Drama
31,4,64,"Shawshank Redemption, The (1994)",4.4452,Drama
31,5,178,12 Angry Men (1957),4.344,Drama
32,1,169,"Wrong Trousers, The (1993)",4.4661,Comedy
32,2,480,North by Northwest (1959),4.2849,Comedy
32,3,251,Shall We Dance? (1996),4.2609,Comedy
32,4,316,As Good As It Gets (1997),4.1964,Comedy
32,5,170,Cinema Paradiso (1988),4.1736,Comedy
33,1,408,"Close Shave, A (1995)",4.4911,Thriller
33,2,603,Rear Window (1954),4.3876,Thriller
33,3,12,"Usual Suspects, The (1995)",4.3858,Thriller
33,4,513,"Third Man, The (1949)",4.3333,Thriller
33,5,963,Some Folks Call It a Sling Blade (1993),4.2927,Thriller
34,1,1449,Pather Panchali (1955),4.625,Drama
34,2,318,Schindler's List (1993),4.4664,Drama
34,3,483,Casablanca (1942),4.4568,Drama
34,4,64,"Shawshank Redemption, The (1994)",4.4452,Drama
34,5,178,12 Angry Men (1957),4.344,Drama
35,1,50,Star Wars (1977),4.3585,Action
35,2,127,"Godfather, The (1972)",4.2833,Action
35,3,174,Raiders of the Lost Ark (1981),4.2524,Action
35,4,313,Titanic (1997),4.2457,Action
35,5,172,"Empire Strikes Back, The (1980)",4.2044,Action
36,1,1449,Pather Panchali (1955),4.625,Drama
36,2,318,Schindler's List (1993),4.4664,Drama
36,3,483,Casablanca (1942),4.4568,Drama
36,4,64,"Shawshank Redemption, The (1994)",4.4452,Drama
36,5,178,12 Angry Men (1957),4.344,Drama
37,1,313,Titanic (1997),4.2457,Action
37,2,515,"Boot, Das (1981)",4.204,Action
37,3,187,"Godfather: Part II, The (1974)",4.1866,Action
37,4,498,"African Queen, The (1951)",4.1842,Action
37,5,173,"Princess Bride, The (1987)",4.1728,Action
38,1,408,"Close Shave, A (1995)",4.4911,Comedy
38,2,169,"Wrong Trousers, The (1993)",4.4661,Comedy
38,3,480,North by Northwest (1959),4.2849,Comedy
38,4,251,Shall We Dance? (1996),4.2609,Comedy
38,5,316,As Good As It Gets (1997),4.1964,Comedy
39,1,1449,Pather Panchali (1955),4.625,Drama
39,2,318,Schindler's List (1993),4.4664,Drama
39,3,483,Casablanca (1942),4.4568,Drama
39,4,64,"Shawshank Redemption, The (1994)",4.4452,Drama
39,5,178,12 Angry Men (1957),4.344,Drama
40,1,1449,Pather Panchali (1955),4.625,Drama
40,2,318,Schindler's List (1993),4.4664,Drama
40,3,483,Casablanca (1942),4.4568,Drama
40,4,64,"Shawshank Redemption, The (1994)",4.4452,Drama
40,5,178,12 Angry Men (1957),4.344,Drama
41,1,1449,Pather Panchali (1955),4.625,Drama
41,2,483,Casablanca (1942),4.4568,Drama
41,3,64,"Shawshank Redemption, The (1994)",4.4452,Drama
41,4,178,12 Angry Men (1957),4.344,Drama
41,5,134,Citizen Kane (1941),4.2929,Drama
42,1,1449,Pather Panchali (1955),4.625,Drama
42,2,483,Casablanca (1942),4.4568,Drama
42,3,178,12 Angry Men (1957),4.344,Drama
42,4,134,Citizen Kane (1941),4.2929,Drama
42,5,963,Some Folks Call It a Sling Blade (1993),4.2927,Drama
43,1,480,North by Northwest (1959),4.2849,Comedy
43,2,251,Shall We Dance? (1996),4.2609,Comedy
43,3,170,Cinema Paradiso (1988),4.1736,Comedy
43,4,1007,Waiting for Guffman (1996),4.1277,Comedy
43,5,1251,A Chef in Love (1996),4.125,Comedy
44,1,1449,Pather Panchali (1955),4.625,Drama
44,2,483,Casablanca (1942),4.4568,Drama
44,3,178,12 Angry Men (1957),4.344,Drama
44,4,134,Citizen Kane (1941),4.2929,Drama
44,5,963,Some Folks Call It a Sling Blade (1993),4.2927,Drama
45,1,408,"Close Shave, A (1995)",4.4911,Comedy
45,2,169,"Wrong Trousers, The (1993)",4.4661,Comedy
45,3,480,North by Northwest (1959),4.2849,Comedy
45,4,251,Shall We Dance? (1996),4.2609,Comedy
45,5,316,As Good As It Gets (1997),4.1964,Comedy
46,1,1449,Pather Panchali (1955),4.625,Drama
46,2,318,Schindler's List (1993),4.4664,Drama
46,3,483,Casablanca (1942),4.4568,Drama
46,4,64,"Shawshank Redemption, The (1994)",4.4452,Drama
46,5,178,12 Angry Men (1957),4.344,Drama
47,1,1449,Pather Panchali (1955),4.625,Drama
47,2,318,Schindler's List (1993),4.4664,Drama
47,3,483,Casablanca (1942),4.4568,Drama
47,4,64,"Shawshank Redemption, The (1994)",4.4452,Drama
47,5,178,12 Angry Men (1957),4.344,Drama
48,1,1449,Pather Panchali (1955),4.625,Drama
48,2,318,Schindler's List (1993),4.4664,Drama
48,3,64,"Shawshank Redemption, The (1994)",4.4452,Drama
48,4,178,12 Angry Men (1957),4.344,Drama
48,5,134,Citizen Kane (1941),4.2929,Drama
49,1,408,"Close Shave, A (1995)",4.4911,Comedy
49,2,169,"Wrong Trousers, The (1993)",4.4661,Comedy
49,3,480,North by Northwest (1959),4.2849,Comedy
49,4,251,Shall We Dance? (1996),4.2609,Comedy
49,5,316,As Good As It Gets (1997),4.1964,Comedy
50,1,1449,Pather Panchali (1955),4.625,Drama
50,2,318,Schindler's List (1993),4.4664,Drama
50,3,483,Casablanca (1942),4.4568,Drama
50,4,64,"Shawshank Redemption, The (1994)",4.4452,Drama
50,5,178,12 Angry Men (1957),4.344,Drama
51,1,174,Raiders of the Lost Ark (1981),4.2524,Adventure
51,2,511,Lawrence of Arabia (1962),4.2312,Adventure
51,3,498,"African Queen, The (1951)",4.1842,Adventure
51,4,520,"Great Escape, The (1963)",4.1048,Adventure
51,5,519,"Treasure of the Sierra Madre, The (1948)",4.1,Adventure
52,1,1449,Pather Panchali (1955),4.625,Drama
52,2,483,Casablanca (1942),4.4568,Drama
52,3,64,"Shawshank Redemption, The (1994)",4.4452,Drama
52,4,178,12 Angry Men (1957),4.344,Drama
52,5,134,Citizen Kane (1941),4.2929,Drama
53,1,127,"Godfather, The (1972)",4.2833,Action
53,2,313,Titanic (1997),4.2457,Action
53,3,172,"Empire Strikes Back, The (1980)",4.2044,Action
53,4,515,"Boot, Das (1981)",4.204,Action
53,5,187,"Godfather: Part II, The (1974)",4.1866,Action
54,1,408,"Close Shave, A (1995)",4.4911,Thriller
54,2,603,Rear Window (1954),4.3876,Thriller
54,3,12,"Usual Suspects, The (1995)",4.3858,Thriller
54,4,513,"Third Man, The (1949)",4.3333,Thriller
54,5,963,Some Folks Call It a Sling Blade (1993),4.2927,Thriller
55,1,127,"Godfather, The (1972)",4.2833,Action
55,2,313,Titanic (1997),4.2457,Action
55,3,172,"Empire Strikes Back, The (1980)",4.2044,Action
55,4,515,"Boot, Das (1981)",4.204,Action
55,5,187,"Godfather: Part II, The (1974)",4.1866,Action
56,1,480,North by Northwest (1959),4.2849,Comedy
56,2,251,Shall We Dance? (1996),4.2609,Comedy
56,3,316,As Good As It Gets (1997),4.1964,Comedy
56,4,170,Cinema Paradiso (1988),4.1736,Comedy
56,5,1007,Waiting for Guffman (1996),4.1277,Comedy
57,1,408,"Close Shave, A (1995)",4.4911,Comedy
57,2,169,"Wrong Trousers, The (1993)",4.4661,Comedy
57,3,480,North by Northwest (1959),4.2849,Comedy
57,4,251,Shall We Dance? (1996),4.2609,Comedy
57,5,316,As Good As It Gets (1997),4.1964,Comedy
58,1,1449,Pather Panchali (1955),4.625,Drama
58,2,178,12 Angry Men (1957),4.344,Drama
58,3,963,Some Folks Call It a Sling Blade (1993),4.2927,Drama
58,4,427,To Kill a Mockingbird (1962),4.2922,Drama
58,5,357,One Flew Over the Cuckoo's Nest (1975),4.2917,Drama
59,1,1449,Pather Panchali (1955),4.625,Drama
59,2,178,12 Angry Men (1957),4.344,Drama
59,3,272,Good Will Hunting (1997),4.2626,Drama
59,4,1524,Kaspar Hauser (1993),4.25,Drama
59,5,641,Paths of Glory (1957),4.2121,Drama
60,1,1449,Pather Panchali (1955),4.625,Drama
60,2,318,Schindler's List (1993),4.4664,Drama
60,3,963,Some Folks Call It a Sling Blade (1993),4.2927,Drama
60,4,127,"Godfather, The (1972)",4.2833,Drama
60,5,285,Secrets & Lies (1996),4.2654,Drama
61,1,408,"Close Shave, A (1995)",4.4911,Thriller
61,2,603,Rear Window (1954),4.3876,Thriller
61,3,12,"Usual Suspects, The (1995)",4.3858,Thriller
61,4,513,"Third Man, The (1949)",4.3333,Thriller
61,5,963,Some Folks Call It a Sling Blade (1993),4.2927,Thriller
62,1,1449,Pather Panchali (1955),4.625,Drama
62,2,178,12 Angry Men (1957),4.344,Drama
62,3,963,Some Folks Call It a Sling Blade (1993),4.2927,Drama
62,4,427,To Kill a Mockingbird (1962),4.2922,Drama
62,5,272,Good Will Hunting (1997),4.2626,Drama
63,1,1449,Pather Panchali (1955),4.625,Drama
63,2,318,Schindler's List (1993),4.4664,Drama
63,3,483,Casablanca (1942),4.4568,Drama
63,4,64,"Shawshank Redemption, The (1994)",4.4452,Drama
63,5,178,12 Angry Men (1957),4.344,Drama
64,1,1449,Pather Panchali (1955),4.625,Drama
64,2,483,Casablanca (1942),4.4568,Drama
64,3,178,12 Angry Men (1957),4.344,Drama
64,4,134,Citizen Kane (1941),4.2929,Drama
64,5,963,Some Folks Call It a Sling Blade (1993),4.2927,Drama
65,1,1449,Pather Panchali (1955),4.625,Drama
65,2,483,Casablanca (1942),4.4568,Drama
65,3,134,Citizen Kane (1941),4.2929,Drama
65,4,963,Some Folks Call It a Sling Blade (1993),4.2927,Drama
65,5,357,One Flew Over the Cuckoo's Nest (1975),4.2917,Drama
66,1,174,Raiders of the Lost Ark (1981),4.2524,Action
66,2,313,Titanic (1997),4.2457,Action
66,3,172,"Empire Strikes Back, The (1980)",4.2044,Action
66,4,515,"Boot, Das (1981)",4.204,Action
66,5,187,"Godfather: Part II, The (1974)",4.1866,Action
67,1,408,"Close Shave, A (1995)",4.4911,Comedy
67,2,169,"Wrong Trousers, The (1993)",4.4661,Comedy
67,3,480,North by Northwest (1959),4.2849,Comedy
67,4,251,Shall We Dance? (1996),4.2609,Comedy
67,5,316,As Good As It Gets (1997),4.1964,Comedy
68,1,1449,Pather Panchali (1955),4.625,Drama
68,2,318,Schindler's List (1993),4.4664,Drama
68,3,483,Casablanca (1942),4.4568,Drama
68,4,64,"Shawshank Redemption, The (1994)",4.4452,Drama
68,5,134,Citizen Kane (1941),4.2929,Drama
69,1,1449,Pather Panchali (1955),4.625,Drama
69,2,318,Schindler's List (1993),4.4664,Drama
69,3,483,Casablanca (1942),4.4568,Drama
69,4,64,"Shawshank Redemption, The (1994)",4.4452,Drama
69,5,178,12 Angry Men (1957),4.344,Drama
70,1,127,"Godfather, The (1972)",4.2833,Action
70,2,515,"Boot, Das (1981)",4.204,Action
70,3,187,"Godfather: Part II, The (1974)",4.1866,Action
70,4,498,"African Queen, The (1951)",4.1842,Action
70,5,22,Braveheart (1995),4.1515,Action
71,1,1449,Pather Panchali (1955),4.625,Drama
71,2,318,Schindler's List (1993),4.4664,Drama
71,3,483,Casablanca (1942),4.4568,Drama
71,4,178,12 Angry Men (1957),4.344,Drama
71,5,963,Some Folks Call It a Sling Blade (1993),4.2927,Drama
72,1,1449,Pather Panchali (1955),4.625,Drama
72,2,483,Casablanca (1942),4.4568,Drama
72,3,178,12 Angry Men (1957),4.344,Drama
72,4,963,Some Folks Call It a Sling Blade (1993),4.2927,Drama
72,5,285,Secrets & Lies (1996),4.2654,Drama
73,1,1449,Pather Panchali (1955),4.625,Drama
73,2,483,Casablanca (1942),4.4568,Drama
73,3,178,12 Angry Men (1957),4.344,Drama
73,4,134,Citizen Kane (1941),4.2929,Drama
73,5,963,Some Folks Call It a Sling Blade (1993),4.2927,Drama
74,1,1449,Pather Panchali (1955),4.625,Drama
74,2,318,Schindler's List (1993),4.4664,Drama
74,3,483,Casablanca (1942),4.4568,Drama
74,4,64,"Shawshank Redemption, The (1994)",4.4452,Drama
74,5,178,12 Angry Men (1957),4.344,Drama
75,1,169,"Wrong Trousers, The (1993)",4.4661,Comedy
75,2,480,North by Northwest (1959),4.2849,Comedy
75,3,251,Shall We Dance? (1996),4.2609,Comedy
75,4,316,As Good As It Gets (1997),4.1964,Comedy
75,5,170,Cinema Paradiso (1988),4.1736,Comedy
76,1,1449,Pather Panchali (1955),4.625,Drama
76,2,483,Casablanca (1942),4.4568,Drama
76,3,178,12 Angry Men (1957),4.344,Drama
76,4,134,Citizen Kane (1941),4.2929,Drama
76,5,963,Some Folks Call It a Sling Blade (1993),4.2927,Drama
77,1,1449,Pather Panchali (1955),4.625,Drama
77,2,318,Schindler's List (1993),4.4664,Drama
77,3,64,"Shawshank Redemption, The (1994)",4.4452,Drama
77,4,178,12 Angry Men (1957),4.344,Drama
77,5,963,Some Folks Call It a Sling Blade (1993),4.2927,Drama
78,1,408,"Close Shave, A (1995)",4.4911,Comedy
78,2,169,"Wrong Trousers, The (1993)",4.4661,Comedy
78,3,480,North by Northwest (1959),4.2849,Comedy
78,4,251,Shall We Dance? (1996),4.2609,Comedy
78,5,316,As Good As It Gets (1997),4.1964,Comedy
79,1,1449,Pather Panchali (1955),4.625,Drama
79,2,318,Schindler's List (1993),4.4664,Drama
79,3,483,Casablanca (1942),4.4568,Drama
79,4,64,"Shawshank Redemption, The (1994)",4.4452,Drama
79,5,178,12 Angry Men (1957),4.344,Drama
80,1,1449,Pather Panchali (1955),4.625,Drama
80,2,318,Schindler's List (1993),4.4664,Drama
80,3,178,12 Angry Men (1957),4.344,Drama
80,4,134,Citizen Kane (1941),4.2929,Drama
80,5,963,Some Folks Call It a Sling Blade (1993),4.2927,Drama
81,1,408,"Close Shave, A (1995)",4.4911,Comedy
81,2,480,North by Northwest (1959),4.2849,Comedy
81,3,251,Shall We Dance? (1996),4.2609,Comedy
81,4,316,As Good As It Gets (1997),4.1964,Comedy
81,5,170,Cinema Paradiso (1988),4.1736,Comedy
82,1,1449,Pather Panchali (1955),4.625,Drama
82,2,963,Some Folks Call It a Sling Blade (1993),4.2927,Drama
82,3,427,To Kill a Mockingbird (1962),4.2922,Drama
82,4,98,"Silence of the Lambs, The (1991)",4.2897,Drama
82,5,285,Secrets & Lies (1996),4.2654,Drama
83,1,408,"Close Shave, A (1995)",4.4911,Comedy
83,2,169,"Wrong Trousers, The (1993)",4.4661,Comedy
83,3,480,North by Northwest (1959),4.2849,Comedy
83,4,251,Shall We Dance? (1996),4.2609,Comedy
83,5,316,As Good As It Gets (1997),4.1964,Comedy
84,1,1449,Pather Panchali (1955),4.625,Drama
84,2,483,Casablanca (1942),4.4568,Drama
84,3,178,12 Angry Men (1957),4.344,Drama
84,4,134,Citizen Kane (1941),4.2929,Drama
84,5,963,Some Folks Call It a Sling Blade (1993),4.2927,Drama
85,1,1449,Pather Panchali (1955),4.625,Drama
85,2,178,12 Angry Men (1957),4.344,Drama
85,3,963,Some Folks Call It a Sling Blade (1993),4.2927,Drama
85,4,285,Secrets & Lies (1996),4.2654,Drama
85,5,1524,Kaspar Hauser (1993),4.25,Drama
86,1,1449,Pather Panchali (1955),4.625,Drama
86,2,318,Schindler's List (1993),4.4664,Drama
86,3,483,Casablanca (1942),4.4568,Drama
86,4,64,"Shawshank Redemption, The (1994)",4.4452,Drama
86,5,178,12 Angry Men (1957),4.344,Drama
87,1,408,"Close Shave, A (1995)",4.4911,Comedy
87,2,169,"Wrong Trousers, The (1993)",4.4661,Comedy
87,3,480,North by Northwest (1959),4.2849,Comedy
87,4,251,Shall We Dance? (1996),4.2609,Comedy
87,5,316,As Good As It Gets (1997),4.1964,Comedy
88,1,1449,Pather Panchali (1955),4.625,Drama
88,2,318,Schindler's List (1993),4.4664,Drama
88,3,483,Casablanca (1942),4.4568,Drama
88,4,64,"Shawshank Redemption, The (1994)",4.4452,Drama
88,5,178,12 Angry Men (1957),4.344,Drama
89,1,1449,Pather Panchali (1955),4.625,Drama
89,2,318,Schindler's List (1993),4.4664,Drama
89,3,483,Casablanca (1942),4.4568,Drama
89,4,64,"Shawshank Redemption, The (1994)",4.4452,Drama
89,5,178,12 Angry Men (1957),4.344,Drama
90,1,1449,Pather Panchali (1955),4.625,Drama
90,2,963,Some Folks Call It a Sling Blade (1993),4.2927,Drama
90,3,1524,Kaspar Hauser (1993),4.25,Drama
90,4,641,Paths of Glory (1957),4.2121,Drama
90,5,172,"Empire Strikes Back, The (1980)",4.2044,Drama
91,1,1449,Pather Panchali (1955),4.625,Drama
91,2,178,12 Angry Men (1957),4.344,Drama
91,3,963,Some Folks Call It a Sling Blade (1993),4.2927,Drama
91,4,285,Secrets & Lies (1996),4.2654,Drama
91,5,272,Good Will Hunting (1997),4.2626,Drama
92,1,1449,Pather Panchali (1955),4.625,Drama
92,2,483,Casablanca (1942),4.4568,Drama
92,3,178,12 Angry Men (1957),4.344,Drama
92,4,427,To Kill a Mockingbird (1962),4.2922,Drama
92,5,357,One Flew Over the Cuckoo's Nest (1975),4.2917,Drama
93,1,408,"Close Shave, A (1995)",4.4911,Comedy
93,2,169,"Wrong Trousers, The (1993)",4.4661,Comedy
93,3,480,North by Northwest (1959),4.2849,Comedy
93,4,251,Shall We Dance? (1996),4.2609,Comedy
93,5,316,As Good As It Gets (1997),4.1964,Comedy
94,1,1449,Pather Panchali (1955),4.625,Drama
94,2,178,12 Angry Men (1957),4.344,Drama
94,3,963,Some Folks Call It a Sling Blade (1993),4.2927,Drama
94,4,427,To Kill a Mockingbird (1962),4.2922,Drama
94,5,285,Secrets & Lies (1996),4.2654,Drama
95,1,1449,Pather Panchali (1955),4.625,Drama
95,2,318,Schindler's List (1993),4.4664,Drama
95,3,134,Citizen Kane (1941),4.2929,Drama
95,4,963,Some Folks Call It a Sling Blade (1993),4.2927,Drama
95,5,427,To Kill a Mockingbird (1962),4.2922,Drama
96,1,1449,Pather Panchali (1955),4.625,Drama
96,2,178,12 Angry Men (1957),4.344,Drama
96,3,134,Citizen Kane (1941),4.2929,Drama
96,4,963,Some Folks Call It a Sling Blade (1993),4.2927,Drama
96,5,427,To Kill a Mockingbird (1962),4.2922,Drama
97,1,1449,Pather Panchali (1955),4.625,Drama
97,2,318,Schindler's List (1993),4.4664,Drama
97,3,483,Casablanca (1942),4.4568,Drama
97,4,64,"Shawshank Redemption, The (1994)",4.4452,Drama
97,5,178,12 Angry Men (1957),4.344,Drama
98,1,408,"Close Shave, A (1995)",4.4911,Comedy
98,2,169,"Wrong Trousers, The (1993)",4.4661,Comedy
98,3,480,North by Northwest (1959),4.2849,Comedy
98,4,251,Shall We Dance? (1996),4.2609,Comedy
98,5,316,As Good As It Gets (1997),4.1964,Comedy
99,1,1449,Pather Panchali (1955),4.625,Drama
99,2,318,Schindler's List (1993),4.4664,Drama
99,3,483,Casablanca (1942),4.4568,Drama
99,4,178,12 Angry Men (1957),4.344,Drama
99,5,134,Citizen Kane (1941),4.2929,Drama
100,1,1449,Pather Panchali (1955),4.625,Drama
100,2,318,Schindler's List (1993),4.4664,Drama
100,3,483,Casablanca (1942),4.4568,Drama
100,4,64,"Shawshank Redemption, The (1994)",4.4452,Drama
100,5,178,12 Angry Men (1957),4.344,Drama
101,1,408,"Close Shave, A (1995)",4.4911,Comedy
101,2,169,"Wrong Trousers, The (1993)",4.4661,Comedy
101,3,480,North by Northwest (1959),4.2849,Comedy
101,4,251,Shall We Dance? (1996),4.2609,Comedy
101,5,316,As Good As It Gets (1997),4.1964,Comedy
102,1,498,"African Queen, The (1951)",4.1842,Action
102,2,22,Braveheart (1995),4.1515,Action
102,3,651,Glory (1989),4.076,Action
102,4,1019,"Die xue shuang xiong (Killer, The) (1989)",3.9677,Action
102,5,28,Apollo 13 (1995),3.9312,Action
103,1,174,Raiders of the Lost Ark (1981),4.2524,Action
103,2,313,Titanic (1997),4.2457,Action
103,3,172,"Empire Strikes Back, The (1980)",4.2044,Action
103,4,515,"Boot, Das (1981)",4.204,Action
103,5,187,"Godfather: Part II, The (1974)",4.1866,Action
104,1,1449,Pather Panchali (1955),4.625,Drama
104,2,318,Schindler's List (1993),4.4664,Drama
104,3,483,Casablanca (1942),4.4568,Drama
104,4,64,"Shawshank Redemption, The (1994)",4.4452,Drama
104,5,178,12 Angry Men (1957),4.344,Drama
105,1,1449,Pather Panchali (1955),4.625,Drama
105,2,318,Schindler's List (1993),4.4664,Drama
105,3,483,Casablanca (1942),4.4568,Drama
105,4,64,"Shawshank Redemption, The (1994)",4.4452,Drama
105,5,178,12 Angry Men (1957),4.344,Drama
106,1,1449,Pather Panchali (1955),4.625,Drama
106,2,483,Casablanca (1942),4.4568,Drama
106,3,178,12 Angry Men (1957),4.344,Drama
106,4,134,Citizen Kane (1941),4.2929,Drama
106,5,963,Some Folks Call It a Sling Blade (1993),4.2927,Drama
107,1,1449,Pather Panchali (1955),4.625,Drama
107,2,318,Schindler's List (1993),4.4664,Drama
107,3,483,Casablanca (1942),4.4568,Drama
107,4,64,"Shawshank Redemption, The (1994)",4.4452,Drama
107,5,178,12 Angry Men (1957),4.344,Drama
108,1,1449,Pather Panchali (1955),4.625,Drama
108,2,318,Schindler's List (1993),4.4664,Drama
108,3,483,Casablanca (1942),4.4568,Drama
108,4,64,"Shawshank Redemption, The (1994)",4.4452,Drama
108,5,178,12 Angry Men (1957),4.344,Drama
109,1,313,Titanic (1997),4.2457,Action
109,2,515,"Boot, Das (1981)",4.204,Action
109,3,187,"Godfather: Part II, The (1974)",4.1866,Action
109,4,498,"African Queen, The (1951)",4.1842,Action
109,5,651,Glory (1989),4.076,Action
110,1,50,Star Wars (1977),4.3585,Action
110,2,127,"Godfather, The (1972)",4.2833,Action
110,3,174,Raiders of the Lost Ark (1981),4.2524,Action
110,4,172,"Empire Strikes Back, The (1980)",4.2044,Action
110,5,515,"Boot, Das (1981)",4.204,Action
111,1,1449,Pather Panchali (1955),4.625,Drama
111,2,318,Schindler's List (1993),4.4664,Drama
111,3,483,Casablanca (1942),4.4568,Drama
111,4,64,"Shawshank Redemption, The (1994)",4.4452,Drama
111,5,178,12 Angry Men (1957),4.344,Drama
112,1,1449,Pather Panchali (1955),4.625,Drama
112,2,318,Schindler's List (1993),4.4664,Drama
112,3,483,Casablanca (1942),4.4568,Drama
112,4,64,"Shawshank Redemption, The (1994)",4.4452,Drama
112,5,178,12 Angry Men (1957),4.344,Drama
113,1,1449,Pather Panchali (1955),4.625,Drama
113,2,318,Schindler's List (1993),4.4664,Drama
113,3,483,Casablanca (1942),4.4568,Drama
113,4,64,"Shawshank Redemption, The (1994)",4.4452,Drama
113,5,178,12 Angry Men (1957),4.344,Drama
114,1,1449,Pather Panchali (1955),4.625,Drama
114,2,64,"Shawshank Redemption, The (1994)",4.4452,Drama
114,3,178,12 Angry Men (1957),4.344,Drama
114,4,134,Citizen Kane (1941),4.2929,Drama
114,5,963,Some Folks Call It a Sling Blade (1993),4.2927,Drama
115,1,1449,Pather Panchali (1955),4.625,Drama
115,2,318,Schindler's List (1993),4.4664,Drama
115,3,483,Casablanca (1942),4.4568,Drama
115,4,64,"Shawshank Redemption, The (1994)",4.4452,Drama
115,5,134,Citizen Kane (1941),4.2929,Drama
116,1,1449,Pather Panchali (1955),4.625,Drama
116,2,318,Schindler's List (1993),4.4664,Drama
116,3,483,Casablanca (1942),4.4568,Drama
116,4,64,"Shawshank Redemption, The (1994)",4.4452,Drama
116,5,178,12 Angry Men (1957),4.344,Drama
117,1,127,"Godfather, The (1972)",4.2833,Action
117,2,515,"Boot, Das (1981)",4.204,Action
117,3,187,"Godfather: Part II, The (1974)",4.1866,Action
117,4,498,"African Queen, The (1951)",4.1842,Action
117,5,22,Braveheart (1995),4.1515,Action
118,1,1449,Pather Panchali (1955),4.625,Drama
118,2,318,Schindler's List (1993),4.4664,Drama
118,3,483,Casablanca (1942),4.4568,Drama
118,4,64,"Shawshank Redemption, The (1994)",4.4452,Drama
118,5,178,12 Angry Men (1957),4.344,Drama
119,1,1449,Pather Panchali (1955),4.625,Drama
119,2,318,Schindler's List (1993),4.4664,Drama
119,3,483,Casablanca (1942),4.4568,Drama
119,4,178,12 Angry Men (1957),4.344,Drama
119,5,134,Citizen Kane (1941),4.2929,Drama
120,1,1449,Pather Panchali (1955),4.625,Drama
120,2,318,Schindler's List (1993),4.4664,Drama
120,3,483,Casablanca (1942),4.4568,Drama
120,4,64,"Shawshank Redemption, The (1994)",4.4452,Drama
120,5,178,12 Angry Men (1957),4.344,Drama
121,1,1449,Pather Panchali (1955),4.625,Drama
121,2,483,Casablanca (1942),4.4568,Drama
121,3,64,"Shawshank Redemption, The (1994)",4.4452,Drama
121,4,178,12 Angry Men (1957),4.344,Drama
121,5,134,Citizen Kane (1941),4.2929,Drama
122,1,1449,Pather Panchali (1955),4.625,Drama
122,2,318,Schindler's List (1993),4.4664,Drama
122,3,483,Casablanca (1942),4.4568,Drama
122,4,64,"Shawshank Redemption, The (1994)",4.4452,Drama
122,5,178,12 Angry Men (1957),4.344,Drama
123,1,1449,Pather Panchali (1955),4.625,Drama
123,2,318,Schindler's List (1993),4.4664,Drama
123,3,178,12 Angry Men (1957),4.344,Drama
123,4,963,Some Folks Call It a Sling Blade (1993),4.2927,Drama
123,5,357,One Flew Over the Cuckoo's Nest (1975),4.2917,Drama
124,1,127,"Godfather, The (1972)",4.2833,Action
124,2,313,Titanic (1997),4.2457,Action
124,3,515,"Boot, Das (1981)",4.204,Action
124,4,187,"Godfather: Part II, The (1974)",4.1866,Action
124,5,498,"African Queen, The (1951)",4.1842,Action
125,1,408,"Close Shave, A (1995)",4.4911,Comedy
125,2,169,"Wrong Trousers, The (1993)",4.4661,Comedy
125,3,480,North by Northwest (1959),4.2849,Comedy
125,4,251,Shall We Dance? (1996),4.2609,Comedy
125,5,316,As Good As It Gets (1997),4.1964,Comedy
126,1,1449,Pather Panchali (1955),4.625,Drama
126,2,318,Schindler's List (1993),4.4664,Drama
126,3,483,Casablanca (1942),4.4568,Drama
126,4,64,"Shawshank Redemption, The (1994)",4.4452,Drama
126,5,178,12 Angry Men (1957),4.344,Drama
127,1,127,"Godfather, The (1972)",4.2833,Action
127,2,174,Raiders of the Lost Ark (1981),4.2524,Action
127,3,313,Titanic (1997),4.2457,Action
127,4,172,"Empire Strikes Back, The (1980)",4.2044,Action
127,5,515,"Boot, Das (1981)",4.204,Action
128,1,1449,Pather Panchali (1955),4.625,Drama
128,2,318,Schindler's List (1993),4.4664,Drama
128,3,178,12 Angry Men (1957),4.344,Drama
128,4,134,Citizen Kane (1941),4.2929,Drama
128,5,963,Some Folks Call It a Sling Blade (1993),4.2927,Drama
129,1,1449,Pather Panchali (1955),4.625,Drama
129,2,318,Schindler's List (1993),4.4664,Drama
129,3,483,Casablanca (1942),4.4568,Drama
129,4,64,"Shawshank Redemption, The (1994)",4.4452,Drama
129,5,178,12 Angry Men (1957),4.344,Drama
130,1,127,"Godfather, The (1972)",4.2833,Action
130,2,515,"Boot, Das (1981)",4.204,Action
130,3,187,"Godfather: Part II, The (1974)",4.1866,Action
130,4,498,"African Queen, The (1951)",4.1842,Action
130,5,651,Glory (1989),4.076,Action
131,1,1449,Pather Panchali (1955),4.625,Drama
131,2,318,Schindler's List (1993),4.4664,Drama
131,3,483,Casablanca (1942),4.4568,Drama
131,4,64,"Shawshank Redemption, The (1994)",4.4452,Drama
131,5,178,12 Angry Men (1957),4.344,Drama
132,1,1449,Pather Panchali (1955),4.625,Drama
132,2,318,Schindler's List (1993),4.4664,Drama
132,3,483,Casablanca (1942),4.4568,Drama
132,4,64,"Shawshank Redemption, The (1994)",4.4452,Drama
132,5,178,12 Angry Men (1957),4.344,Drama
133,1,1449,Pather Panchali (1955),4.625,Drama
133,2,318,Schindler's List (1993),4.4664,Drama
133,3,483,Casablanca (1942),4.4568,Drama
133,4,64,"Shawshank Redemption, The (1994)",4.4452,Drama
133,5,178,12 Angry Men (1957),4.344,Drama
134,1,1449,Pather Panchali (1955),4.625,Drama
134,2,318,Schindler's List (1993),4.4664,Drama
134,3,483,Casablanca (1942),4.4568,Drama
134,4,64,"Shawshank Redemption, The (1994)",4.4452,Drama
134,5,178,12 Angry Men (1957),4.344,Drama
135,1,408,"Close Shave, A (1995)",4.4911,Thriller
135,2,513,"Third Man, The (1949)",4.3333,Thriller
135,3,963,Some Folks Call It a Sling Blade (1993),4.2927,Thriller
135,4,480,North by Northwest (1959),4.2849,Thriller
135,5,657,"Manchurian Candidate, The (1962)",4.2595,Thriller
136,1,1449,Pather Panchali (1955),4.625,Drama
136,2,483,Casablanca (1942),4.4568,Drama
136,3,64,"Shawshank Redemption, The (1994)",4.4452,Drama
136,4,178,12 Angry Men (1957),4.344,Drama
136,5,134,Citizen Kane (1941),4.2929,Drama
137,1,127,"Godfather, The (1972)",4.2833,Action
137,2,313,Titanic (1997),4.2457,Action
137,3,515,"Boot, Das (1981)",4.204,Action
137,4,187,"Godfather: Part II, The (1974)",4.1866,Action
137,5,498,"African Queen, The (1951)",4.1842,Action
138,1,1449,Pather Panchali (1955),4.625,Drama
138,2,64,"Shawshank Redemption, The (1994)",4.4452,Drama
138,3,178,12 Angry Men (1957),4.344,Drama
138,4,134,Citizen Kane (1941),4.2929,Drama
138,5,963,Some Folks Call It a Sling Blade (1993),4.2927,Drama
139,1,1449,Pather Panchali (1955),4.625,Drama
139,2,318,Schindler's List (1993),4.4664,Drama
139,3,483,Casablanca (1942),4.4568,Drama
139,4,64,"Shawshank Redemption, The (1994)",4.4452,Drama
139,5,178,12 Angry Men (1957),4.344,Drama
140,1,1449,Pather Panchali (1955),4.625,Drama
140,2,318,Schindler's List (1993),4.4664,Drama
140,3,483,Casablanca (1942),4.4568,Drama
140,4,64,"Shawshank Redemption, The (1994)",4.4452,Drama
140,5,178,12 Angry Men (1957),4.344,Drama
141,1,408,"Close Shave, A (1995)",4.4911,Comedy
141,2,169,"Wrong Trousers, The (1993)",4.4661,Comedy
141,3,480,North by Northwest (1959),4.2849,Comedy
141,4,251,Shall We Dance? (1996),4.2609,Comedy
141,5,316,As Good As It Gets (1997),4.1964,Comedy
142,1,480,North by Northwest (1959),4.2849,Comedy
142,2,251,Shall We Dance? (1996),4.2609,Comedy
142,3,316,As Good As It Gets (1997),4.1964,Comedy
142,4,170,Cinema Paradiso (1988),4.1736,Comedy
142,5,173,"Princess Bride, The (1987)",4.1728,Comedy
143,1,408,"Close Shave, A (1995)",4.4911,Thriller
143,2,603,Rear Window (1954),4.3876,Thriller
143,3,12,"Usual Suspects, The (1995)",4.3858,Thriller
143,4,513,"Third Man, The (1949)",4.3333,Thriller
143,5,963,Some Folks Call It a Sling Blade (1993),4.2927,Thriller
144,1,1449,Pather Panchali (1955),4.625,Drama
144,2,483,Casablanca (1942),4.4568,Drama
144,3,178,12 Angry Men (1957),4.344,Drama
144,4,134,Citizen Kane (1941),4.2929,Drama
144,5,427,To Kill a Mockingbird (1962),4.2922,Drama
145,1,1449,Pather Panchali (1955),4.625,Drama
145,2,318,Schindler's List (1993),4.4664,Drama
145,3,483,Casablanca (1942),4.4568,Drama
145,4,178,12 Angry Men (1957),4.344,Drama
145,5,963,Some Folks Call It a Sling Blade (1993),4.2927,Drama
146,1,1449,Pather Panchali (1955),4.625,Drama
146,2,318,Schindler's List (1993),4.4664,Drama
146,3,483,Casablanca (1942),4.4568,Drama
146,4,64,"Shawshank Redemption, The (1994)",4.4452,Drama
146,5,178,12 Angry Men (1957),4.344,Drama
147,1,1449,Pather Panchali (1955),4.625,Drama
147,2,318,Schindler's List (1993),4.4664,Drama
147,3,483,Casablanca (1942),4.4568,Drama
147,4,64,"Shawshank Redemption, The (1994)",4.4452,Drama
147,5,178,12 Angry Men (1957),4.344,Drama
148,1,1449,Pather Panchali (1955),4.625,Drama
148,2,318,Schindler's List (1993),4.4664,Drama
148,3,483,Casablanca (1942),4.4568,Drama
148,4,64,"Shawshank Redemption, The (1994)",4.4452,Drama
148,5,178,12 Angry Men (1957),4.344,Drama
149,1,1449,Pather Panchali (1955),4.625,Drama
149,2,318,Schindler's List (1993),4.4664,Drama
149,3,483,Casablanca (1942),4.4568,Drama
149,4,64,"Shawshank Redemption, The (1994)",4.4452,Drama
149,5,178,12 Angry Men (1957),4.344,Drama
150,1,1449,Pather Panchali (1955),4.625,Drama
150,2,318,Schindler's List (1993),4.4664,Drama
150,3,483,Casablanca (1942),4.4568,Drama
150,4,64,"Shawshank Redemption, The (1994)",4.4452,Drama
150,5,178,12 Angry Men (1957),4.344,Drama
151,1,1449,Pather Panchali (1955),4.625,Drama
151,2,963,Some Folks Call It a Sling Blade (1993),4.2927,Drama
151,3,127,"Godfather, The (1972)",4.2833,Drama
151,4,285,Secrets & Lies (1996),4.2654,Drama
151,5,272,Good Will Hunting (1997),4.2626,Drama
152,1,408,"Close Shave, A (1995)",4.4911,Comedy
152,2,169,"Wrong Trousers, The (1993)",4.4661,Comedy
152,3,480,North by Northwest (1959),4.2849,Comedy
152,4,251,Shall We Dance? (1996),4.2609,Comedy
152,5,316,As Good As It Gets (1997),4.1964,Comedy
153,1,1449,Pather Panchali (1955),4.625,Drama
153,2,318,Schindler's List (1993),4.4664,Drama
153,3,483,Casablanca (1942),4.4568,Drama
153,4,178,12 Angry Men (1957),4.344,Drama
153,5,134,Citizen Kane (1941),4.2929,Drama
154,1,1449,Pather Panchali (1955),4.625,Drama
154,2,318,Schindler's List (1993),4.4664,Drama
154,3,483,Casablanca (1942),4.4568,Drama
154,4,64,"Shawshank Redemption, The (1994)",4.4452,Drama
154,5,178,12 Angry Men (1957),4.344,Drama
155,1,408,"Close Shave, A (1995)",4.4911,Thriller
155,2,603,Rear Window (1954),4.3876,Thriller
155,3,12,"Usual Suspects, The (1995)",4.3858,Thriller
155,4,513,"Third Man, The (1949)",4.3333,Thriller
155,5,963,Some Folks Call It a Sling Blade (1993),4.2927,Thriller
156,1,1449,Pather Panchali (1955),4.625,Drama
156,2,483,Casablanca (1942),4.4568,Drama
156,3,134,Citizen Kane (1941),4.2929,Drama
156,4,963,Some Folks Call It a Sling Blade (1993),4.2927,Drama
156,5,427,To Kill a Mockingbird (1962),4.2922,Drama
157,1,1449,Pather Panchali (1955),4.625,Drama
157,2,318,Schindler's List (1993),4.4664,Drama
157,3,483,Casablanca (1942),4.4568,Drama
157,4,64,"Shawshank Redemption, The (1994)",4.4452,Drama
157,5,178,12 Angry Men (1957),4.344,Drama
158,1,313,Titanic (1997),4.2457,Action
158,2,515,"Boot, Das (1981)",4.204,Action
158,3,498,"African Queen, The (1951)",4.1842,Action
158,4,1019,"Die xue shuang xiong (Killer, The) (1989)",3.9677,Action
158,5,28,Apollo 13 (1995),3.9312,Action
159,1,408,"Close Shave, A (1995)",4.4911,Comedy
159,2,169,"Wrong Trousers, The (1993)",4.4661,Comedy
159,3,480,North by Northwest (1959),4.2849,Comedy
159,4,251,Shall We Dance? (1996),4.2609,Comedy
159,5,316,As Good As It Gets (1997),4.1964,Comedy
160,1,1449,Pather Panchali (1955),4.625,Drama
160,2,318,Schindler's List (1993),4.4664,Drama
160,3,64,"Shawshank Redemption, The (1994)",4.4452,Drama
160,4,178,12 Angry Men (1957),4.344,Drama
160,5,134,Citizen Kane (1941),4.2929,Drama
161,1,1449,Pather Panchali (1955),4.625,Drama
161,2,64,"Shawshank Redemption, The (1994)",4.4452,Drama
161,3,178,12 Angry Men (1957),4.344,Drama
161,4,134,Citizen Kane (1941),4.2929,Drama
161,5,963,Some Folks Call It a Sling Blade (1993),4.2927,Drama
162,1,127,"Godfather, The (1972)",4.2833,Action
162,2,313,Titanic (1997),4.2457,Action
162,3,172,"Empire Strikes Back, The (1980)",4.2044,Action
162,4,515,"Boot, Das (1981)",4.204,Action
162,5,187,"Godfather: Part II, The (1974)",4.1866,Action
163,1,1449,Pather Panchali (1955),4.625,Drama
163,2,483,Casablanca (1942),4.4568,Drama
163,3,178,12 Angry Men (1957),4.344,Drama
163,4,134,Citizen Kane (1941),4.2929,Drama
163,5,963,Some Folks Call It a Sling Blade (1993),4.2927,Drama
164,1,408,"Close Shave, A (1995)",4.4911,Thriller
164,2,603,Rear Window (1954),4.3876,Thriller
164,3,12,"Usual Suspects, The (1995)",4.3858,Thriller
164,4,513,"Third Man, The (1949)",4.3333,Thriller
164,5,963,Some Folks Call It a Sling Blade (1993),4.2927,Thriller
165,1,1449,Pather Panchali (1955),4.625,Drama
165,2,483,Casablanca (1942),4.4568,Drama
165,3,64,"Shawshank Redemption, The (1994)",4.4452,Drama
165,4,178,12 Angry Men (1957),4.344,Drama
165,5,134,Citizen Kane (1941),4.2929,Drama
166,1,408,"Close Shave, A (1995)",4.4911,Thriller
166,2,603,Rear Window (1954),4.3876,Thriller
166,3,12,"Usual Suspects, The (1995)",4.3858,Thriller
166,4,513,"Third Man, The (1949)",4.3333,Thriller
166,5,963,Some Folks Call It a Sling Blade (1993),4.2927,Thriller
167,1,1449,Pather Panchali (1955),4.625,Drama
167,2,483,Casablanca (1942),4.4568,Drama
167,3,64,"Shawshank Redemption, The (1994)",4.4452,Drama
167,4,178,12 Angry Men (1957),4.344,Drama
167,5,134,Citizen Kane (1941),4.2929,Drama
168,1,408,"Close Shave, A (1995)",4.4911,Comedy
168,2,169,"Wrong Trousers, The (1993)",4.4661,Comedy
168,3,480,North by Northwest (1959),4.2849,Comedy
168,4,251,Shall We Dance? (1996),4.2609,Comedy
168,5,316,As Good As It Gets (1997),4.1964,Comedy
169,1,1449,Pather Panchali (1955),4.625,Drama
169,2,318,Schindler's List (1993),4.4664,Drama
169,3,64,"Shawshank Redemption, The (1994)",4.4452,Drama
169,4,178,12 Angry Men (1957),4.344,Drama
169,5,963,Some Folks Call It a Sling Blade (1993),4.2927,Drama
170,1,408,"Close Shave, A (1995)",4.4911,Thriller
170,2,603,Rear Window (1954),4.3876,Thriller
170,3,12,"Usual Suspects, The (1995)",4.3858,Thriller
170,4,513,"Third Man, The (1949)",4.3333,Thriller
170,5,963,Some Folks Call It a Sling Blade (1993),4.2927,Thriller
171,1,1449,Pather Panchali (1955),4.625,Drama
171,2,318,Schindler's List (1993),4.4664,Drama
171,3,483,Casablanca (1942),4.4568,Drama
171,4,64,"Shawshank Redemption, The (1994)",4.4452,Drama
171,5,178,12 Angry Men (1957),4.344,Drama
172,1,1449,Pather Panchali (1955),4.625,Drama
172,2,318,Schindler's List (1993),4.4664,Drama
172,3,64,"Shawshank Redemption, The (1994)",4.4452,Drama
172,4,134,Citizen Kane (1941),4.2929,Drama
172,5,963,Some Folks Call It a Sling Blade (1993),4.2927,Drama
173,1,1449,Pather Panchali (1955),4.625,Drama
173,2,318,Schindler's List (1993),4.4664,Drama
173,3,483,Casablanca (1942),4.4568,Drama
173,4,64,"Shawshank Redemption, The (1994)",4.4452,Drama
173,5,178,12 Angry Men (1957),4.344,Drama
174,1,408,"Close Shave, A (1995)",4.4911,Comedy
174,2,169,"Wrong Trousers, The (1993)",4.4661,Comedy
174,3,480,North by Northwest (1959),4.2849,Comedy
174,4,251,Shall We Dance? (1996),4.2609,Comedy
174,5,316,As Good As It Gets (1997),4.1964,Comedy
175,1,1449,Pather Panchali (1955),4.625,Drama
175,2,318,Schindler's List (1993),4.4664,Drama
175,3,178,12 Angry Men (1957),4.344,Drama
175,4,134,Citizen Kane (1941),4.2929,Drama
175,5,963,Some Folks Call It a Sling Blade (1993),4.2927,Drama
176,1,1449,Pather Panchali (1955),4.625,Drama
176,2,318,Schindler's List (1993),4.4664,Drama
176,3,483,Casablanca (1942),4.4568,Drama
176,4,64,"Shawshank Redemption, The (1994)",4.4452,Drama
176,5,178,12 Angry Men (1957),4.344,Drama
177,1,1449,Pather Panchali (1955),4.625,Drama
177,2,483,Casablanca (1942),4.4568,Drama
177,3,178,12 Angry Men (1957),4.344,Drama
177,4,134,Citizen Kane (1941),4.2929,Drama
177,5,427,To Kill a Mockingbird (1962),4.2922,Drama
178,1,1449,Pather Panchali (1955),4.625,Drama
178,2,963,Some Folks Call It a Sling Blade (1993),4.2927,Drama
178,3,357,One Flew Over the Cuckoo's Nest (1975),4.2917,Drama
178,4,285,Secrets & Lies (1996),4.2654,Drama
178,5,272,Good Will Hunting (1997),4.2626,Drama
179,1,1449,Pather Panchali (1955),4.625,Drama
179,2,318,Schindler's List (1993),4.4664,Drama
179,3,483,Casablanca (1942),4.4568,Drama
179,4,64,"Shawshank Redemption, The (1994)",4.4452,Drama
179,5,178,12 Angry Men (1957),4.344,Drama
180,1,1449,Pather Panchali (1955),4.625,Drama
180,2,483,Casablanca (1942),4.4568,Drama
180,3,64,"Shawshank Redemption, The (1994)",4.4452,Drama
180,4,178,12 Angry Men (1957),4.344,Drama
180,5,134,Citizen Kane (1941),4.2929,Drama
181,1,1449,Pather Panchali (1955),4.625,Drama
181,2,318,Schindler's List (1993),4.4664,Drama
181,3,483,Casablanca (1942),4.4568,Drama
181,4,64,"Shawshank Redemption, The (1994)",4.4452,Drama
181,5,178,12 Angry Men (1957),4.344,Drama
182,1,1449,Pather Panchali (1955),4.625,Drama
182,2,318,Schindler's List (1993),4.4664,Drama
182,3,483,Casablanca (1942),4.4568,Drama
182,4,64,"Shawshank Redemption, The (1994)",4.4452,Drama
182,5,134,Citizen Kane (1941),4.2929,Drama
183,1,127,"Godfather, The (1972)",4.2833,Action
183,2,174,Raiders of the Lost Ark (1981),4.2524,Action
183,3,313,Titanic (1997),4.2457,Action
183,4,172,"Empire Strikes Back, The (1980)",4.2044,Action
183,5,515,"Boot, Das (1981)",4.204,Action
184,1,1449,Pather Panchali (1955),4.625,Drama
184,2,178,12 Angry Men (1957),4.344,Drama
184,3,963,Some Folks Call It a Sling Blade (1993),4.2927,Drama
184,4,427,To Kill a Mockingbird (1962),4.2922,Drama
184,5,1524,Kaspar Hauser (1993),4.25,Drama
185,1,1449,Pather Panchali (1955),4.625,Drama
185,2,483,Casablanca (1942),4.4568,Drama
185,3,64,"Shawshank Redemption, The (1994)",4.4452,Drama
185,4,134,Citizen Kane (1941),4.2929,Drama
185,5,963,Some Folks Call It a Sling Blade (1993),4.2927,Drama
186,1,408,"Close Shave, A (1995)",4.4911,Thriller
186,2,603,Rear Window (1954),4.3876,Thriller
186,3,513,"Third Man, The (1949)",4.3333,Thriller
186,4,963,Some Folks Call It a Sling Blade (1993),4.2927,Thriller
186,5,480,North by Northwest (1959),4.2849,Thriller
187,1,1449,Pather Panchali (1955),4.625,Drama
187,2,318,Schindler's List (1993),4.4664,Drama
187,3,483,Casablanca (1942),4.4568,Drama
187,4,178,12 Angry Men (1957),4.344,Drama
187,5,963,Some Folks Call It a Sling Blade (1993),4.2927,Drama
188,1,1449,Pather Panchali (1955),4.625,Drama
188,2,178,12 Angry Men (1957),4.344,Drama
188,3,134,Citizen Kane (1941),4.2929,Drama
188,4,963,Some Folks Call It a Sling Blade (1993),4.2927,Drama
188,5,427,To Kill a Mockingbird (1962),4.2922,Drama
189,1,1449,Pather Panchali (1955),4.625,Drama
189,2,64,"Shawshank Redemption, The (1994)",4.4452,Drama
189,3,963,Some Folks Call It a Sling Blade (1993),4.2927,Drama
189,4,427,To Kill a Mockingbird (1962),4.2922,Drama
189,5,357,One Flew Over the Cuckoo's Nest (1975),4.2917,Drama
190,1,408,"Close Shave, A (1995)",4.4911,Thriller
190,2,603,Rear Window (1954),4.3876,Thriller
190,3,12,"Usual Suspects, The (1995)",4.3858,Thriller
190,4,513,"Third Man, The (1949)",4.3333,Thriller
190,5,963,Some Folks Call It a Sling Blade (1993),4.2927,Thriller
191,1,1449,Pather Panchali (1955),4.625,Drama
191,2,318,Schindler's List (1993),4.4664,Drama
191,3,483,Casablanca (1942),4.4568,Drama
191,4,64,"Shawshank Redemption, The (1994)",4.4452,Drama
191,5,178,12 Angry Men (1957),4.344,Drama
192,1,1449,Pather Panchali (1955),4.625,Drama
192,2,318,Schindler's List (1993),4.4664,Drama
192,3,483,Casablanca (1942),4.4568,Drama
192,4,64,"Shawshank Redemption, The (1994)",4.4452,Drama
192,5,178,12 Angry Men (1957),4.344,Drama
193,1,408,"Close Shave, A (1995)",4.4911,Comedy
193,2,169,"Wrong Trousers, The (1993)",4.4661,Comedy
193,3,480,North by Northwest (1959),4.2849,Comedy
193,4,251,Shall We Dance? (1996),4.2609,Comedy
193,5,316,As Good As It Gets (1997),4.1964,Comedy
194,1,1449,Pather Panchali (1955),4.625,Drama
194,2,963,Some Folks Call It a Sling Blade (1993),4.2927,Drama
194,3,285,Secrets & Lies (1996),4.2654,Drama
194,4,272,Good Will Hunting (1997),4.2626,Drama
194,5,1524,Kaspar Hauser (1993),4.25,Drama
195,1,1449,Pather Panchali (1955),4.625,Drama
195,2,318,Schindler's List (1993),4.4664,Drama
195,3,483,Casablanca (1942),4.4568,Drama
195,4,64,"Shawshank Redemption, The (1994)",4.4452,Drama
195,5,178,12 Angry Men (1957),4.344,Drama
196,1,408,"Close Shave, A (1995)",4.4911,Comedy
196,2,169,"Wrong Trousers, The (1993)",4.4661,Comedy
196,3,480,North by Northwest (1959),4.2849,Comedy
196,4,316,As Good As It Gets (1997),4.1964,Comedy
196,5,170,Cinema Paradiso (1988),4.1736,Comedy
197,1,498,"African Queen, The (1951)",4.1842,Action
197,2,173,"Princess Bride, The (1987)",4.1728,Action
197,3,1019,"Die xue shuang xiong (Killer, The) (1989)",3.9677,Action
197,4,28,Apollo 13 (1995),3.9312,Action
197,5,144,Die Hard (1988),3.8724,Action
198,1,1449,Pather Panchali (1955),4.625,Drama
198,2,483,Casablanca (1942),4.4568,Drama
198,3,178,12 Angry Men (1957),4.344,Drama
198,4,134,Citizen Kane (1941),4.2929,Drama
198,5,963,Some Folks Call It a Sling Blade (1993),4.2927,Drama
199,1,1449,Pather Panchali (1955),4.625,Drama
199,2,318,Schindler's List (1993),4.4664,Drama
199,3,483,Casablanca (1942),4.4568,Drama
199,4,64,"Shawshank Redemption, The (1994)",4.4452,Drama
199,5,178,12 Angry Men (1957),4.344,Drama
200,1,127,"Godfather, The (1972)",4.2833,Action
200,2,187,"Godfather: Part II, The (1974)",4.1866,Action
200,3,498,"African Queen, The (1951)",4.1842,Action
200,4,651,Glory (1989),4.076,Action
200,5,181,Return of the Jedi (1983),4.0079,Action
201,1,1449,Pather Panchali (1955),4.625,Drama
201,2,178,12 Angry Men (1957),4.344,Drama
201,3,963,Some Folks Call It a Sling Blade (1993),4.2927,Drama
201,4,427,To Kill a Mockingbird (1962),4.2922,Drama
201,5,1524,Kaspar Hauser (1993),4.25,Drama
202,1,1449,Pather Panchali (1955),4.625,Drama
202,2,483,Casablanca (1942),4.4568,Drama
202,3,64,"Shawshank Redemption, The (1994)",4.4452,Drama
202,4,178,12 Angry Men (1957),4.344,Drama
202,5,134,Citizen Kane (1941),4.2929,Drama
203,1,1449,Pather Panchali (1955),4.625,Drama
203,2,318,Schindler's List (1993),4.4664,Drama
203,3,483,Casablanca (1942),4.4568,Drama
203,4,64,"Shawshank Redemption, The (1994)",4.4452,Drama
203,5,178,12 Angry Men (1957),4.344,Drama
204,1,1449,Pather Panchali (1955),4.625,Drama
204,2,483,Casablanca (1942),4.4568,Drama
204,3,64,"Shawshank Redemption, The (1994)",4.4452,Drama
204,4,178,12 Angry Men (1957),4.344,Drama
204,5,134,Citizen Kane (1941),4.2929,Drama
205,1,1449,Pather Panchali (1955),4.625,Drama
205,2,318,Schindler's List (1993),4.4664,Drama
205,3,483,Casablanca (1942),4.4568,Drama
205,4,64,"Shawshank Redemption, The (1994)",4.4452,Drama
205,5,178,12 Angry Men (1957),4.344,Drama
206,1,1449,Pather Panchali (1955),4.625,Drama
206,2,318,Schindler's List (1993),4.4664,Drama
206,3,483,Casablanca (1942),4.4568,Drama
206,4,64,"Shawshank Redemption, The (1994)",4.4452,Drama
206,5,178,12 Angry Men (1957),4.344,Drama
207,1,1449,Pather Panchali (1955),4.625,Drama
207,2,178,12 Angry Men (1957),4.344,Drama
207,3,963,Some Folks Call It a Sling Blade (1993),4.2927,Drama
207,4,427,To Kill a Mockingbird (1962),4.2922,Drama
207,5,285,Secrets & Lies (1996),4.2654,Drama
208,1,408,"Close Shave, A (1995)",4.4911,Comedy
208,2,169,"Wrong Trousers, The (1993)",4.4661,Comedy
208,3,480,North by Northwest (1959),4.2849,Comedy
208,4,251,Shall We Dance? (1996),4.2609,Comedy
208,5,316,As Good As It Gets (1997),4.1964,Comedy
209,1,1449,Pather Panchali (1955),4.625,Drama
209,2,318,Schindler's List (1993),4.4664,Drama
209,3,483,Casablanca (1942),4.4568,Drama
209,4,64,"Shawshank Redemption, The (1994)",4.4452,Drama
209,5,178,12 Angry Men (1957),4.344,Drama
210,1,408,"Close Shave, A (1995)",4.4911,Comedy
210,2,169,"Wrong Trousers, The (1993)",4.4661,Comedy
210,3,480,North by Northwest (1959),4.2849,Comedy
210,4,251,Shall We Dance? (1996),4.2609,Comedy
210,5,316,As Good As It Gets (1997),4.1964,Comedy
211,1,1449,Pather Panchali (1955),4.625,Drama
211,2,318,Schindler's List (1993),4.4664,Drama
211,3,483,Casablanca (1942),4.4568,Drama
211,4,178,12 Angry Men (1957),4.344,Drama
211,5,134,Citizen Kane (1941),4.2929,Drama
212,1,1449,Pather Panchali (1955),4.625,Drama
212,2,483,Casablanca (1942),4.4568,Drama
212,3,64,"Shawshank Redemption, The (1994)",4.4452,Drama
212,4,178,12 Angry Men (1957),4.344,Drama
212,5,134,Citizen Kane (1941),4.2929,Drama
213,1,1449,Pather Panchali (1955),4.625,Drama
213,2,178,12 Angry Men (1957),4.344,Drama
213,3,134,Citizen Kane (1941),4.2929,Drama
213,4,963,Some Folks Call It a Sling Blade (1993),4.2927,Drama
213,5,427,To Kill a Mockingbird (1962),4.2922,Drama
214,1,1449,Pather Panchali (1955),4.625,Drama
214,2,178,12 Angry Men (1957),4.344,Drama
214,3,963,Some Folks Call It a Sling Blade (1993),4.2927,Drama
214,4,272,Good Will Hunting (1997),4.2626,Drama
214,5,1524,Kaspar Hauser (1993),4.25,Drama
215,1,1449,Pather Panchali (1955),4.625,Drama
215,2,318,Schindler's List (1993),4.4664,Drama
215,3,178,12 Angry Men (1957),4.344,Drama
215,4,963,Some Folks Call It a Sling Blade (1993),4.2927,Drama
215,5,427,To Kill a Mockingbird (1962),4.2922,Drama
216,1,1449,Pather Panchali (1955),4.625,Drama
216,2,483,Casablanca (1942),4.4568,Drama
216,3,178,12 Angry Men (1957),4.344,Drama
216,4,963,Some Folks Call It a Sling Blade (1993),4.2927,Drama
216,5,427,To Kill a Mockingbird (1962),4.2922,Drama
217,1,127,"Godfather, The (1972)",4.2833,Action
217,2,313,Titanic (1997),4.2457,Action
217,3,515,"Boot, Das (1981)",4.204,Action
217,4,187,"Godfather: Part II, The (1974)",4.1866,Action
217,5,498,"African Queen, The (1951)",4.1842,Action
218,1,408,"Close Shave, A (1995)",4.4911,Comedy
218,2,169,"Wrong Trousers, The (1993)",4.4661,Comedy
218,3,480,North by Northwest (1959),4.2849,Comedy
218,4,251,Shall We Dance? (1996),4.2609,Comedy
218,5,316,As Good As It Gets (1997),4.1964,Comedy
219,1,1449,Pather Panchali (1955),4.625,Drama
219,2,318,Schindler's List (1993),4.4664,Drama
219,3,483,Casablanca (1942),4.4568,Drama
219,4,64,"Shawshank Redemption, The (1994)",4.4452,Drama
219,5,178,12 Angry Men (1957),4.344,Drama
220,1,1449,Pather Panchali (1955),4.625,Drama
220,2,318,Schindler's List (1993),4.4664,Drama
220,3,483,Casablanca (1942),4.4568,Drama
220,4,64,"Shawshank Redemption, The (1994)",4.4452,Drama
220,5,178,12 Angry Men (1957),4.344,Drama
221,1,127,"Godfather, The (1972)",4.2833,Action
221,2,313,Titanic (1997),4.2457,Action
221,3,515,"Boot, Das (1981)",4.204,Action
221,4,187,"Godfather: Part II, The (1974)",4.1866,Action
221,5,498,"African Queen, The (1951)",4.1842,Action
222,1,408,"Close Shave, A (1995)",4.4911,Comedy
222,2,169,"Wrong Trousers, The (1993)",4.4661,Comedy
222,3,480,North by Northwest (1959),4.2849,Comedy
222,4,251,Shall We Dance? (1996),4.2609,Comedy
222,5,316,As Good As It Gets (1997),4.1964,Comedy
223,1,408,"Close Shave, A (1995)",4.4911,Comedy
223,2,169,"Wrong Trousers, The (1993)",4.4661,Comedy
223,3,480,North by Northwest (1959),4.2849,Comedy
223,4,251,Shall We Dance? (1996),4.2609,Comedy
223,5,316,As Good As It Gets (1997),4.1964,Comedy
224,1,1449,Pather Panchali (1955),4.625,Drama
224,2,483,Casablanca (1942),4.4568,Drama
224,3,64,"Shawshank Redemption, The (1994)",4.4452,Drama
224,4,134,Citizen Kane (1941),4.2929,Drama
224,5,963,Some Folks Call It a Sling Blade (1993),4.2927,Drama
225,1,1449,Pather Panchali (1955),4.625,Drama
225,2,318,Schindler's List (1993),4.4664,Drama
225,3,483,Casablanca (1942),4.4568,Drama
225,4,178,12 Angry Men (1957),4.344,Drama
225,5,134,Citizen Kane (1941),4.2929,Drama
226,1,1449,Pather Panchali (1955),4.625,Drama
226,2,318,Schindler's List (1993),4.4664,Drama
226,3,483,Casablanca (1942),4.4568,Drama
226,4,64,"Shawshank Redemption, The (1994)",4.4452,Drama
226,5,178,12 Angry Men (1957),4.344,Drama
227,1,1449,Pather Panchali (1955),4.625,Drama
227,2,318,Schindler's List (1993),4.4664,Drama
227,3,483,Casablanca (1942),4.4568,Drama
227,4,64,"Shawshank Redemption, The (1994)",4.4452,Drama
227,5,178,12 Angry Men (1957),4.344,Drama
228,1,1449,Pather Panchali (1955),4.625,Drama
228,2,318,Schindler's List (1993),4.4664,Drama
228,3,483,Casablanca (1942),4.4568,Drama
228,4,64,"Shawshank Redemption, The (1994)",4.4452,Drama
228,5,178,12 Angry Men (1957),4.344,Drama
229,1,1449,Pather Panchali (1955),4.625,Drama
229,2,318,Schindler's List (1993),4.4664,Drama
229,3,483,Casablanca (1942),4.4568,Drama
229,4,64,"Shawshank Redemption, The (1994)",4.4452,Drama
229,5,178,12 Angry Men (1957),4.344,Drama
230,1,1449,Pather Panchali (1955),4.625,Drama
230,2,318,Schindler's List (1993),4.4664,Drama
230,3,483,Casablanca (1942),4.4568,Drama
230,4,178,12 Angry Men (1957),4.344,Drama
230,5,127,"Godfather, The (1972)",4.2833,Drama
231,1,174,Raiders of the Lost Ark (1981),4.2524,Action
231,2,172,"Empire Strikes Back, The (1980)",4.2044,Action
231,3,515,"Boot, Das (1981)",4.204,Action
231,4,187,"Godfather: Part II, The (1974)",4.1866,Action
231,5,498,"African Queen, The (1951)",4.1842,Action
232,1,1449,Pather Panchali (1955),4.625,Drama
232,2,134,Citizen Kane (1941),4.2929,Drama
232,3,963,Some Folks Call It a Sling Blade (1993),4.2927,Drama
232,4,427,To Kill a Mockingbird (1962),4.2922,Drama
232,5,285,Secrets & Lies (1996),4.2654,Drama
233,1,1449,Pather Panchali (1955),4.625,Drama
233,2,178,12 Angry Men (1957),4.344,Drama
233,3,134,Citizen Kane (1941),4.2929,Drama
233,4,963,Some Folks Call It a Sling Blade (1993),4.2927,Drama
233,5,427,To Kill a Mockingbird (1962),4.2922,Drama
234,1,272,Good Will Hunting (1997),4.2626,Drama
234,2,1524,Kaspar Hauser (1993),4.25,Drama
234,3,1396,Stonewall (1995),4.2,Drama
234,4,113,"Horseman on the Roof, The (Hussard sur le toit, Le) (1995)",4.1111,Drama
234,5,315,Apt Pupil (1998),4.1,Drama
235,1,1449,Pather Panchali (1955),4.625,Drama
235,2,64,"Shawshank Redemption, The (1994)",4.4452,Drama
235,3,178,12 Angry Men (1957),4.344,Drama
235,4,134,Citizen Kane (1941),4.2929,Drama
235,5,963,Some Folks Call It a Sling Blade (1993),4.2927,Drama
236,1,1449,Pather Panchali (1955),4.625,Drama
236,2,178,12 Angry Men (1957),4.344,Drama
236,3,963,Some Folks Call It a Sling Blade (1993),4.2927,Drama
236,4,357,One Flew Over the Cuckoo's Nest (1975),4.2917,Drama
236,5,285,Secrets & Lies (1996),4.2654,Drama
237,1,1449,Pather Panchali (1955),4.625,Drama
237,2,318,Schindler's List (1993),4.4664,Drama
237,3,963,Some Folks Call It a Sling Blade (1993),4.2927,Drama
237,4,427,To Kill a Mockingbird (1962),4.2922,Drama
237,5,285,Secrets & Lies (1996),4.2654,Drama
238,1,408,"Close Shave, A (1995)",4.4911,Comedy
238,2,169,"Wrong Trousers, The (1993)",4.4661,Comedy
238,3,480,North by Northwest (1959),4.2849,Comedy
238,4,251,Shall We Dance? (1996),4.2609,Comedy
238,5,316,As Good As It Gets (1997),4.1964,Comedy
239,1,1449,Pather Panchali (1955),4.625,Drama
239,2,178,12 Angry Men (1957),4.344,Drama
239,3,963,Some Folks Call It a Sling Blade (1993),4.2927,Drama
239,4,357,One Flew Over the Cuckoo's Nest (1975),4.2917,Drama
239,5,127,"Godfather, The (1972)",4.2833,Drama
240,1,408,"Close Shave, A (1995)",4.4911,Thriller
240,2,603,Rear Window (1954),4.3876,Thriller
240,3,12,"Usual Suspects, The (1995)",4.3858,Thriller
240,4,513,"Third Man, The (1949)",4.3333,Thriller
240,5,963,Some Folks Call It a Sling Blade (1993),4.2927,Thriller
241,1,1449,Pather Panchali (1955),4.625,Drama
241,2,318,Schindler's List (1993),4.4664,Drama
241,3,483,Casablanca (1942),4.4568,Drama
241,4,64,"Shawshank Redemption, The (1994)",4.4452,Drama
241,5,178,12 Angry Men (1957),4.344,Drama
242,1,1449,Pather Panchali (1955),4.625,Drama
242,2,318,Schindler's List (1993),4.4664,Drama
242,3,483,Casablanca (1942),4.4568,Drama
242,4,64,"Shawshank Redemption, The (1994)",4.4452,Drama
242,5,178,12 Angry Men (1957),4.344,Drama
243,1,1449,Pather Panchali (1955),4.625,Drama
243,2,483,Casablanca (1942),4.4568,Drama
243,3,64,"Shawshank Redemption, The (1994)",4.4452,Drama
243,4,178,12 Angry Men (1957),4.344,Drama
243,5,134,Citizen Kane (1941),4.2929,Drama
244,1,408,"Close Shave, A (1995)",4.4911,Comedy
244,2,480,North by Northwest (1959),4.2849,Comedy
244,3,251,Shall We Dance? (1996),4.2609,Comedy
244,4,316,As Good As It Gets (1997),4.1964,Comedy
244,5,170,Cinema Paradiso (1988),4.1736,Comedy
245,1,408,"Close Shave, A (1995)",4.4911,Comedy
245,2,169,"Wrong Trousers, The (1993)",4.4661,Comedy
245,3,480,North by Northwest (1959),4.2849,Comedy
245,4,251,Shall We Dance? (1996),4.2609,Comedy
245,5,316,As Good As It Gets (1997),4.1964,Comedy
246,1,127,"Godfather, The (1972)",4.2833,Action
246,2,313,Titanic (1997),4.2457,Action
246,3,515,"Boot, Das (1981)",4.204,Action
246,4,187,"Godfather: Part II, The (1974)",4.1866,Action
246,5,498,"African Queen, The (1951)",4.1842,Action
247,1,1449,Pather Panchali (1955),4.625,Drama
247,2,318,Schindler's List (1993),4.4664,Drama
247,3,483,Casablanca (1942),4.4568,Drama
247,4,178,12 Angry Men (1957),4.344,Drama
247,5,134,Citizen Kane (1941),4.2929,Drama
248,1,313,Titanic (1997),4.2457,Action
248,2,498,"African Queen, The (1951)",4.1842,Action
248,3,173,"Princess Bride, The (1987)",4.1728,Action
248,4,651,Glory (1989),4.076,Action
248,5,1019,"Die xue shuang xiong (Killer, The) (1989)",3.9677,Action
249,1,1449,Pather Panchali (1955),4.625,Drama
249,2,178,12 Angry Men (1957),4.344,Drama
249,3,134,Citizen Kane (1941),4.2929,Drama
249,4,963,Some Folks Call It a Sling Blade (1993),4.2927,Drama
249,5,127,"Godfather, The (1972)",4.2833,Drama
250,1,1449,Pather Panchali (1955),4.625,Drama
250,2,318,Schindler's List (1993),4.4664,Drama
250,3,483,Casablanca (1942),4.4568,Drama
250,4,178,12 Angry Men (1957),4.344,Drama
250,5,134,Citizen Kane (1941),4.2929,Drama
251,1,127,"Godfather, The (1972)",4.2833,Action
251,2,174,Raiders of the Lost Ark (1981),4.2524,Action
251,3,515,"Boot, Das (1981)",4.204,Action
251,4,187,"Godfather: Part II, The (1974)",4.1866,Action
251,5,498,"African Queen, The (1951)",4.1842,Action
252,1,1449,Pather Panchali (1955),4.625,Drama
252,2,318,Schindler's List (1993),4.4664,Drama
252,3,483,Casablanca (1942),4.4568,Drama
252,4,64,"Shawshank Redemption, The (1994)",4.4452,Drama
252,5,178,12 Angry Men (1957),4.344,Drama
253,1,1449,Pather Panchali (1955),4.625,Drama
253,2,178,12 Angry Men (1957),4.344,Drama
253,3,134,Citizen Kane (1941),4.2929,Drama
253,4,963,Some Folks Call It a Sling Blade (1993),4.2927,Drama
253,5,357,One Flew Over the Cuckoo's Nest (1975),4.2917,Drama
254,1,500,Fly Away Home (1996),3.9032,Childrens
254,2,95,Aladdin (1992),3.8128,Childrens
254,3,969,Winnie the Pooh and the Blustery Day (1968),3.8,Childrens
254,4,404,Pinocchio (1940),3.6733,Childrens
254,5,420,Alice in Wonderland (1951),3.6667,Childrens
255,1,408,"Close Shave, A (1995)",4.4911,Thriller
255,2,603,Rear Window (1954),4.3876,Thriller
255,3,12,"Usual Suspects, The (1995)",4.3858,Thriller
255,4,513,"Third Man, The (1949)",4.3333,Thriller
255,5,963,Some Folks Call It a Sling Blade (1993),4.2927,Thriller
256,1,313,Titanic (1997),4.2457,Action
256,2,515,"Boot, Das (1981)",4.204,Action
256,3,498,"African Queen, The (1951)",4.1842,Action
256,4,173,"Princess Bride, The (1987)",4.1728,Action
256,5,651,Glory (1989),4.076,Action
257,1,1449,Pather Panchali (1955),4.625,Drama
257,2,318,Schindler's List (1993),4.4664,Drama
257,3,483,Casablanca (1942),4.4568,Drama
257,4,64,"Shawshank Redemption, The (1994)",4.4452,Drama
257,5,178,12 Angry Men (1957),4.344,Drama
258,1,1449,Pather Panchali (1955),4.625,Drama
258,2,318,Schindler's List (1993),4.4664,Drama
258,3,483,Casablanca (1942),4.4568,Drama
258,4,64,"Shawshank Redemption, The (1994)",4.4452,Drama
258,5,178,12 Angry Men (1957),4.344,Drama
259,1,1449,Pather Panchali (1955),4.625,Drama
259,2,318,Schindler's List (1993),4.4664,Drama
259,3,483,Casablanca (1942),4.4568,Drama
259,4,64,"Shawshank Redemption, The (1994)",4.4452,Drama
259,5,178,12 Angry Men (1957),4.344,Drama
260,1,408,"Close Shave, A (1995)",4.4911,Thriller
260,2,603,Rear Window (1954),4.3876,Thriller
260,3,12,"Usual Suspects, The (1995)",4.3858,Thriller
260,4,513,"Third Man, The (1949)",4.3333,Thriller
260,5,963,Some Folks Call It a Sling Blade (1993),4.2927,Thriller
261,1,408,"Close Shave, A (1995)",4.4911,Comedy
261,2,169,"Wrong Trousers, The (1993)",4.4661,Comedy
261,3,480,North by Northwest (1959),4.2849,Comedy
261,4,251,Shall We Dance? (1996),4.2609,Comedy
261,5,316,As Good As It Gets (1997),4.1964,Comedy
262,1,1449,Pather Panchali (1955),4.625,Drama
262,2,483,Casablanca (1942),4.4568,Drama
262,3,178,12 Angry Men (1957),4.344,Drama
262,4,134,Citizen Kane (1941),4.2929,Drama
262,5,963,Some Folks Call It a Sling Blade (1993),4.2927,Drama
263,1,1449,Pather Panchali (1955),4.625,Drama
263,2,178,12 Angry Men (1957),4.344,Drama
263,3,963,Some Folks Call It a Sling Blade (1993),4.2927,Drama
263,4,427,To Kill a Mockingbird (1962),4.2922,Drama
263,5,285,Secrets & Lies (1996),4.2654,Drama
264,1,408,"Close Shave, A (1995)",4.4911,Comedy
264,2,169,"Wrong Trousers, The (1993)",4.4661,Comedy
264,3,480,North by Northwest (1959),4.2849,Comedy
264,4,251,Shall We Dance? (1996),4.2609,Comedy
264,5,316,As Good As It Gets (1997),4.1964,Comedy
265,1,1449,Pather Panchali (1955),4.625,Drama
265,2,318,Schindler's List (1993),4.4664,Drama
265,3,483,Casablanca (1942),4.4568,Drama
265,4,64,"Shawshank Redemption, The (1994)",4.4452,Drama
265,5,178,12 Angry Men (1957),4.344,Drama
266,1,1449,Pather Panchali (1955),4.625,Drama
266,2,318,Schindler's List (1993),4.4664,Drama
266,3,483,Casablanca (1942),4.4568,Drama
266,4,64,"Shawshank Redemption, The (1994)",4.4452,Drama
266,5,178,12 Angry Men (1957),4.344,Drama
267,1,313,Titanic (1997),4.2457,Action
267,2,173,"Princess Bride, The (1987)",4.1728,Action
267,3,651,Glory (1989),4.076,Action
267,4,79,"Fugitive, The (1993)",4.0446,Action
267,5,96,Terminator 2: Judgment Day (1991),4.0068,Action
268,1,251,Shall We Dance? (1996),4.2609,Comedy
268,2,316,As Good As It Gets (1997),4.1964,Comedy
268,3,170,Cinema Paradiso (1988),4.1736,Comedy
268,4,1007,Waiting for Guffman (1996),4.1277,Comedy
268,5,1251,A Chef in Love (1996),4.125,Comedy
269,1,1449,Pather Panchali (1955),4.625,Drama
269,2,178,12 Angry Men (1957),4.344,Drama
269,3,963,Some Folks Call It a Sling Blade (1993),4.2927,Drama
269,4,1524,Kaspar Hauser (1993),4.25,Drama
269,5,313,Titanic (1997),4.2457,Drama
270,1,1449,Pather Panchali (1955),4.625,Drama
270,2,318,Schindler's List (1993),4.4664,Drama
270,3,483,Casablanca (1942),4.4568,Drama
270,4,64,"Shawshank Redemption, The (1994)",4.4452,Drama
270,5,178,12 Angry Men (1957),4.344,Drama
271,1,1449,Pather Panchali (1955),4.625,Drama
271,2,483,Casablanca (1942),4.4568,Drama
271,3,1524,Kaspar Hauser (1993),4.25,Drama
271,4,641,Paths of Glory (1957),4.2121,Drama
271,5,1396,Stonewall (1995),4.2,Drama
272,1,1449,Pather Panchali (1955),4.625,Drama
272,2,318,Schindler's List (1993),4.4664,Drama
272,3,64,"Shawshank Redemption, The (1994)",4.4452,Drama
272,4,963,Some Folks Call It a Sling Blade (1993),4.2927,Drama
272,5,427,To Kill a Mockingbird (1962),4.2922,Drama
273,1,1449,Pather Panchali (1955),4.625,Drama
273,2,318,Schindler's List (1993),4.4664,Drama
273,3,483,Casablanca (1942),4.4568,Drama
273,4,64,"Shawshank Redemption, The (1994)",4.4452,Drama
273,5,178,12 Angry Men (1957),4.344,Drama
274,1,1449,Pather Panchali (1955),4.625,Drama
274,2,483,Casablanca (1942),4.4568,Drama
274,3,64,"Shawshank Redemption, The (1994)",4.4452,Drama
274,4,178,12 Angry Men (1957),4.344,Drama
274,5,134,Citizen Kane (1941),4.2929,Drama
275,1,127,"Godfather, The (1972)",4.2833,Action
275,2,313,Titanic (1997),4.2457,Action
275,3,172,"Empire Strikes Back, The (1980)",4.2044,Action
275,4,187,"Godfather: Part II, The (1974)",4.1866,Action
275,5,498,"African Queen, The (1951)",4.1842,Action
276,1,1449,Pather Panchali (1955),4.625,Drama
276,2,483,Casablanca (1942),4.4568,Drama
276,3,178,12 Angry Men (1957),4.344,Drama
276,4,134,Citizen Kane (1941),4.2929,Drama
276,5,963,Some Folks Call It a Sling Blade (1993),4.2927,Drama
277,1,1449,Pather Panchali (1955),4.625,Drama
277,2,318,Schindler's List (1993),4.4664,Drama
277,3,483,Casablanca (1942),4.4568,Drama
277,4,64,"Shawshank Redemption, The (1994)",4.4452,Drama
277,5,178,12 Angry Men (1957),4.344,Drama
278,1,1449,Pather Panchali (1955),4.625,Drama
278,2,318,Schindler's List (1993),4.4664,Drama
278,3,483,Casablanca (1942),4.4568,Drama
278,4,64,"Shawshank Redemption, The (1994)",4.4452,Drama
278,5,178,12 Angry Men (1957),4.344,Drama
279,1,251,Shall We Dance? (1996),4.2609,Comedy
279,2,316,As Good As It Gets (1997),4.1964,Comedy
279,3,1251,A Chef in Love (1996),4.125,Comedy
279,4,478,"Philadelphia Story, The (1940)",4.1154,Comedy
279,5,194,"Sting, The (1973)",4.0581,Comedy
280,1,1449,Pather Panchali (1955),4.625,Drama
280,2,64,"Shawshank Redemption, The (1994)",4.4452,Drama
280,3,178,12 Angry Men (1957),4.344,Drama
280,4,134,Citizen Kane (1941),4.2929,Drama
280,5,963,Some Folks Call It a Sling Blade (1993),4.2927,Drama
281,1,408,"Close Shave, A (1995)",4.4911,Thriller
281,2,603,Rear Window (1954),4.3876,Thriller
281,3,12,"Usual Suspects, The (1995)",4.3858,Thriller
281,4,513,"Third Man, The (1949)",4.3333,Thriller
281,5,963,Some Folks Call It a Sling Blade (1993),4.2927,Thriller
282,1,408,"Close Shave, A (1995)",4.4911,Thriller
282,2,603,Rear Window (1954),4.3876,Thriller
282,3,12,"Usual Suspects, The (1995)",4.3858,Thriller
282,4,513,"Third Man, The (1949)",4.3333,Thriller
282,5,963,Some Folks Call It a Sling Blade (1993),4.2927,Thriller
283,1,408,"Close Shave, A (1995)",4.4911,Comedy
283,2,169,"Wrong Trousers, The (1993)",4.4661,Comedy
283,3,480,North by Northwest (1959),4.2849,Comedy
283,4,251,Shall We Dance? (1996),4.2609,Comedy
283,5,316,As Good As It Gets (1997),4.1964,Comedy
284,1,1449,Pather Panchali (1955),4.625,Drama
284,2,318,Schindler's List (1993),4.4664,Drama
284,3,483,Casablanca (1942),4.4568,Drama
284,4,64,"Shawshank Redemption, The (1994)",4.4452,Drama
284,5,178,12 Angry Men (1957),4.344,Drama
285,1,1449,Pather Panchali (1955),4.625,Drama
285,2,318,Schindler's List (1993),4.4664,Drama
285,3,483,Casablanca (1942),4.4568,Drama
285,4,178,12 Angry Men (1957),4.344,Drama
285,5,134,Citizen Kane (1941),4.2929,Drama
286,1,480,North by Northwest (1959),4.2849,Comedy
286,2,170,Cinema Paradiso (1988),4.1736,Comedy
286,3,1007,Waiting for Guffman (1996),4.1277,Comedy
286,4,1251,A Chef in Love (1996),4.125,Comedy
286,5,478,"Philadelphia Story, The (1940)",4.1154,Comedy
287,1,408,"Close Shave, A (1995)",4.4911,Comedy
287,2,169,"Wrong Trousers, The (1993)",4.4661,Comedy
287,3,480,North by Northwest (1959),4.2849,Comedy
287,4,251,Shall We Dance? (1996),4.2609,Comedy
287,5,316,As Good As It Gets (1997),4.1964,Comedy
288,1,1449,Pather Panchali (1955),4.625,Drama
288,2,483,Casablanca (1942),4.4568,Drama
288,3,963,Some Folks Call It a Sling Blade (1993),4.2927,Drama
288,4,285,Secrets & Lies (1996),4.2654,Drama
288,5,1524,Kaspar Hauser (1993),4.25,Drama
289,1,50,Star Wars (1977),4.3585,Action
289,2,127,"Godfather, The (1972)",4.2833,Action
289,3,174,Raiders of the Lost Ark (1981),4.2524,Action
289,4,313,Titanic (1997),4.2457,Action
289,5,172,"Empire Strikes Back, The (1980)",4.2044,Action
290,1,127,"Godfather, The (1972)",4.2833,Action
290,2,313,Titanic (1997),4.2457,Action
290,3,187,"Godfather: Part II, The (1974)",4.1866,Action
290,4,173,"Princess Bride, The (1987)",4.1728,Action
290,5,79,"Fugitive, The (1993)",4.0446,Action
291,1,408,"Close Shave, A (1995)",4.4911,Comedy
291,2,169,"Wrong Trousers, The (1993)",4.4661,Comedy
291,3,480,North by Northwest (1959),4.2849,Comedy
291,4,251,Shall We Dance? (1996),4.2609,Comedy
291,5,316,As Good As It Gets (1997),4.1964,Comedy
292,1,1449,Pather Panchali (1955),4.625,Drama
292,2,318,Schindler's List (1993),4.4664,Drama
292,3,178,12 Angry Men (1957),4.344,Drama
292,4,134,Citizen Kane (1941),4.2929,Drama
292,5,963,Some Folks Call It a Sling Blade (1993),4.2927,Drama
293,1,1449,Pather Panchali (1955),4.625,Drama
293,2,318,Schindler's List (1993),4.4664,Drama
293,3,178,12 Angry Men (1957),4.344,Drama
293,4,963,Some Folks Call It a Sling Blade (1993),4.2927,Drama
293,5,1524,Kaspar Hauser (1993),4.25,Drama
294,1,174,Raiders of the Lost Ark (1981),4.2524,Action
294,2,172,"Empire Strikes Back, The (1980)",4.2044,Action
294,3,187,"Godfather: Part II, The (1974)",4.1866,Action
294,4,498,"African Queen, The (1951)",4.1842,Action
294,5,173,"Princess Bride, The (1987)",4.1728,Action
295,1,1449,Pather Panchali (1955),4.625,Drama
295,2,64,"Shawshank Redemption, The (1994)",4.4452,Drama
295,3,178,12 Angry Men (1957),4.344,Drama
295,4,963,Some Folks Call It a Sling Blade (1993),4.2927,Drama
295,5,127,"Godfather, The (1972)",4.2833,Drama
296,1,1449,Pather Panchali (1955),4.625,Drama
296,2,318,Schindler's List (1993),4.4664,Drama
296,3,64,"Shawshank Redemption, The (1994)",4.4452,Drama
296,4,178,12 Angry Men (1957),4.344,Drama
296,5,1524,Kaspar Hauser (1993),4.25,Drama
297,1,1449,Pather Panchali (1955),4.625,Drama
297,2,318,Schindler's List (1993),4.4664,Drama
297,3,483,Casablanca (1942),4.4568,Drama
297,4,64,"Shawshank Redemption, The (1994)",4.4452,Drama
297,5,178,12 Angry Men (1957),4.344,Drama
298,1,1449,Pather Panchali (1955),4.625,Drama
298,2,64,"Shawshank Redemption, The (1994)",4.4452,Drama
298,3,963,Some Folks Call It a Sling Blade (1993),4.2927,Drama
298,4,285,Secrets & Lies (1996),4.2654,Drama
298,5,272,Good Will Hunting (1997),4.2626,Drama
299,1,1449,Pather Panchali (1955),4.625,Drama
299,2,64,"Shawshank Redemption, The (1994)",4.4452,Drama
299,3,178,12 Angry Men (1957),4.344,Drama
299,4,963,Some Folks Call It a Sling Blade (1993),4.2927,Drama
299,5,427,To Kill a Mockingbird (1962),4.2922,Drama
300,1,408,"Close Shave, A (1995)",4.4911,Comedy
300,2,169,"Wrong Trousers, The (1993)",4.4661,Comedy
300,3,480,North by Northwest (1959),4.2849,Comedy
300,4,251,Shall We Dance? (1996),4.2609,Comedy
300,5,316,As Good As It Gets (1997),4.1964,Comedy
301,1,408,"Close Shave, A (1995)",4.4911,Comedy
301,2,169,"Wrong Trousers, The (1993)",4.4661,Comedy
301,3,480,North by Northwest (1959),4.2849,Comedy
301,4,251,Shall We Dance? (1996),4.2609,Comedy
301,5,316,As Good As It Gets (1997),4.1964,Comedy
302,1,408,"Close Shave, A (1995)",4.4911,Thriller
302,2,603,Rear Window (1954),4.3876,Thriller
302,3,12,"Usual Suspects, The (1995)",4.3858,Thriller
302,4,513,"Third Man, The (1949)",4.3333,Thriller
302,5,963,Some Folks Call It a Sling Blade (1993),4.2927,Thriller
303,1,169,"Wrong Trousers, The (1993)",4.4661,Comedy
303,2,316,As Good As It Gets (1997),4.1964,Comedy
303,3,1251,A Chef in Love (1996),4.125,Comedy
303,4,478,"Philadelphia Story, The (1940)",4.1154,Comedy
303,5,189,"Grand Day Out, A (1992)",4.1061,Comedy
304,1,408,"Close Shave, A (1995)",4.4911,Thriller
304,2,603,Rear Window (1954),4.3876,Thriller
304,3,12,"Usual Suspects, The (1995)",4.3858,Thriller
304,4,513,"Third Man, The (1949)",4.3333,Thriller
304,5,963,Some Folks Call It a Sling Blade (1993),4.2927,Thriller
305,1,1449,Pather Panchali (1955),4.625,Drama
305,2,1524,Kaspar Hauser (1993),4.25,Drama
305,3,313,Titanic (1997),4.2457,Drama
305,4,641,Paths of Glory (1957),4.2121,Drama
305,5,515,"Boot, Das (1981)",4.204,Drama
306,1,1449,Pather Panchali (1955),4.625,Drama
306,2,318,Schindler's List (1993),4.4664,Drama
306,3,483,Casablanca (1942),4.4568,Drama
306,4,64,"Shawshank Redemption, The (1994)",4.4452,Drama
306,5,178,12 Angry Men (1957),4.344,Drama
307,1,127,"Godfather, The (1972)",4.2833,Action
307,2,187,"Godfather: Part II, The (1974)",4.1866,Action
307,3,498,"African Queen, The (1951)",4.1842,Action
307,4,651,Glory (1989),4.076,Action
307,5,79,"Fugitive, The (1993)",4.0446,Action
308,1,1449,Pather Panchali (1955),4.625,Drama
308,2,963,Some Folks Call It a Sling Blade (1993),4.2927,Drama
308,3,272,Good Will Hunting (1997),4.2626,Drama
308,4,1524,Kaspar Hauser (1993),4.25,Drama
308,5,1396,Stonewall (1995),4.2,Drama
309,1,1449,Pather Panchali (1955),4.625,Drama
309,2,318,Schindler's List (1993),4.4664,Drama
309,3,483,Casablanca (1942),4.4568,Drama
309,4,64,"Shawshank Redemption, The (1994)",4.4452,Drama
309,5,178,12 Angry Men (1957),4.344,Drama
310,1,483,Casablanca (1942),4.4568,Romance
310,2,313,Titanic (1997),4.2457,Romance
310,3,172,"Empire Strikes Back, The (1980)",4.2044,Romance
310,4,966,"Affair to Remember, An (1957)",4.1923,Romance
310,5,498,"African Queen, The (1951)",4.1842,Romance
311,1,1449,Pather Panchali (1955),4.625,Drama
311,2,963,Some Folks Call It a Sling Blade (1993),4.2927,Drama
311,3,427,To Kill a Mockingbird (1962),4.2922,Drama
311,4,285,Secrets & Lies (1996),4.2654,Drama
311,5,272,Good Will Hunting (1997),4.2626,Drama
312,1,1449,Pather Panchali (1955),4.625,Drama
312,2,318,Schindler's List (1993),4.4664,Drama
312,3,64,"Shawshank Redemption, The (1994)",4.4452,Drama
312,4,963,Some Folks Call It a Sling Blade (1993),4.2927,Drama
312,5,127,"Godfather, The (1972)",4.2833,Drama
313,1,1449,Pather Panchali (1955),4.625,Drama
313,2,963,Some Folks Call It a Sling Blade (1993),4.2927,Drama
313,3,285,Secrets & Lies (1996),4.2654,Drama
313,4,272,Good Will Hunting (1997),4.2626,Drama
313,5,1524,Kaspar Hauser (1993),4.25,Drama
314,1,408,"Close Shave, A (1995)",4.4911,Comedy
314,2,169,"Wrong Trousers, The (1993)",4.4661,Comedy
314,3,480,North by Northwest (1959),4.2849,Comedy
314,4,251,Shall We Dance? (1996),4.2609,Comedy
314,5,316,As Good As It Gets (1997),4.1964,Comedy
315,1,1449,Pather Panchali (1955),4.625,Drama
315,2,483,Casablanca (1942),4.4568,Drama
315,3,64,"Shawshank Redemption, The (1994)",4.4452,Drama
315,4,134,Citizen Kane (1941),4.2929,Drama
315,5,963,Some Folks Call It a Sling Blade (1993),4.2927,Drama
316,1,1449,Pather Panchali (1955),4.625,Drama
316,2,178,12 Angry Men (1957),4.344,Drama
316,3,134,Citizen Kane (1941),4.2929,Drama
316,4,963,Some Folks Call It a Sling Blade (1993),4.2927,Drama
316,5,285,Secrets & Lies (1996),4.2654,Drama
317,1,408,"Close Shave, A (1995)",4.4911,Thriller
317,2,603,Rear Window (1954),4.3876,Thriller
317,3,12,"Usual Suspects, The (1995)",4.3858,Thriller
317,4,513,"Third Man, The (1949)",4.3333,Thriller
317,5,963,Some Folks Call It a Sling Blade (1993),4.2927,Thriller
318,1,408,"Close Shave, A (1995)",4.4911,Comedy
318,2,169,"Wrong Trousers, The (1993)",4.4661,Comedy
318,3,251,Shall We Dance? (1996),4.2609,Comedy
318,4,316,As Good As It Gets (1997),4.1964,Comedy
318,5,170,Cinema Paradiso (1988),4.1736,Comedy
319,1,408,"Close Shave, A (1995)",4.4911,Thriller
319,2,603,Rear Window (1954),4.3876,Thriller
319,3,12,"Usual Suspects, The (1995)",4.3858,Thriller
319,4,513,"Third Man, The (1949)",4.3333,Thriller
319,5,963,Some Folks Call It a Sling Blade (1993),4.2927,Thriller
320,1,127,"Godfather, The (1972)",4.2833,Action
320,2,313,Titanic (1997),4.2457,Action
320,3,515,"Boot, Das (1981)",4.204,Action
320,4,187,"Godfather: Part II, The (1974)",4.1866,Action
320,5,498,"African Queen, The (1951)",4.1842,Action
321,1,1449,Pather Panchali (1955),4.625,Drama
321,2,318,Schindler's List (1993),4.4664,Drama
321,3,178,12 Angry Men (1957),4.344,Drama
321,4,963,Some Folks Call It a Sling Blade (1993),4.2927,Drama
321,5,427,To Kill a Mockingbird (1962),4.2922,Drama
322,1,1449,Pather Panchali (1955),4.625,Drama
322,2,178,12 Angry Men (1957),4.344,Drama
322,3,134,Citizen Kane (1941),4.2929,Drama
322,4,963,Some Folks Call It a Sling Blade (1993),4.2927,Drama
322,5,427,To Kill a Mockingbird (1962),4.2922,Drama
323,1,1449,Pather Panchali (1955),4.625,Drama
323,2,318,Schindler's List (1993),4.4664,Drama
323,3,483,Casablanca (1942),4.4568,Drama
323,4,178,12 Angry Men (1957),4.344,Drama
323,5,134,Citizen Kane (1941),4.2929,Drama
324,1,1449,Pather Panchali (1955),4.625,Drama
324,2,318,Schindler's List (1993),4.4664,Drama
324,3,483,Casablanca (1942),4.4568,Drama
324,4,64,"Shawshank Redemption, The (1994)",4.4452,Drama
324,5,178,12 Angry Men (1957),4.344,Drama
325,1,1449,Pather Panchali (1955),4.625,Drama
325,2,318,Schindler's List (1993),4.4664,Drama
325,3,64,"Shawshank Redemption, The (1994)",4.4452,Drama
325,4,178,12 Angry Men (1957),4.344,Drama
325,5,963,Some Folks Call It a Sling Blade (1993),4.2927,Drama
326,1,1449,Pather Panchali (1955),4.625,Drama
326,2,963,Some Folks Call It a Sling Blade (1993),4.2927,Drama
326,3,357,One Flew Over the Cuckoo's Nest (1975),4.2917,Drama
326,4,285,Secrets & Lies (1996),4.2654,Drama
326,5,272,Good Will Hunting (1997),4.2626,Drama
327,1,1449,Pather Panchali (1955),4.625,Drama
327,2,483,Casablanca (1942),4.4568,Drama
327,3,134,Citizen Kane (1941),4.2929,Drama
327,4,963,Some Folks Call It a Sling Blade (1993),4.2927,Drama
327,5,427,To Kill a Mockingbird (1962),4.2922,Drama
328,1,1449,Pather Panchali (1955),4.625,Drama
328,2,178,12 Angry Men (1957),4.344,Drama
328,3,134,Citizen Kane (1941),4.2929,Drama
328,4,963,Some Folks Call It a Sling Blade (1993),4.2927,Drama
328,5,285,Secrets & Lies (1996),4.2654,Drama
329,1,1449,Pather Panchali (1955),4.625,Drama
329,2,318,Schindler's List (1993),4.4664,Drama
329,3,64,"Shawshank Redemption, The (1994)",4.4452,Drama
329,4,178,12 Angry Men (1957),4.344,Drama
329,5,134,Citizen Kane (1941),4.2929,Drama
330,1,408,"Close Shave, A (1995)",4.4911,Comedy
330,2,169,"Wrong Trousers, The (1993)",4.4661,Comedy
330,3,480,North by Northwest (1959),4.2849,Comedy
330,4,251,Shall We Dance? (1996),4.2609,Comedy
330,5,316,As Good As It Gets (1997),4.1964,Comedy
331,1,1449,Pather Panchali (1955),4.625,Drama
331,2,318,Schindler's List (1993),4.4664,Drama
331,3,483,Casablanca (1942),4.4568,Drama
331,4,134,Citizen Kane (1941),4.2929,Drama
331,5,963,Some Folks Call It a Sling Blade (1993),4.2927,Drama
332,1,408,"Close Shave, A (1995)",4.4911,Thriller
332,2,603,Rear Window (1954),4.3876,Thriller
332,3,513,"Third Man, The (1949)",4.3333,Thriller
332,4,963,Some Folks Call It a Sling Blade (1993),4.2927,Thriller
332,5,480,North by Northwest (1959),4.2849,Thriller
333,1,408,"Close Shave, A (1995)",4.4911,Comedy
333,2,169,"Wrong Trousers, The (1993)",4.4661,Comedy
333,3,480,North by Northwest (1959),4.2849,Comedy
333,4,251,Shall We Dance? (1996),4.2609,Comedy
333,5,170,Cinema Paradiso (1988),4.1736,Comedy
334,1,1449,Pather Panchali (1955),4.625,Drama
334,2,64,"Shawshank Redemption, The (1994)",4.4452,Drama
334,3,178,12 Angry Men (1957),4.344,Drama
334,4,963,Some Folks Call It a Sling Blade (1993),4.2927,Drama
334,5,357,One Flew Over the Cuckoo's Nest (1975),4.2917,Drama
335,1,408,"Close Shave, A (1995)",4.4911,Thriller
335,2,603,Rear Window (1954),4.3876,Thriller
335,3,12,"Usual Suspects, The (1995)",4.3858,Thriller
335,4,513,"Third Man, The (1949)",4.3333,Thriller
335,5,963,Some Folks Call It a Sling Blade (1993),4.2927,Thriller
336,1,408,"Close Shave, A (1995)",4.4911,Comedy
336,2,169,"Wrong Trousers, The (1993)",4.4661,Comedy
336,3,480,North by Northwest (1959),4.2849,Comedy
336,4,251,Shall We Dance? (1996),4.2609,Comedy
336,5,316,As Good As It Gets (1997),4.1964,Comedy
337,1,174,Raiders of the Lost Ark (1981),4.2524,Action
337,2,313,Titanic (1997),4.2457,Action
337,3,172,"Empire Strikes Back, The (1980)",4.2044,Action
337,4,187,"Godfather: Part II, The (1974)",4.1866,Action
337,5,498,"African Queen, The (1951)",4.1842,Action
338,1,251,Shall We Dance? (1996),4.2609,Comedy
338,2,316,As Good As It Gets (1997),4.1964,Comedy
338,3,173,"Princess Bride, The (1987)",4.1728,Comedy
338,4,1007,Waiting for Guffman (1996),4.1277,Comedy
338,5,1251,A Chef in Love (1996),4.125,Comedy
339,1,1449,Pather Panchali (1955),4.625,Drama
339,2,318,Schindler's List (1993),4.4664,Drama
339,3,963,Some Folks Call It a Sling Blade (1993),4.2927,Drama
339,4,285,Secrets & Lies (1996),4.2654,Drama
339,5,272,Good Will Hunting (1997),4.2626,Drama
340,1,408,"Close Shave, A (1995)",4.4911,Comedy
340,2,169,"Wrong Trousers, The (1993)",4.4661,Comedy
340,3,251,Shall We Dance? (1996),4.2609,Comedy
340,4,316,As Good As It Gets (1997),4.1964,Comedy
340,5,170,Cinema Paradiso (1988),4.1736,Comedy
341,1,408,"Close Shave, A (1995)",4.4911,Comedy
341,2,169,"Wrong Trousers, The (1993)",4.4661,Comedy
341,3,480,North by Northwest (1959),4.2849,Comedy
341,4,251,Shall We Dance? (1996),4.2609,Comedy
341,5,316,As Good As It Gets (1997),4.1964,Comedy
342,1,1449,Pather Panchali (1955),4.625,Drama
342,2,318,Schindler's List (1993),4.4664,Drama
342,3,64,"Shawshank Redemption, The (1994)",4.4452,Drama
342,4,178,12 Angry Men (1957),4.344,Drama
342,5,963,Some Folks Call It a Sling Blade (1993),4.2927,Drama
343,1,1449,Pather Panchali (1955),4.625,Drama
343,2,178,12 Angry Men (1957),4.344,Drama
343,3,285,Secrets & Lies (1996),4.2654,Drama
343,4,272,Good Will Hunting (1997),4.2626,Drama
343,5,1524,Kaspar Hauser (1993),4.25,Drama
344,1,1449,Pather Panchali (1955),4.625,Drama
344,2,318,Schindler's List (1993),4.4664,Drama
344,3,483,Casablanca (1942),4.4568,Drama
344,4,178,12 Angry Men (1957),4.344,Drama
344,5,134,Citizen Kane (1941),4.2929,Drama
345,1,1449,Pather Panchali (1955),4.625,Drama
345,2,483,Casablanca (1942),4.4568,Drama
345,3,178,12 Angry Men (1957),4.344,Drama
345,4,134,Citizen Kane (1941),4.2929,Drama
345,5,963,Some Folks Call It a Sling Blade (1993),4.2927,Drama
346,1,313,Titanic (1997),4.2457,Action
346,2,498,"African Queen, The (1951)",4.1842,Action
346,3,651,Glory (1989),4.076,Action
346,4,1019,"Die xue shuang xiong (Killer, The) (1989)",3.9677,Action
346,5,435,Butch Cassidy and the Sundance Kid (1969),3.9491,Action
347,1,313,Titanic (1997),4.2457,Action
347,2,515,"Boot, Das (1981)",4.204,Action
347,3,498,"African Queen, The (1951)",4.1842,Action
347,4,651,Glory (1989),4.076,Action
347,5,1019,"Die xue shuang xiong (Killer, The) (1989)",3.9677,Action
348,1,408,"Close Shave, A (1995)",4.4911,Comedy
348,2,169,"Wrong Trousers, The (1993)",4.4661,Comedy
348,3,480,North by Northwest (1959),4.2849,Comedy
348,4,251,Shall We Dance? (1996),4.2609,Comedy
348,5,316,As Good As It Gets (1997),4.1964,Comedy
349,1,1449,Pather Panchali (1955),4.625,Drama
349,2,318,Schindler's List (1993),4.4664,Drama
349,3,483,Casablanca (1942),4.4568,Drama
349,4,64,"Shawshank Redemption, The (1994)",4.4452,Drama
349,5,178,12 Angry Men (1957),4.344,Drama
350,1,1449,Pather Panchali (1955),4.625,Drama
350,2,318,Schindler's List (1993),4.4664,Drama
350,3,64,"Shawshank Redemption, The (1994)",4.4452,Drama
350,4,178,12 Angry Men (1957),4.344,Drama
350,5,134,Citizen Kane (1941),4.2929,Drama
351,1,1449,Pather Panchali (1955),4.625,Drama
351,2,318,Schindler's List (1993),4.4664,Drama
351,3,483,Casablanca (1942),4.4568,Drama
351,4,64,"Shawshank Redemption, The (1994)",4.4452,Drama
351,5,178,12 Angry Men (1957),4.344,Drama
352,1,127,"Godfather, The (1972)",4.2833,Action
352,2,313,Titanic (1997),4.2457,Action
352,3,515,"Boot, Das (1981)",4.204,Action
352,4,187,"Godfather: Part II, The (1974)",4.1866,Action
352,5,498,"African Queen, The (1951)",4.1842,Action
353,1,1449,Pather Panchali (1955),4.625,Drama
353,2,318,Schindler's List (1993),4.4664,Drama
353,3,483,Casablanca (1942),4.4568,Drama
353,4,64,"Shawshank Redemption, The (1994)",4.4452,Drama
353,5,178,12 Angry Men (1957),4.344,Drama
354,1,1449,Pather Panchali (1955),4.625,Drama
354,2,64,"Shawshank Redemption, The (1994)",4.4452,Drama
354,3,178,12 Angry Men (1957),4.344,Drama
354,4,963,Some Folks Call It a Sling Blade (1993),4.2927,Drama
354,5,427,To Kill a Mockingbird (1962),4.2922,Drama
355,1,408,"Close Shave, A (1995)",4.4911,Thriller
355,2,603,Rear Window (1954),4.3876,Thriller
355,3,12,"Usual Suspects, The (1995)",4.3858,Thriller
355,4,513,"Third Man, The (1949)",4.3333,Thriller
355,5,963,Some Folks Call It a Sling Blade (1993),4.2927,Thriller
356,1,1449,Pather Panchali (1955),4.625,Drama
356,2,318,Schindler's List (1993),4.4664,Drama
356,3,483,Casablanca (1942),4.4568,Drama
356,4,64,"Shawshank Redemption, The (1994)",4.4452,Drama
356,5,178,12 Angry Men (1957),4.344,Drama
357,1,408,"Close Shave, A (1995)",4.4911,Comedy
357,2,169,"Wrong Trousers, The (1993)",4.4661,Comedy
357,3,480,North by Northwest (1959),4.2849,Comedy
357,4,251,Shall We Dance? (1996),4.2609,Comedy
357,5,316,As Good As It Gets (1997),4.1964,Comedy
358,1,1449,Pather Panchali (1955),4.625,Drama
358,2,483,Casablanca (1942),4.4568,Drama
358,3,64,"Shawshank Redemption, The (1994)",4.4452,Drama
358,4,178,12 Angry Men (1957),4.344,Drama
358,5,134,Citizen Kane (1941),4.2929,Drama
359,1,127,"Godfather, The (1972)",4.2833,Action
359,2,174,Raiders of the Lost Ark (1981),4.2524,Action
359,3,172,"Empire Strikes Back, The (1980)",4.2044,Action
359,4,515,"Boot, Das (1981)",4.204,Action
359,5,187,"Godfather: Part II, The (1974)",4.1866,Action
360,1,1449,Pather Panchali (1955),4.625,Drama
360,2,318,Schindler's List (1993),4.4664,Drama
360,3,178,12 Angry Men (1957),4.344,Drama
360,4,427,To Kill a Mockingbird (1962),4.2922,Drama
360,5,98,"Silence of the Lambs, The (1991)",4.2897,Drama
361,1,1449,Pather Panchali (1955),4.625,Drama
361,2,318,Schindler's List (1993),4.4664,Drama
361,3,483,Casablanca (1942),4.4568,Drama
361,4,64,"Shawshank Redemption, The (1994)",4.4452,Drama
361,5,134,Citizen Kane (1941),4.2929,Drama
362,1,408,"Close Shave, A (1995)",4.4911,Thriller
362,2,603,Rear Window (1954),4.3876,Thriller
362,3,12,"Usual Suspects, The (1995)",4.3858,Thriller
362,4,513,"Third Man, The (1949)",4.3333,Thriller
362,5,963,Some Folks Call It a Sling Blade (1993),4.2927,Thriller
363,1,1449,Pather Panchali (1955),4.625,Drama
363,2,318,Schindler's List (1993),4.4664,Drama
363,3,483,Casablanca (1942),4.4568,Drama
363,4,64,"Shawshank Redemption, The (1994)",4.4452,Drama
363,5,178,12 Angry Men (1957),4.344,Drama
364,1,1449,Pather Panchali (1955),4.625,Drama
364,2,318,Schindler's List (1993),4.4664,Drama
364,3,483,Casablanca (1942),4.4568,Drama
364,4,64,"Shawshank Redemption, The (1994)",4.4452,Drama
364,5,178,12 Angry Men (1957),4.344,Drama
365,1,1449,Pather Panchali (1955),4.625,Drama
365,2,318,Schindler's List (1993),4.4664,Drama
365,3,483,Casablanca (1942),4.4568,Drama
365,4,64,"Shawshank Redemption, The (1994)",4.4452,Drama
365,5,178,12 Angry Men (1957),4.344,Drama
366,1,183,Alien (1979),4.0344,Horror
366,2,208,Young Frankenstein (1974),3.945,Horror
366,3,1243,Night Flier (1997),3.7143,Horror
366,4,307,"Devil's Advocate, The (1997)",3.516,Horror
366,5,616,Night of the Living Dead (1968),3.4219,Horror
367,1,208,Young Frankenstein (1974),3.945,Horror
367,2,853,Braindead (1992),3.8571,Horror
367,3,1243,Night Flier (1997),3.7143,Horror
367,4,671,Bride of Frankenstein (1935),3.6087,Horror
367,5,675,"Nosferatu (Nosferatu, eine Symphonie des Grauens) (1922)",3.5556,Horror
368,1,185,Psycho (1960),4.1004,Horror
368,2,208,Young Frankenstein (1974),3.945,Horror
368,3,853,Braindead (1992),3.8571,Horror
368,4,200,"Shining, The (1980)",3.8252,Horror
368,5,443,"Birds, The (1963)",3.8086,Horror
369,1,127,"Godfather, The (1972)",4.2833,Action
369,2,174,Raiders of the Lost Ark (1981),4.2524,Action
369,3,313,Titanic (1997),4.2457,Action
369,4,515,"Boot, Das (1981)",4.204,Action
369,5,187,"Godfather: Part II, The (1974)",4.1866,Action
370,1,1449,Pather Panchali (1955),4.625,Drama
370,2,318,Schindler's List (1993),4.4664,Drama
370,3,483,Casablanca (1942),4.4568,Drama
370,4,178,12 Angry Men (1957),4.344,Drama
370,5,963,Some Folks Call It a Sling Blade (1993),4.2927,Drama
371,1,313,Titanic (1997),4.2457,Action
371,2,172,"Empire Strikes Back, The (1980)",4.2044,Action
371,3,515,"Boot, Das (1981)",4.204,Action
371,4,187,"Godfather: Part II, The (1974)",4.1866,Action
371,5,498,"African Queen, The (1951)",4.1842,Action
372,1,408,"Close Shave, A (1995)",4.4911,Thriller
372,2,603,Rear Window (1954),4.3876,Thriller
372,3,513,"Third Man, The (1949)",4.3333,Thriller
372,4,963,Some Folks Call It a Sling Blade (1993),4.2927,Thriller
372,5,480,North by Northwest (1959),4.2849,Thriller
373,1,1449,Pather Panchali (1955),4.625,Drama
373,2,483,Casablanca (1942),4.4568,Drama
373,3,134,Citizen Kane (1941),4.2929,Drama
373,4,963,Some Folks Call It a Sling Blade (1993),4.2927,Drama
373,5,98,"Silence of the Lambs, The (1991)",4.2897,Drama
374,1,1449,Pather Panchali (1955),4.625,Drama
374,2,178,12 Angry Men (1957),4.344,Drama
374,3,134,Citizen Kane (1941),4.2929,Drama
374,4,357,One Flew Over the Cuckoo's Nest (1975),4.2917,Drama
374,5,285,Secrets & Lies (1996),4.2654,Drama
375,1,408,"Close Shave, A (1995)",4.4911,Thriller
375,2,12,"Usual Suspects, The (1995)",4.3858,Thriller
375,3,513,"Third Man, The (1949)",4.3333,Thriller
375,4,963,Some Folks Call It a Sling Blade (1993),4.2927,Thriller
375,5,98,"Silence of the Lambs, The (1991)",4.2897,Thriller
376,1,1449,Pather Panchali (1955),4.625,Drama
376,2,318,Schindler's List (1993),4.4664,Drama
376,3,483,Casablanca (1942),4.4568,Drama
376,4,64,"Shawshank Redemption, The (1994)",4.4452,Drama
376,5,178,12 Angry Men (1957),4.344,Drama
377,1,408,"Close Shave, A (1995)",4.4911,Thriller
377,2,603,Rear Window (1954),4.3876,Thriller
377,3,12,"Usual Suspects, The (1995)",4.3858,Thriller
377,4,513,"Third Man, The (1949)",4.3333,Thriller
377,5,963,Some Folks Call It a Sling Blade (1993),4.2927,Thriller
378,1,1449,Pather Panchali (1955),4.625,Drama
378,2,483,Casablanca (1942),4.4568,Drama
378,3,178,12 Angry Men (1957),4.344,Drama
378,4,134,Citizen Kane (1941),4.2929,Drama
378,5,963,Some Folks Call It a Sling Blade (1993),4.2927,Drama
379,1,408,"Close Shave, A (1995)",4.4911,Comedy
379,2,169,"Wrong Trousers, The (1993)",4.4661,Comedy
379,3,316,As Good As It Gets (1997),4.1964,Comedy
379,4,170,Cinema Paradiso (1988),4.1736,Comedy
379,5,1007,Waiting for Guffman (1996),4.1277,Comedy
380,1,178,12 Angry Men (1957),4.344,Drama
380,2,963,Some Folks Call It a Sling Blade (1993),4.2927,Drama
380,3,127,"Godfather, The (1972)",4.2833,Drama
380,4,285,Secrets & Lies (1996),4.2654,Drama
380,5,1524,Kaspar Hauser (1993),4.25,Drama
381,1,1449,Pather Panchali (1955),4.625,Drama
381,2,64,"Shawshank Redemption, The (1994)",4.4452,Drama
381,3,963,Some Folks Call It a Sling Blade (1993),4.2927,Drama
381,4,427,To Kill a Mockingbird (1962),4.2922,Drama
381,5,357,One Flew Over the Cuckoo's Nest (1975),4.2917,Drama
382,1,1449,Pather Panchali (1955),4.625,Drama
382,2,318,Schindler's List (1993),4.4664,Drama
382,3,483,Casablanca (1942),4.4568,Drama
382,4,64,"Shawshank Redemption, The (1994)",4.4452,Drama
382,5,178,12 Angry Men (1957),4.344,Drama
383,1,1449,Pather Panchali (1955),4.625,Drama
383,2,318,Schindler's List (1993),4.4664,Drama
383,3,64,"Shawshank Redemption, The (1994)",4.4452,Drama
383,4,178,12 Angry Men (1957),4.344,Drama
383,5,963,Some Folks Call It a Sling Blade (1993),4.2927,Drama
384,1,408,"Close Shave, A (1995)",4.4911,Thriller
384,2,603,Rear Window (1954),4.3876,Thriller
384,3,12,"Usual Suspects, The (1995)",4.3858,Thriller
384,4,513,"Third Man, The (1949)",4.3333,Thriller
384,5,963,Some Folks Call It a Sling Blade (1993),4.2927,Thriller
385,1,64,"Shawshank Redemption, The (1994)",4.4452,Drama
385,2,178,12 Angry Men (1957),4.344,Drama
385,3,963,Some Folks Call It a Sling Blade (1993),4.2927,Drama
385,4,272,Good Will Hunting (1997),4.2626,Drama
385,5,313,Titanic (1997),4.2457,Drama
386,1,174,Raiders of the Lost Ark (1981),4.2524,Action
386,2,313,Titanic (1997),4.2457,Action
386,3,172,"Empire Strikes Back, The (1980)",4.2044,Action
386,4,187,"Godfather: Part II, The (1974)",4.1866,Action
386,5,498,"African Queen, The (1951)",4.1842,Action
387,1,1449,Pather Panchali (1955),4.625,Drama
387,2,483,Casablanca (1942),4.4568,Drama
387,3,134,Citizen Kane (1941),4.2929,Drama
387,4,963,Some Folks Call It a Sling Blade (1993),4.2927,Drama
387,5,427,To Kill a Mockingbird (1962),4.2922,Drama
388,1,408,"Close Shave, A (1995)",4.4911,Thriller
388,2,603,Rear Window (1954),4.3876,Thriller
388,3,12,"Usual Suspects, The (1995)",4.3858,Thriller
388,4,513,"Third Man, The (1949)",4.3333,Thriller
388,5,963,Some Folks Call It a Sling Blade (1993),4.2927,Thriller
389,1,408,"Close Shave, A (1995)",4.4911,Comedy
389,2,169,"Wrong Trousers, The (1993)",4.4661,Comedy
389,3,251,Shall We Dance? (1996),4.2609,Comedy
389,4,316,As Good As It Gets (1997),4.1964,Comedy
389,5,170,Cinema Paradiso (1988),4.1736,Comedy
390,1,1449,Pather Panchali (1955),4.625,Drama
390,2,318,Schindler's List (1993),4.4664,Drama
390,3,483,Casablanca (1942),4.4568,Drama
390,4,64,"Shawshank Redemption, The (1994)",4.4452,Drama
390,5,178,12 Angry Men (1957),4.344,Drama
391,1,1449,Pather Panchali (1955),4.625,Drama
391,2,178,12 Angry Men (1957),4.344,Drama
391,3,285,Secrets & Lies (1996),4.2654,Drama
391,4,272,Good Will Hunting (1997),4.2626,Drama
391,5,1524,Kaspar Hauser (1993),4.25,Drama
392,1,1449,Pather Panchali (1955),4.625,Drama
392,2,318,Schindler's List (1993),4.4664,Drama
392,3,483,Casablanca (1942),4.4568,Drama
392,4,64,"Shawshank Redemption, The (1994)",4.4452,Drama
392,5,963,Some Folks Call It a Sling Blade (1993),4.2927,Drama
393,1,408,"Close Shave, A (1995)",4.4911,Comedy
393,2,251,Shall We Dance? (1996),4.2609,Comedy
393,3,170,Cinema Paradiso (1988),4.1736,Comedy
393,4,1007,Waiting for Guffman (1996),4.1277,Comedy
393,5,1251,A Chef in Love (1996),4.125,Comedy
394,1,127,"Godfather, The (1972)",4.2833,Action
394,2,515,"Boot, Das (1981)",4.204,Action
394,3,187,"Godfather: Part II, The (1974)",4.1866,Action
394,4,498,"African Queen, The (1951)",4.1842,Action
394,5,1019,"Die xue shuang xiong (Killer, The) (1989)",3.9677,Action
395,1,1449,Pather Panchali (1955),4.625,Drama
395,2,483,Casablanca (1942),4.4568,Drama
395,3,178,12 Angry Men (1957),4.344,Drama
395,4,134,Citizen Kane (1941),4.2929,Drama
395,5,963,Some Folks Call It a Sling Blade (1993),4.2927,Drama
396,1,408,"Close Shave, A (1995)",4.4911,Thriller
396,2,603,Rear Window (1954),4.3876,Thriller
396,3,12,"Usual Suspects, The (1995)",4.3858,Thriller
396,4,513,"Third Man, The (1949)",4.3333,Thriller
396,5,963,Some Folks Call It a Sling Blade (1993),4.2927,Thriller
397,1,1449,Pather Panchali (1955),4.625,Drama
397,2,64,"Shawshank Redemption, The (1994)",4.4452,Drama
397,3,963,Some Folks Call It a Sling Blade (1993),4.2927,Drama
397,4,427,To Kill a Mockingbird (1962),4.2922,Drama
397,5,98,"Silence of the Lambs, The (1991)",4.2897,Drama
398,1,408,"Close Shave, A (1995)",4.4911,Comedy
398,2,169,"Wrong Trousers, The (1993)",4.4661,Comedy
398,3,251,Shall We Dance? (1996),4.2609,Comedy
398,4,316,As Good As It Gets (1997),4.1964,Comedy
398,5,170,Cinema Paradiso (1988),4.1736,Comedy
399,1,1449,Pather Panchali (1955),4.625,Drama
399,2,483,Casablanca (1942),4.4568,Drama
399,3,178,12 Angry Men (1957),4.344,Drama
399,4,134,Citizen Kane (1941),4.2929,Drama
399,5,963,Some Folks Call It a Sling Blade (1993),4.2927,Drama
400,1,408,"Close Shave, A (1995)",4.4911,Thriller
400,2,603,Rear Window (1954),4.3876,Thriller
400,3,12,"Usual Suspects, The (1995)",4.3858,Thriller
400,4,513,"Third Man, The (1949)",4.3333,Thriller
400,5,963,Some Folks Call It a Sling Blade (1993),4.2927,Thriller
401,1,1449,Pather Panchali (1955),4.625,Drama
401,2,178,12 Angry Men (1957),4.344,Drama
401,3,134,Citizen Kane (1941),4.2929,Drama
401,4,963,Some Folks Call It a Sling Blade (1993),4.2927,Drama
401,5,427,To Kill a Mockingbird (1962),4.2922,Drama
402,1,1449,Pather Panchali (1955),4.625,Drama
402,2,318,Schindler's List (1993),4.4664,Drama
402,3,64,"Shawshank Redemption, The (1994)",4.4452,Drama
402,4,178,12 Angry Men (1957),4.344,Drama
402,5,134,Citizen Kane (1941),4.2929,Drama
403,1,408,"Close Shave, A (1995)",4.4911,Comedy
403,2,169,"Wrong Trousers, The (1993)",4.4661,Comedy
403,3,480,North by Northwest (1959),4.2849,Comedy
403,4,251,Shall We Dance? (1996),4.2609,Comedy
403,5,316,As Good As It Gets (1997),4.1964,Comedy
404,1,1449,Pather Panchali (1955),4.625,Drama
404,2,318,Schindler's List (1993),4.4664,Drama
404,3,483,Casablanca (1942),4.4568,Drama
404,4,64,"Shawshank Redemption, The (1994)",4.4452,Drama
404,5,178,12 Angry Men (1957),4.344,Drama
405,1,1449,Pather Panchali (1955),4.625,Drama
405,2,483,Casablanca (1942),4.4568,Drama
405,3,134,Citizen Kane (1941),4.2929,Drama
405,4,963,Some Folks Call It a Sling Blade (1993),4.2927,Drama
405,5,285,Secrets & Lies (1996),4.2654,Drama
406,1,1449,Pather Panchali (1955),4.625,Drama
406,2,178,12 Angry Men (1957),4.344,Drama
406,3,963,Some Folks Call It a Sling Blade (1993),4.2927,Drama
406,4,272,Good Will Hunting (1997),4.2626,Drama
406,5,1524,Kaspar Hauser (1993),4.25,Drama
407,1,480,North by Northwest (1959),4.2849,Comedy
407,2,251,Shall We Dance? (1996),4.2609,Comedy
407,3,170,Cinema Paradiso (1988),4.1736,Comedy
407,4,1007,Waiting for Guffman (1996),4.1277,Comedy
407,5,1251,A Chef in Love (1996),4.125,Comedy
408,1,1449,Pather Panchali (1955),4.625,Drama
408,2,318,Schindler's List (1993),4.4664,Drama
408,3,483,Casablanca (1942),4.4568,Drama
408,4,64,"Shawshank Redemption, The (1994)",4.4452,Drama
408,5,178,12 Angry Men (1957),4.344,Drama
409,1,64,"Shawshank Redemption, The (1994)",4.4452,Drama
409,2,963,Some Folks Call It a Sling Blade (1993),4.2927,Drama
409,3,272,Good Will Hunting (1997),4.2626,Drama
409,4,313,Titanic (1997),4.2457,Drama
409,5,641,Paths of Glory (1957),4.2121,Drama
410,1,1449,Pather Panchali (1955),4.625,Drama
410,2,318,Schindler's List (1993),4.4664,Drama
410,3,483,Casablanca (1942),4.4568,Drama
410,4,64,"Shawshank Redemption, The (1994)",4.4452,Drama
410,5,178,12 Angry Men (1957),4.344,Drama
411,1,127,"Godfather, The (1972)",4.2833,Action
411,2,313,Titanic (1997),4.2457,Action
411,3,515,"Boot, Das (1981)",4.204,Action
411,4,187,"Godfather: Part II, The (1974)",4.1866,Action
411,5,498,"African Queen, The (1951)",4.1842,Action
412,1,1449,Pather Panchali (1955),4.625,Drama
412,2,483,Casablanca (1942),4.4568,Drama
412,3,178,12 Angry Men (1957),4.344,Drama
412,4,134,Citizen Kane (1941),4.2929,Drama
412,5,963,Some Folks Call It a Sling Blade (1993),4.2927,Drama
413,1,1449,Pather Panchali (1955),4.625,Drama
413,2,318,Schindler's List (1993),4.4664,Drama
413,3,483,Casablanca (1942),4.4568,Drama
413,4,64,"Shawshank Redemption, The (1994)",4.4452,Drama
413,5,178,12 Angry Men (1957),4.344,Drama
414,1,408,"Close Shave, A (1995)",4.4911,Thriller
414,2,603,Rear Window (1954),4.3876,Thriller
414,3,12,"Usual Suspects, The (1995)",4.3858,Thriller
414,4,513,"Third Man, The (1949)",4.3333,Thriller
414,5,963,Some Folks Call It a Sling Blade (1993),4.2927,Thriller
415,1,408,"Close Shave, A (1995)",4.4911,Thriller
415,2,603,Rear Window (1954),4.3876,Thriller
415,3,12,"Usual Suspects, The (1995)",4.3858,Thriller
415,4,513,"Third Man, The (1949)",4.3333,Thriller
415,5,963,Some Folks Call It a Sling Blade (1993),4.2927,Thriller
416,1,1449,Pather Panchali (1955),4.625,Drama
416,2,483,Casablanca (1942),4.4568,Drama
416,3,963,Some Folks Call It a Sling Blade (1993),4.2927,Drama
416,4,1524,Kaspar Hauser (1993),4.25,Drama
416,5,641,Paths of Glory (1957),4.2121,Drama
417,1,408,"Close Shave, A (1995)",4.4911,Comedy
417,2,480,North by Northwest (1959),4.2849,Comedy
417,3,251,Shall We Dance? (1996),4.2609,Comedy
417,4,316,As Good As It Gets (1997),4.1964,Comedy
417,5,170,Cinema Paradiso (1988),4.1736,Comedy
418,1,408,"Close Shave, A (1995)",4.4911,Thriller
418,2,603,Rear Window (1954),4.3876,Thriller
418,3,12,"Usual Suspects, The (1995)",4.3858,Thriller
418,4,513,"Third Man, The (1949)",4.3333,Thriller
418,5,963,Some Folks Call It a Sling Blade (1993),4.2927,Thriller
419,1,483,Casablanca (1942),4.4568,Romance
419,2,313,Titanic (1997),4.2457,Romance
419,3,172,"Empire Strikes Back, The (1980)",4.2044,Romance
419,4,966,"Affair to Remember, An (1957)",4.1923,Romance
419,5,498,"African Queen, The (1951)",4.1842,Romance
420,1,1449,Pather Panchali (1955),4.625,Drama
420,2,318,Schindler's List (1993),4.4664,Drama
420,3,483,Casablanca (1942),4.4568,Drama
420,4,64,"Shawshank Redemption, The (1994)",4.4452,Drama
420,5,178,12 Angry Men (1957),4.344,Drama
421,1,408,"Close Shave, A (1995)",4.4911,Thriller
421,2,513,"Third Man, The (1949)",4.3333,Thriller
421,3,963,Some Folks Call It a Sling Blade (1993),4.2927,Thriller
421,4,480,North by Northwest (1959),4.2849,Thriller
421,5,479,Vertigo (1958),4.2514,Thriller
422,1,1449,Pather Panchali (1955),4.625,Drama
422,2,318,Schindler's List (1993),4.4664,Drama
422,3,483,Casablanca (1942),4.4568,Drama
422,4,64,"Shawshank Redemption, The (1994)",4.4452,Drama
422,5,178,12 Angry Men (1957),4.344,Drama
423,1,1449,Pather Panchali (1955),4.625,Drama
423,2,318,Schindler's List (1993),4.4664,Drama
423,3,483,Casablanca (1942),4.4568,Drama
423,4,64,"Shawshank Redemption, The (1994)",4.4452,Drama
423,5,178,12 Angry Men (1957),4.344,Drama
424,1,1449,Pather Panchali (1955),4.625,Drama
424,2,318,Schindler's List (1993),4.4664,Drama
424,3,483,Casablanca (1942),4.4568,Drama
424,4,64,"Shawshank Redemption, The (1994)",4.4452,Drama
424,5,178,12 Angry Men (1957),4.344,Drama
425,1,498,"African Queen, The (1951)",4.1842,Action
425,2,173,"Princess Bride, The (1987)",4.1728,Action
425,3,651,Glory (1989),4.076,Action
425,4,1019,"Die xue shuang xiong (Killer, The) (1989)",3.9677,Action
425,5,510,"Magnificent Seven, The (1954)",3.9421,Action
426,1,1449,Pather Panchali (1955),4.625,Drama
426,2,64,"Shawshank Redemption, The (1994)",4.4452,Drama
426,3,963,Some Folks Call It a Sling Blade (1993),4.2927,Drama
426,4,357,One Flew Over the Cuckoo's Nest (1975),4.2917,Drama
426,5,127,"Godfather, The (1972)",4.2833,Drama
427,1,1449,Pather Panchali (1955),4.625,Drama
427,2,318,Schindler's List (1993),4.4664,Drama
427,3,483,Casablanca (1942),4.4568,Drama
427,4,64,"Shawshank Redemption, The (1994)",4.4452,Drama
427,5,178,12 Angry Men (1957),4.344,Drama
428,1,1449,Pather Panchali (1955),4.625,Drama
428,2,318,Schindler's List (1993),4.4664,Drama
428,3,483,Casablanca (1942),4.4568,Drama
428,4,64,"Shawshank Redemption, The (1994)",4.4452,Drama
428,5,178,12 Angry Men (1957),4.344,Drama
429,1,1449,Pather Panchali (1955),4.625,Drama
429,2,963,Some Folks Call It a Sling Blade (1993),4.2927,Drama
429,3,285,Secrets & Lies (1996),4.2654,Drama
429,4,272,Good Will Hunting (1997),4.2626,Drama
429,5,1524,Kaspar Hauser (1993),4.25,Drama
430,1,1449,Pather Panchali (1955),4.625,Drama
430,2,483,Casablanca (1942),4.4568,Drama
430,3,178,12 Angry Men (1957),4.344,Drama
430,4,134,Citizen Kane (1941),4.2929,Drama
430,5,963,Some Folks Call It a Sling Blade (1993),4.2927,Drama
431,1,408,"Close Shave, A (1995)",4.4911,Thriller
431,2,603,Rear Window (1954),4.3876,Thriller
431,3,12,"Usual Suspects, The (1995)",4.3858,Thriller
431,4,513,"Third Man, The (1949)",4.3333,Thriller
431,5,963,Some Folks Call It a Sling Blade (1993),4.2927,Thriller
432,1,408,"Close Shave, A (1995)",4.4911,Comedy
432,2,169,"Wrong Trousers, The (1993)",4.4661,Comedy
432,3,480,North by Northwest (1959),4.2849,Comedy
432,4,251,Shall We Dance? (1996),4.2609,Comedy
432,5,316,As Good As It Gets (1997),4.1964,Comedy
433,1,1449,Pather Panchali (1955),4.625,Drama
433,2,318,Schindler's List (1993),4.4664,Drama
433,3,483,Casablanca (1942),4.4568,Drama
433,4,64,"Shawshank Redemption, The (1994)",4.4452,Drama
433,5,178,12 Angry Men (1957),4.344,Drama
434,1,408,"Close Shave, A (1995)",4.4911,Comedy
434,2,169,"Wrong Trousers, The (1993)",4.4661,Comedy
434,3,480,North by Northwest (1959),4.2849,Comedy
434,4,251,Shall We Dance? (1996),4.2609,Comedy
434,5,316,As Good As It Gets (1997),4.1964,Comedy
435,1,408,"Close Shave, A (1995)",4.4911,Comedy
435,2,480,North by Northwest (1959),4.2849,Comedy
435,3,251,Shall We Dance? (1996),4.2609,Comedy
435,4,316,As Good As It Gets (1997),4.1964,Comedy
435,5,170,Cinema Paradiso (1988),4.1736,Comedy
436,1,1449,Pather Panchali (1955),4.625,Drama
436,2,318,Schindler's List (1993),4.4664,Drama
436,3,483,Casablanca (1942),4.4568,Drama
436,4,64,"Shawshank Redemption, The (1994)",4.4452,Drama
436,5,178,12 Angry Men (1957),4.344,Drama
437,1,1449,Pather Panchali (1955),4.625,Drama
437,2,64,"Shawshank Redemption, The (1994)",4.4452,Drama
437,3,178,12 Angry Men (1957),4.344,Drama
437,4,963,Some Folks Call It a Sling Blade (1993),4.2927,Drama
437,5,427,To Kill a Mockingbird (1962),4.2922,Drama
438,1,408,"Close Shave, A (1995)",4.4911,Comedy
438,2,169,"Wrong Trousers, The (1993)",4.4661,Comedy
438,3,480,North by Northwest (1959),4.2849,Comedy
438,4,251,Shall We Dance? (1996),4.2609,Comedy
438,5,316,As Good As It Gets (1997),4.1964,Comedy
439,1,1449,Pather Panchali (1955),4.625,Drama
439,2,318,Schindler's List (1993),4.4664,Drama
439,3,483,Casablanca (1942),4.4568,Drama
439,4,64,"Shawshank Redemption, The (1994)",4.4452,Drama
439,5,178,12 Angry Men (1957),4.344,Drama
440,1,1449,Pather Panchali (1955),4.625,Drama
440,2,318,Schindler's List (1993),4.4664,Drama
440,3,483,Casablanca (1942),4.4568,Drama
440,4,64,"Shawshank Redemption, The (1994)",4.4452,Drama
440,5,178,12 Angry Men (1957),4.344,Drama
441,1,408,"Close Shave, A (1995)",4.4911,Comedy
441,2,169,"Wrong Trousers, The (1993)",4.4661,Comedy
441,3,480,North by Northwest (1959),4.2849,Comedy
441,4,251,Shall We Dance? (1996),4.2609,Comedy
441,5,316,As Good As It Gets (1997),4.1964,Comedy
442,1,50,Star Wars (1977),4.3585,Action
442,2,127,"Godfather, The (1972)",4.2833,Action
442,3,515,"Boot, Das (1981)",4.204,Action
442,4,187,"Godfather: Part II, The (1974)",4.1866,Action
442,5,498,"African Queen, The (1951)",4.1842,Action
443,1,50,Star Wars (1977),4.3585,Action
443,2,127,"Godfather, The (1972)",4.2833,Action
443,3,174,Raiders of the Lost Ark (1981),4.2524,Action
443,4,172,"Empire Strikes Back, The (1980)",4.2044,Action
443,5,515,"Boot, Das (1981)",4.204,Action
444,1,1449,Pather Panchali (1955),4.625,Drama
444,2,318,Schindler's List (1993),4.4664,Drama
444,3,483,Casablanca (1942),4.4568,Drama
444,4,64,"Shawshank Redemption, The (1994)",4.4452,Drama
444,5,178,12 Angry Men (1957),4.344,Drama
445,1,1449,Pather Panchali (1955),4.625,Drama
445,2,318,Schindler's List (1993),4.4664,Drama
445,3,483,Casablanca (1942),4.4568,Drama
445,4,178,12 Angry Men (1957),4.344,Drama
445,5,134,Citizen Kane (1941),4.2929,Drama
446,1,1449,Pather Panchali (1955),4.625,Drama
446,2,318,Schindler's List (1993),4.4664,Drama
446,3,483,Casablanca (1942),4.4568,Drama
446,4,64,"Shawshank Redemption, The (1994)",4.4452,Drama
446,5,178,12 Angry Men (1957),4.344,Drama
447,1,1449,Pather Panchali (1955),4.625,Drama
447,2,318,Schindler's List (1993),4.4664,Drama
447,3,64,"Shawshank Redemption, The (1994)",4.4452,Drama
447,4,178,12 Angry Men (1957),4.344,Drama
447,5,134,Citizen Kane (1941),4.2929,Drama
448,1,1449,Pather Panchali (1955),4.625,Drama
448,2,318,Schindler's List (1993),4.4664,Drama
448,3,483,Casablanca (1942),4.4568,Drama
448,4,64,"Shawshank Redemption, The (1994)",4.4452,Drama
448,5,178,12 Angry Men (1957),4.344,Drama
449,1,1449,Pather Panchali (1955),4.625,Drama
449,2,318,Schindler's List (1993),4.4664,Drama
449,3,483,Casablanca (1942),4.4568,Drama
449,4,64,"Shawshank Redemption, The (1994)",4.4452,Drama
449,5,178,12 Angry Men (1957),4.344,Drama
450,1,1449,Pather Panchali (1955),4.625,Drama
450,2,963,Some Folks Call It a Sling Blade (1993),4.2927,Drama
450,3,285,Secrets & Lies (1996),4.2654,Drama
450,4,1524,Kaspar Hauser (1993),4.25,Drama
450,5,641,Paths of Glory (1957),4.2121,Drama
451,1,1449,Pather Panchali (1955),4.625,Drama
451,2,318,Schindler's List (1993),4.4664,Drama
451,3,483,Casablanca (1942),4.4568,Drama
451,4,64,"Shawshank Redemption, The (1994)",4.4452,Drama
451,5,178,12 Angry Men (1957),4.344,Drama
452,1,1449,Pather Panchali (1955),4.625,Drama
452,2,178,12 Angry Men (1957),4.344,Drama
452,3,963,Some Folks Call It a Sling Blade (1993),4.2927,Drama
452,4,357,One Flew Over the Cuckoo's Nest (1975),4.2917,Drama
452,5,272,Good Will Hunting (1997),4.2626,Drama
453,1,1449,Pather Panchali (1955),4.625,Drama
453,2,483,Casablanca (1942),4.4568,Drama
453,3,64,"Shawshank Redemption, The (1994)",4.4452,Drama
453,4,178,12 Angry Men (1957),4.344,Drama
453,5,134,Citizen Kane (1941),4.2929,Drama
454,1,1449,Pather Panchali (1955),4.625,Drama
454,2,178,12 Angry Men (1957),4.344,Drama
454,3,963,Some Folks Call It a Sling Blade (1993),4.2927,Drama
454,4,127,"Godfather, The (1972)",4.2833,Drama
454,5,1524,Kaspar Hauser (1993),4.25,Drama
455,1,1449,Pather Panchali (1955),4.625,Drama
455,2,483,Casablanca (1942),4.4568,Drama
455,3,178,12 Angry Men (1957),4.344,Drama
455,4,134,Citizen Kane (1941),4.2929,Drama
455,5,963,Some Folks Call It a Sling Blade (1993),4.2927,Drama
456,1,1449,Pather Panchali (1955),4.625,Drama
456,2,318,Schindler's List (1993),4.4664,Drama
456,3,64,"Shawshank Redemption, The (1994)",4.4452,Drama
456,4,178,12 Angry Men (1957),4.344,Drama
456,5,134,Citizen Kane (1941),4.2929,Drama
457,1,1449,Pather Panchali (1955),4.625,Drama
457,2,178,12 Angry Men (1957),4.344,Drama
457,3,963,Some Folks Call It a Sling Blade (1993),4.2927,Drama
457,4,427,To Kill a Mockingbird (1962),4.2922,Drama
457,5,272,Good Will Hunting (1997),4.2626,Drama
458,1,1449,Pather Panchali (1955),4.625,Drama
458,2,963,Some Folks Call It a Sling Blade (1993),4.2927,Drama
458,3,272,Good Will Hunting (1997),4.2626,Drama
458,4,1524,Kaspar Hauser (1993),4.25,Drama
458,5,313,Titanic (1997),4.2457,Drama
459,1,313,Titanic (1997),4.2457,Action
459,2,515,"Boot, Das (1981)",4.204,Action
459,3,187,"Godfather: Part II, The (1974)",4.1866,Action
459,4,498,"African Queen, The (1951)",4.1842,Action
459,5,173,"Princess Bride, The (1987)",4.1728,Action
460,1,1449,Pather Panchali (1955),4.625,Drama
460,2,318,Schindler's List (1993),4.4664,Drama
460,3,483,Casablanca (1942),4.4568,Drama
460,4,64,"Shawshank Redemption, The (1994)",4.4452,Drama
460,5,178,12 Angry Men (1957),4.344,Drama
461,1,408,"Close Shave, A (1995)",4.4911,Comedy
461,2,169,"Wrong Trousers, The (1993)",4.4661,Comedy
461,3,480,North by Northwest (1959),4.2849,Comedy
461,4,251,Shall We Dance? (1996),4.2609,Comedy
461,5,316,As Good As It Gets (1997),4.1964,Comedy
462,1,1449,Pather Panchali (1955),4.625,Drama
462,2,318,Schindler's List (1993),4.4664,Drama
462,3,483,Casablanca (1942),4.4568,Drama
462,4,64,"Shawshank Redemption, The (1994)",4.4452,Drama
462,5,178,12 Angry Men (1957),4.344,Drama
463,1,1449,Pather Panchali (1955),4.625,Drama
463,2,318,Schindler's List (1993),4.4664,Drama
463,3,483,Casablanca (1942),4.4568,Drama
463,4,64,"Shawshank Redemption, The (1994)",4.4452,Drama
463,5,178,12 Angry Men (1957),4.344,Drama
464,1,408,"Close Shave, A (1995)",4.4911,Thriller
464,2,513,"Third Man, The (1949)",4.3333,Thriller
464,3,963,Some Folks Call It a Sling Blade (1993),4.2927,Thriller
464,4,98,"Silence of the Lambs, The (1991)",4.2897,Thriller
464,5,480,North by Northwest (1959),4.2849,Thriller
465,1,1449,Pather Panchali (1955),4.625,Drama
465,2,483,Casablanca (1942),4.4568,Drama
465,3,178,12 Angry Men (1957),4.344,Drama
465,4,963,Some Folks Call It a Sling Blade (1993),4.2927,Drama
465,5,427,To Kill a Mockingbird (1962),4.2922,Drama
466,1,515,"Boot, Das (1981)",4.204,Action
466,2,498,"African Queen, The (1951)",4.1842,Action
466,3,1019,"Die xue shuang xiong (Killer, The) (1989)",3.9677,Action
466,4,435,Butch Cassidy and the Sundance Kid (1969),3.9491,Action
466,5,28,Apollo 13 (1995),3.9312,Action
467,1,1449,Pather Panchali (1955),4.625,Drama
467,2,318,Schindler's List (1993),4.4664,Drama
467,3,483,Casablanca (1942),4.4568,Drama
467,4,64,"Shawshank Redemption, The (1994)",4.4452,Drama
467,5,178,12 Angry Men (1957),4.344,Drama
468,1,1449,Pather Panchali (1955),4.625,Drama
468,2,483,Casablanca (1942),4.4568,Drama
468,3,134,Citizen Kane (1941),4.2929,Drama
468,4,272,Good Will Hunting (1997),4.2626,Drama
468,5,1524,Kaspar Hauser (1993),4.25,Drama
469,1,1449,Pather Panchali (1955),4.625,Drama
469,2,318,Schindler's List (1993),4.4664,Drama
469,3,178,12 Angry Men (1957),4.344,Drama
469,4,963,Some Folks Call It a Sling Blade (1993),4.2927,Drama
469,5,427,To Kill a Mockingbird (1962),4.2922,Drama
470,1,1449,Pather Panchali (1955),4.625,Drama
470,2,318,Schindler's List (1993),4.4664,Drama
470,3,483,Casablanca (1942),4.4568,Drama
470,4,64,"Shawshank Redemption, The (1994)",4.4452,Drama
470,5,178,12 Angry Men (1957),4.344,Drama
471,1,132,"Wizard of Oz, The (1939)",4.0772,Childrens
471,2,500,Fly Away Home (1996),3.9032,Childrens
471,3,423,E.T. the Extra-Terrestrial (1982),3.8333,Childrens
471,4,419,Mary Poppins (1964),3.7247,Childrens
471,5,1063,"Little Princess, A (1995)",3.6585,Childrens
472,1,127,"Godfather, The (1972)",4.2833,Action
472,2,515,"Boot, Das (1981)",4.204,Action
472,3,187,"Godfather: Part II, The (1974)",4.1866,Action
472,4,498,"African Queen, The (1951)",4.1842,Action
472,5,1019,"Die xue shuang xiong (Killer, The) (1989)",3.9677,Action
473,1,1449,Pather Panchali (1955),4.625,Drama
473,2,318,Schindler's List (1993),4.4664,Drama
473,3,483,Casablanca (1942),4.4568,Drama
473,4,64,"Shawshank Redemption, The (1994)",4.4452,Drama
473,5,178,12 Angry Men (1957),4.344,Drama
474,1,1449,Pather Panchali (1955),4.625,Drama
474,2,272,Good Will Hunting (1997),4.2626,Drama
474,3,1524,Kaspar Hauser (1993),4.25,Drama
474,4,1396,Stonewall (1995),4.2,Drama
474,5,223,Sling Blade (1996),4.1985,Drama
475,1,1449,Pather Panchali (1955),4.625,Drama
475,2,318,Schindler's List (1993),4.4664,Drama
475,3,483,Casablanca (1942),4.4568,Drama
475,4,64,"Shawshank Redemption, The (1994)",4.4452,Drama
475,5,178,12 Angry Men (1957),4.344,Drama
476,1,408,"Close Shave, A (1995)",4.4911,Comedy
476,2,169,"Wrong Trousers, The (1993)",4.4661,Comedy
476,3,480,North by Northwest (1959),4.2849,Comedy
476,4,251,Shall We Dance? (1996),4.2609,Comedy
476,5,316,As Good As It Gets (1997),4.1964,Comedy
477,1,483,Casablanca (1942),4.4568,Romance
477,2,50,Star Wars (1977),4.3585,Romance
477,3,313,Titanic (1997),4.2457,Romance
477,4,172,"Empire Strikes Back, The (1980)",4.2044,Romance
477,5,966,"Affair to Remember, An (1957)",4.1923,Romance
478,1,408,"Close Shave, A (1995)",4.4911,Comedy
478,2,169,"Wrong Trousers, The (1993)",4.4661,Comedy
478,3,480,North by Northwest (1959),4.2849,Comedy
478,4,251,Shall We Dance? (1996),4.2609,Comedy
478,5,316,As Good As It Gets (1997),4.1964,Comedy
479,1,313,Titanic (1997),4.2457,Action
479,2,515,"Boot, Das (1981)",4.204,Action
479,3,1019,"Die xue shuang xiong (Killer, The) (1989)",3.9677,Action
479,4,435,Butch Cassidy and the Sundance Kid (1969),3.9491,Action
479,5,186,"Blues Brothers, The (1980)",3.8367,Action
480,1,1449,Pather Panchali (1955),4.625,Drama
480,2,318,Schindler's List (1993),4.4664,Drama
480,3,178,12 Angry Men (1957),4.344,Drama
480,4,134,Citizen Kane (1941),4.2929,Drama
480,5,963,Some Folks Call It a Sling Blade (1993),4.2927,Drama
481,1,408,"Close Shave, A (1995)",4.4911,Comedy
481,2,169,"Wrong Trousers, The (1993)",4.4661,Comedy
481,3,480,North by Northwest (1959),4.2849,Comedy
481,4,251,Shall We Dance? (1996),4.2609,Comedy
481,5,316,As Good As It Gets (1997),4.1964,Comedy
482,1,174,Raiders of the Lost Ark (1981),4.2524,Action
482,2,172,"Empire Strikes Back, The (1980)",4.2044,Action
482,3,515,"Boot, Das (1981)",4.204,Action
482,4,187,"Godfather: Part II, The (1974)",4.1866,Action
482,5,498,"African Queen, The (1951)",4.1842,Action
483,1,127,"Godfather, The (1972)",4.2833,Action
483,2,174,Raiders of the Lost Ark (1981),4.2524,Action
483,3,172,"Empire Strikes Back, The (1980)",4.2044,Action
483,4,187,"Godfather: Part II, The (1974)",4.1866,Action
483,5,498,"African Queen, The (1951)",4.1842,Action
484,1,127,"Godfather, The (1972)",4.2833,Action
484,2,515,"Boot, Das (1981)",4.204,Action
484,3,187,"Godfather: Part II, The (1974)",4.1866,Action
484,4,498,"African Queen, The (1951)",4.1842,Action
484,5,1019,"Die xue shuang xiong (Killer, The) (1989)",3.9677,Action
485,1,1449,Pather Panchali (1955),4.625,Drama
485,2,318,Schindler's List (1993),4.4664,Drama
485,3,483,Casablanca (1942),4.4568,Drama
485,4,64,"Shawshank Redemption, The (1994)",4.4452,Drama
485,5,178,12 Angry Men (1957),4.344,Drama
486,1,1449,Pather Panchali (1955),4.625,Drama
486,2,318,Schindler's List (1993),4.4664,Drama
486,3,483,Casablanca (1942),4.4568,Drama
486,4,64,"Shawshank Redemption, The (1994)",4.4452,Drama
486,5,178,12 Angry Men (1957),4.344,Drama
487,1,1449,Pather Panchali (1955),4.625,Drama
487,2,483,Casablanca (1942),4.4568,Drama
487,3,134,Citizen Kane (1941),4.2929,Drama
487,4,963,Some Folks Call It a Sling Blade (1993),4.2927,Drama
487,5,427,To Kill a Mockingbird (1962),4.2922,Drama
488,1,1449,Pather Panchali (1955),4.625,Drama
488,2,963,Some Folks Call It a Sling Blade (1993),4.2927,Drama
488,3,427,To Kill a Mockingbird (1962),4.2922,Drama
488,4,285,Secrets & Lies (1996),4.2654,Drama
488,5,272,Good Will Hunting (1997),4.2626,Drama
489,1,1449,Pather Panchali (1955),4.625,Drama
489,2,318,Schindler's List (1993),4.4664,Drama
489,3,483,Casablanca (1942),4.4568,Drama
489,4,64,"Shawshank Redemption, The (1994)",4.4452,Drama
489,5,178,12 Angry Men (1957),4.344,Drama
490,1,1449,Pather Panchali (1955),4.625,Drama
490,2,318,Schindler's List (1993),4.4664,Drama
490,3,483,Casablanca (1942),4.4568,Drama
490,4,64,"Shawshank Redemption, The (1994)",4.4452,Drama
490,5,178,12 Angry Men (1957),4.344,Drama
491,1,1449,Pather Panchali (1955),4.625,Drama
491,2,318,Schindler's List (1993),4.4664,Drama
491,3,483,Casablanca (1942),4.4568,Drama
491,4,64,"Shawshank Redemption, The (1994)",4.4452,Drama
491,5,178,12 Angry Men (1957),4.344,Drama
492,1,1449,Pather Panchali (1955),4.625,Drama
492,2,178,12 Angry Men (1957),4.344,Drama
492,3,963,Some Folks Call It a Sling Blade (1993),4.2927,Drama
492,4,427,To Kill a Mockingbird (1962),4.2922,Drama
492,5,357,One Flew Over the Cuckoo's Nest (1975),4.2917,Drama
493,1,313,Titanic (1997),4.2457,Action
493,2,515,"Boot, Das (1981)",4.204,Action
493,3,187,"Godfather: Part II, The (1974)",4.1866,Action
493,4,498,"African Queen, The (1951)",4.1842,Action
493,5,651,Glory (1989),4.076,Action
494,1,1449,Pather Panchali (1955),4.625,Drama
494,2,318,Schindler's List (1993),4.4664,Drama
494,3,483,Casablanca (1942),4.4568,Drama
494,4,178,12 Angry Men (1957),4.344,Drama
494,5,134,Citizen Kane (1941),4.2929,Drama
495,1,313,Titanic (1997),4.2457,Action
495,2,515,"Boot, Das (1981)",4.204,Action
495,3,187,"Godfather: Part II, The (1974)",4.1866,Action
495,4,22,Braveheart (1995),4.1515,Action
495,5,651,Glory (1989),4.076,Action
496,1,1449,Pather Panchali (1955),4.625,Drama
496,2,178,12 Angry Men (1957),4.344,Drama
496,3,134,Citizen Kane (1941),4.2929,Drama
496,4,963,Some Folks Call It a Sling Blade (1993),4.2927,Drama
496,5,427,To Kill a Mockingbird (1962),4.2922,Drama
497,1,313,Titanic (1997),4.2457,Action
497,2,515,"Boot, Das (1981)",4.204,Action
497,3,498,"African Queen, The (1951)",4.1842,Action
497,4,1019,"Die xue shuang xiong (Killer, The) (1989)",3.9677,Action
497,5,435,Butch Cassidy and the Sundance Kid (1969),3.9491,Action
498,1,1449,Pather Panchali (1955),4.625,Drama
498,2,318,Schindler's List (1993),4.4664,Drama
498,3,178,12 Angry Men (1957),4.344,Drama
498,4,963,Some Folks Call It a Sling Blade (1993),4.2927,Drama
498,5,427,To Kill a Mockingbird (1962),4.2922,Drama
499,1,1449,Pather Panchali (1955),4.625,Drama
499,2,64,"Shawshank Redemption, The (1994)",4.4452,Drama
499,3,178,12 Angry Men (1957),4.344,Drama
499,4,134,Citizen Kane (1941),4.2929,Drama
499,5,963,Some Folks Call It a Sling Blade (1993),4.2927,Drama
500,1,1449,Pather Panchali (1955),4.625,Drama
500,2,318,Schindler's List (1993),4.4664,Drama
500,3,64,"Shawshank Redemption, The (1994)",4.4452,Drama
500,4,178,12 Angry Men (1957),4.344,Drama
500,5,963,Some Folks Call It a Sling Blade (1993),4.2927,Drama
501,1,1449,Pather Panchali (1955),4.625,Drama
501,2,318,Schindler's List (1993),4.4664,Drama
501,3,483,Casablanca (1942),4.4568,Drama
501,4,64,"Shawshank Redemption, The (1994)",4.4452,Drama
501,5,178,12 Angry Men (1957),4.344,Drama
502,1,408,"Close Shave, A (1995)",4.4911,Thriller
502,2,603,Rear Window (1954),4.3876,Thriller
502,3,12,"Usual Suspects, The (1995)",4.3858,Thriller
502,4,513,"Third Man, The (1949)",4.3333,Thriller
502,5,963,Some Folks Call It a Sling Blade (1993),4.2927,Thriller
503,1,1449,Pather Panchali (1955),4.625,Drama
503,2,483,Casablanca (1942),4.4568,Drama
503,3,64,"Shawshank Redemption, The (1994)",4.4452,Drama
503,4,178,12 Angry Men (1957),4.344,Drama
503,5,357,One Flew Over the Cuckoo's Nest (1975),4.2917,Drama
504,1,1449,Pather Panchali (1955),4.625,Drama
504,2,483,Casablanca (1942),4.4568,Drama
504,3,64,"Shawshank Redemption, The (1994)",4.4452,Drama
504,4,178,12 Angry Men (1957),4.344,Drama
504,5,134,Citizen Kane (1941),4.2929,Drama
505,1,1449,Pather Panchali (1955),4.625,Drama
505,2,318,Schindler's List (1993),4.4664,Drama
505,3,483,Casablanca (1942),4.4568,Drama
505,4,64,"Shawshank Redemption, The (1994)",4.4452,Drama
505,5,178,12 Angry Men (1957),4.344,Drama
506,1,408,"Close Shave, A (1995)",4.4911,Comedy
506,2,169,"Wrong Trousers, The (1993)",4.4661,Comedy
506,3,480,North by Northwest (1959),4.2849,Comedy
506,4,251,Shall We Dance? (1996),4.2609,Comedy
506,5,316,As Good As It Gets (1997),4.1964,Comedy
507,1,127,"Godfather, The (1972)",4.2833,Action
507,2,174,Raiders of the Lost Ark (1981),4.2524,Action
507,3,172,"Empire Strikes Back, The (1980)",4.2044,Action
507,4,515,"Boot, Das (1981)",4.204,Action
507,5,187,"Godfather: Part II, The (1974)",4.1866,Action
508,1,408,"Close Shave, A (1995)",4.4911,Comedy
508,2,169,"Wrong Trousers, The (1993)",4.4661,Comedy
508,3,480,North by Northwest (1959),4.2849,Comedy
508,4,251,Shall We Dance? (1996),4.2609,Comedy
508,5,316,As Good As It Gets (1997),4.1964,Comedy
509,1,127,"Godfather, The (1972)",4.2833,Action
509,2,174,Raiders of the Lost Ark (1981),4.2524,Action
509,3,313,Titanic (1997),4.2457,Action
509,4,172,"Empire Strikes Back, The (1980)",4.2044,Action
509,5,515,"Boot, Das (1981)",4.204,Action
510,1,1449,Pather Panchali (1955),4.625,Drama
510,2,318,Schindler's List (1993),4.4664,Drama
510,3,483,Casablanca (1942),4.4568,Drama
510,4,64,"Shawshank Redemption, The (1994)",4.4452,Drama
510,5,178,12 Angry Men (1957),4.344,Drama
511,1,408,"Close Shave, A (1995)",4.4911,Thriller
511,2,603,Rear Window (1954),4.3876,Thriller
511,3,12,"Usual Suspects, The (1995)",4.3858,Thriller
511,4,513,"Third Man, The (1949)",4.3333,Thriller
511,5,963,Some Folks Call It a Sling Blade (1993),4.2927,Thriller
512,1,1449,Pather Panchali (1955),4.625,Drama
512,2,483,Casablanca (1942),4.4568,Drama
512,3,64,"Shawshank Redemption, The (1994)",4.4452,Drama
512,4,178,12 Angry Men (1957),4.344,Drama
512,5,134,Citizen Kane (1941),4.2929,Drama
513,1,174,Raiders of the Lost Ark (1981),4.2524,Action
513,2,313,Titanic (1997),4.2457,Action
513,3,172,"Empire Strikes Back, The (1980)",4.2044,Action
513,4,515,"Boot, Das (1981)",4.204,Action
513,5,187,"Godfather: Part II, The (1974)",4.1866,Action
514,1,1449,Pather Panchali (1955),4.625,Drama
514,2,963,Some Folks Call It a Sling Blade (1993),4.2927,Drama
514,3,427,To Kill a Mockingbird (1962),4.2922,Drama
514,4,127,"Godfather, The (1972)",4.2833,Drama
514,5,285,Secrets & Lies (1996),4.2654,Drama
515,1,1449,Pather Panchali (1955),4.625,Drama
515,2,318,Schindler's List (1993),4.4664,Drama
515,3,483,Casablanca (1942),4.4568,Drama
515,4,64,"Shawshank Redemption, The (1994)",4.4452,Drama
515,5,178,12 Angry Men (1957),4.344,Drama
516,1,1449,Pather Panchali (1955),4.625,Drama
516,2,318,Schindler's List (1993),4.4664,Drama
516,3,483,Casablanca (1942),4.4568,Drama
516,4,64,"Shawshank Redemption, The (1994)",4.4452,Drama
516,5,178,12 Angry Men (1957),4.344,Drama
517,1,174,Raiders of the Lost Ark (1981),4.2524,Action
517,2,313,Titanic (1997),4.2457,Action
517,3,172,"Empire Strikes Back, The (1980)",4.2044,Action
517,4,515,"Boot, Das (1981)",4.204,Action
517,5,187,"Godfather: Part II, The (1974)",4.1866,Action
518,1,1449,Pather Panchali (1955),4.625,Drama
518,2,318,Schindler's List (1993),4.4664,Drama
518,3,483,Casablanca (1942),4.4568,Drama
518,4,64,"Shawshank Redemption, The (1994)",4.4452,Drama
518,5,178,12 Angry Men (1957),4.344,Drama
519,1,1449,Pather Panchali (1955),4.625,Drama
519,2,318,Schindler's List (1993),4.4664,Drama
519,3,483,Casablanca (1942),4.4568,Drama
519,4,64,"Shawshank Redemption, The (1994)",4.4452,Drama
519,5,178,12 Angry Men (1957),4.344,Drama
520,1,1449,Pather Panchali (1955),4.625,Drama
520,2,318,Schindler's List (1993),4.4664,Drama
520,3,483,Casablanca (1942),4.4568,Drama
520,4,64,"Shawshank Redemption, The (1994)",4.4452,Drama
520,5,178,12 Angry Men (1957),4.344,Drama
521,1,313,Titanic (1997),4.2457,Action
521,2,515,"Boot, Das (1981)",4.204,Action
521,3,187,"Godfather: Part II, The (1974)",4.1866,Action
521,4,498,"African Queen, The (1951)",4.1842,Action
521,5,1019,"Die xue shuang xiong (Killer, The) (1989)",3.9677,Action
522,1,1449,Pather Panchali (1955),4.625,Drama
522,2,483,Casablanca (1942),4.4568,Drama
522,3,64,"Shawshank Redemption, The (1994)",4.4452,Drama
522,4,178,12 Angry Men (1957),4.344,Drama
522,5,963,Some Folks Call It a Sling Blade (1993),4.2927,Drama
523,1,480,North by Northwest (1959),4.2849,Comedy
523,2,251,Shall We Dance? (1996),4.2609,Comedy
523,3,316,As Good As It Gets (1997),4.1964,Comedy
523,4,170,Cinema Paradiso (1988),4.1736,Comedy
523,5,173,"Princess Bride, The (1987)",4.1728,Comedy
524,1,1449,Pather Panchali (1955),4.625,Drama
524,2,963,Some Folks Call It a Sling Blade (1993),4.2927,Drama
524,3,427,To Kill a Mockingbird (1962),4.2922,Drama
524,4,357,One Flew Over the Cuckoo's Nest (1975),4.2917,Drama
524,5,272,Good Will Hunting (1997),4.2626,Drama
525,1,1449,Pather Panchali (1955),4.625,Drama
525,2,318,Schindler's List (1993),4.4664,Drama
525,3,483,Casablanca (1942),4.4568,Drama
525,4,64,"Shawshank Redemption, The (1994)",4.4452,Drama
525,5,178,12 Angry Men (1957),4.344,Drama
526,1,1449,Pather Panchali (1955),4.625,Drama
526,2,318,Schindler's List (1993),4.4664,Drama
526,3,483,Casablanca (1942),4.4568,Drama
526,4,64,"Shawshank Redemption, The (1994)",4.4452,Drama
526,5,178,12 Angry Men (1957),4.344,Drama
527,1,1449,Pather Panchali (1955),4.625,Drama
527,2,483,Casablanca (1942),4.4568,Drama
527,3,178,12 Angry Men (1957),4.344,Drama
527,4,98,"Silence of the Lambs, The (1991)",4.2897,Drama
527,5,272,Good Will Hunting (1997),4.2626,Drama
528,1,408,"Close Shave, A (1995)",4.4911,Comedy
528,2,169,"Wrong Trousers, The (1993)",4.4661,Comedy
528,3,480,North by Northwest (1959),4.2849,Comedy
528,4,251,Shall We Dance? (1996),4.2609,Comedy
528,5,316,As Good As It Gets (1997),4.1964,Comedy
529,1,408,"Close Shave, A (1995)",4.4911,Thriller
529,2,603,Rear Window (1954),4.3876,Thriller
529,3,12,"Usual Suspects, The (1995)",4.3858,Thriller
529,4,513,"Third Man, The (1949)",4.3333,Thriller
529,5,963,Some Folks Call It a Sling Blade (1993),4.2927,Thriller
530,1,1449,Pather Panchali (1955),4.625,Drama
530,2,318,Schindler's List (1993),4.4664,Drama
530,3,134,Citizen Kane (1941),4.2929,Drama
530,4,963,Some Folks Call It a Sling Blade (1993),4.2927,Drama
530,5,427,To Kill a Mockingbird (1962),4.2922,Drama
531,1,1449,Pather Panchali (1955),4.625,Drama
531,2,318,Schindler's List (1993),4.4664,Drama
531,3,483,Casablanca (1942),4.4568,Drama
531,4,64,"Shawshank Redemption, The (1994)",4.4452,Drama
531,5,178,12 Angry Men (1957),4.344,Drama
532,1,1449,Pather Panchali (1955),4.625,Drama
532,2,64,"Shawshank Redemption, The (1994)",4.4452,Drama
532,3,178,12 Angry Men (1957),4.344,Drama
532,4,134,Citizen Kane (1941),4.2929,Drama
532,5,963,Some Folks Call It a Sling Blade (1993),4.2927,Drama
533,1,1449,Pather Panchali (1955),4.625,Drama
533,2,178,12 Angry Men (1957),4.344,Drama
533,3,963,Some Folks Call It a Sling Blade (1993),4.2927,Drama
533,4,285,Secrets & Lies (1996),4.2654,Drama
533,5,272,Good Will Hunting (1997),4.2626,Drama
534,1,408,"Close Shave, A (1995)",4.4911,Comedy
534,2,169,"Wrong Trousers, The (1993)",4.4661,Comedy
534,3,480,North by Northwest (1959),4.2849,Comedy
534,4,251,Shall We Dance? (1996),4.2609,Comedy
534,5,316,As Good As It Gets (1997),4.1964,Comedy
535,1,1449,Pather Panchali (1955),4.625,Drama
535,2,127,"Godfather, The (1972)",4.2833,Drama
535,3,272,Good Will Hunting (1997),4.2626,Drama
535,4,1524,Kaspar Hauser (1993),4.25,Drama
535,5,313,Titanic (1997),4.2457,Drama
536,1,1449,Pather Panchali (1955),4.625,Drama
536,2,64,"Shawshank Redemption, The (1994)",4.4452,Drama
536,3,178,12 Angry Men (1957),4.344,Drama
536,4,134,Citizen Kane (1941),4.2929,Drama
536,5,963,Some Folks Call It a Sling Blade (1993),4.2927,Drama
537,1,1449,Pather Panchali (1955),4.625,Drama
537,2,1524,Kaspar Hauser (1993),4.25,Drama
537,3,1396,Stonewall (1995),4.2,Drama
537,4,223,Sling Blade (1996),4.1985,Drama
537,5,316,As Good As It Gets (1997),4.1964,Drama
538,1,1449,Pather Panchali (1955),4.625,Drama
538,2,64,"Shawshank Redemption, The (1994)",4.4452,Drama
538,3,178,12 Angry Men (1957),4.344,Drama
538,4,134,Citizen Kane (1941),4.2929,Drama
538,5,427,To Kill a Mockingbird (1962),4.2922,Drama
539,1,1449,Pather Panchali (1955),4.625,Drama
539,2,318,Schindler's List (1993),4.4664,Drama
539,3,64,"Shawshank Redemption, The (1994)",4.4452,Drama
539,4,178,12 Angry Men (1957),4.344,Drama
539,5,134,Citizen Kane (1941),4.2929,Drama
540,1,1449,Pather Panchali (1955),4.625,Drama
540,2,318,Schindler's List (1993),4.4664,Drama
540,3,483,Casablanca (1942),4.4568,Drama
540,4,64,"Shawshank Redemption, The (1994)",4.4452,Drama
540,5,178,12 Angry Men (1957),4.344,Drama
541,1,408,"Close Shave, A (1995)",4.4911,Comedy
541,2,169,"Wrong Trousers, The (1993)",4.4661,Comedy
541,3,480,North by Northwest (1959),4.2849,Comedy
541,4,251,Shall We Dance? (1996),4.2609,Comedy
541,5,316,As Good As It Gets (1997),4.1964,Comedy
542,1,408,"Close Shave, A (1995)",4.4911,Comedy
542,2,169,"Wrong Trousers, The (1993)",4.4661,Comedy
542,3,480,North by Northwest (1959),4.2849,Comedy
542,4,251,Shall We Dance? (1996),4.2609,Comedy
542,5,316,As Good As It Gets (1997),4.1964,Comedy
543,1,1449,Pather Panchali (1955),4.625,Drama
543,2,483,Casablanca (1942),4.4568,Drama
543,3,178,12 Angry Men (1957),4.344,Drama
543,4,963,Some Folks Call It a Sling Blade (1993),4.2927,Drama
543,5,427,To Kill a Mockingbird (1962),4.2922,Drama
544,1,1449,Pather Panchali (1955),4.625,Drama
544,2,318,Schindler's List (1993),4.4664,Drama
544,3,483,Casablanca (1942),4.4568,Drama
544,4,64,"Shawshank Redemption, The (1994)",4.4452,Drama
544,5,178,12 Angry Men (1957),4.344,Drama
545,1,127,"Godfather, The (1972)",4.2833,Action
545,2,313,Titanic (1997),4.2457,Action
545,3,515,"Boot, Das (1981)",4.204,Action
545,4,187,"Godfather: Part II, The (1974)",4.1866,Action
545,5,498,"African Queen, The (1951)",4.1842,Action
546,1,127,"Godfather, The (1972)",4.2833,Action
546,2,174,Raiders of the Lost Ark (1981),4.2524,Action
546,3,172,"Empire Strikes Back, The (1980)",4.2044,Action
546,4,515,"Boot, Das (1981)",4.204,Action
546,5,187,"Godfather: Part II, The (1974)",4.1866,Action
547,1,1449,Pather Panchali (1955),4.625,Drama
547,2,318,Schindler's List (1993),4.4664,Drama
547,3,483,Casablanca (1942),4.4568,Drama
547,4,64,"Shawshank Redemption, The (1994)",4.4452,Drama
547,5,178,12 Angry Men (1957),4.344,Drama
548,1,408,"Close Shave, A (1995)",4.4911,Thriller
548,2,513,"Third Man, The (1949)",4.3333,Thriller
548,3,963,Some Folks Call It a Sling Blade (1993),4.2927,Thriller
548,4,480,North by Northwest (1959),4.2849,Thriller
548,5,479,Vertigo (1958),4.2514,Thriller
549,1,174,Raiders of the Lost Ark (1981),4.2524,Action
549,2,313,Titanic (1997),4.2457,Action
549,3,172,"Empire Strikes Back, The (1980)",4.2044,Action
549,4,187,"Godfather: Part II, The (1974)",4.1866,Action
549,5,498,"African Queen, The (1951)",4.1842,Action
550,1,127,"Godfather, The (1972)",4.2833,Action
550,2,174,Raiders of the Lost Ark (1981),4.2524,Action
550,3,172,"Empire Strikes Back, The (1980)",4.2044,Action
550,4,515,"Boot, Das (1981)",4.204,Action
550,5,187,"Godfather: Part II, The (1974)",4.1866,Action
551,1,1449,Pather Panchali (1955),4.625,Drama
551,2,483,Casablanca (1942),4.4568,Drama
551,3,178,12 Angry Men (1957),4.344,Drama
551,4,134,Citizen Kane (1941),4.2929,Drama
551,5,963,Some Folks Call It a Sling Blade (1993),4.2927,Drama
552,1,408,"Close Shave, A (1995)",4.4911,Comedy
552,2,169,"Wrong Trousers, The (1993)",4.4661,Comedy
552,3,480,North by Northwest (1959),4.2849,Comedy
552,4,251,Shall We Dance? (1996),4.2609,Comedy
552,5,316,As Good As It Gets (1997),4.1964,Comedy
553,1,1449,Pather Panchali (1955),4.625,Drama
553,2,318,Schindler's List (1993),4.4664,Drama
553,3,64,"Shawshank Redemption, The (1994)",4.4452,Drama
553,4,963,Some Folks Call It a Sling Blade (1993),4.2927,Drama
553,5,357,One Flew Over the Cuckoo's Nest (1975),4.2917,Drama
554,1,1449,Pather Panchali (1955),4.625,Drama
554,2,483,Casablanca (1942),4.4568,Drama
554,3,64,"Shawshank Redemption, The (1994)",4.4452,Drama
554,4,178,12 Angry Men (1957),4.344,Drama
554,5,134,Citizen Kane (1941),4.2929,Drama
555,1,408,"Close Shave, A (1995)",4.4911,Comedy
555,2,251,Shall We Dance? (1996),4.2609,Comedy
555,3,316,As Good As It Gets (1997),4.1964,Comedy
555,4,170,Cinema Paradiso (1988),4.1736,Comedy
555,5,173,"Princess Bride, The (1987)",4.1728,Comedy
556,1,1449,Pather Panchali (1955),4.625,Drama
556,2,483,Casablanca (1942),4.4568,Drama
556,3,963,Some Folks Call It a Sling Blade (1993),4.2927,Drama
556,4,357,One Flew Over the Cuckoo's Nest (1975),4.2917,Drama
556,5,98,"Silence of the Lambs, The (1991)",4.2897,Drama
557,1,1449,Pather Panchali (1955),4.625,Drama
557,2,318,Schindler's List (1993),4.4664,Drama
557,3,483,Casablanca (1942),4.4568,Drama
557,4,64,"Shawshank Redemption, The (1994)",4.4452,Drama
557,5,178,12 Angry Men (1957),4.344,Drama
558,1,1449,Pather Panchali (1955),4.625,Drama
558,2,318,Schindler's List (1993),4.4664,Drama
558,3,483,Casablanca (1942),4.4568,Drama
558,4,64,"Shawshank Redemption, The (1994)",4.4452,Drama
558,5,178,12 Angry Men (1957),4.344,Drama
559,1,1449,Pather Panchali (1955),4.625,Drama
559,2,483,Casablanca (1942),4.4568,Drama
559,3,64,"Shawshank Redemption, The (1994)",4.4452,Drama
559,4,178,12 Angry Men (1957),4.344,Drama
559,5,134,Citizen Kane (1941),4.2929,Drama
560,1,1449,Pather Panchali (1955),4.625,Drama
560,2,64,"Shawshank Redemption, The (1994)",4.4452,Drama
560,3,178,12 Angry Men (1957),4.344,Drama
560,4,963,Some Folks Call It a Sling Blade (1993),4.2927,Drama
560,5,427,To Kill a Mockingbird (1962),4.2922,Drama
561,1,134,Citizen Kane (1941),4.2929,Drama
561,2,963,Some Folks Call It a Sling Blade (1993),4.2927,Drama
561,3,127,"Godfather, The (1972)",4.2833,Drama
561,4,272,Good Will Hunting (1997),4.2626,Drama
561,5,313,Titanic (1997),4.2457,Drama
562,1,1449,Pather Panchali (1955),4.625,Drama
562,2,64,"Shawshank Redemption, The (1994)",4.4452,Drama
562,3,178,12 Angry Men (1957),4.344,Drama
562,4,134,Citizen Kane (1941),4.2929,Drama
562,5,963,Some Folks Call It a Sling Blade (1993),4.2927,Drama
563,1,408,"Close Shave, A (1995)",4.4911,Comedy
563,2,169,"Wrong Trousers, The (1993)",4.4661,Comedy
563,3,480,North by Northwest (1959),4.2849,Comedy
563,4,251,Shall We Dance? (1996),4.2609,Comedy
563,5,316,As Good As It Gets (1997),4.1964,Comedy
564,1,174,Raiders of the Lost Ark (1981),4.2524,Action
564,2,172,"Empire Strikes Back, The (1980)",4.2044,Action
564,3,515,"Boot, Das (1981)",4.204,Action
564,4,187,"Godfather: Part II, The (1974)",4.1866,Action
564,5,498,"African Queen, The (1951)",4.1842,Action
565,1,1449,Pather Panchali (1955),4.625,Drama
565,2,318,Schindler's List (1993),4.4664,Drama
565,3,483,Casablanca (1942),4.4568,Drama
565,4,64,"Shawshank Redemption, The (1994)",4.4452,Drama
565,5,178,12 Angry Men (1957),4.344,Drama
566,1,1449,Pather Panchali (1955),4.625,Drama
566,2,178,12 Angry Men (1957),4.344,Drama
566,3,963,Some Folks Call It a Sling Blade (1993),4.2927,Drama
566,4,427,To Kill a Mockingbird (1962),4.2922,Drama
566,5,357,One Flew Over the Cuckoo's Nest (1975),4.2917,Drama
567,1,1449,Pather Panchali (1955),4.625,Drama
567,2,64,"Shawshank Redemption, The (1994)",4.4452,Drama
567,3,963,Some Folks Call It a Sling Blade (1993),4.2927,Drama
567,4,98,"Silence of the Lambs, The (1991)",4.2897,Drama
567,5,285,Secrets & Lies (1996),4.2654,Drama
568,1,1449,Pather Panchali (1955),4.625,Drama
568,2,318,Schindler's List (1993),4.4664,Drama
568,3,64,"Shawshank Redemption, The (1994)",4.4452,Drama
568,4,963,Some Folks Call It a Sling Blade (1993),4.2927,Drama
568,5,357,One Flew Over the Cuckoo's Nest (1975),4.2917,Drama
569,1,1449,Pather Panchali (1955),4.625,Drama
569,2,318,Schindler's List (1993),4.4664,Drama
569,3,483,Casablanca (1942),4.4568,Drama
569,4,64,"Shawshank Redemption, The (1994)",4.4452,Drama
569,5,178,12 Angry Men (1957),4.344,Drama
570,1,1449,Pather Panchali (1955),4.625,Drama
570,2,318,Schindler's List (1993),4.4664,Drama
570,3,483,Casablanca (1942),4.4568,Drama
570,4,64,"Shawshank Redemption, The (1994)",4.4452,Drama
570,5,178,12 Angry Men (1957),4.344,Drama
571,1,1449,Pather Panchali (1955),4.625,Drama
571,2,318,Schindler's List (1993),4.4664,Drama
571,3,483,Casablanca (1942),4.4568,Drama
571,4,178,12 Angry Men (1957),4.344,Drama
571,5,134,Citizen Kane (1941),4.2929,Drama
572,1,1449,Pather Panchali (1955),4.625,Drama
572,2,318,Schindler's List (1993),4.4664,Drama
572,3,483,Casablanca (1942),4.4568,Drama
572,4,64,"Shawshank Redemption, The (1994)",4.4452,Drama
572,5,178,12 Angry Men (1957),4.344,Drama
573,1,1449,Pather Panchali (1955),4.625,Drama
573,2,318,Schindler's List (1993),4.4664,Drama
573,3,483,Casablanca (1942),4.4568,Drama
573,4,64,"Shawshank Redemption, The (1994)",4.4452,Drama
573,5,963,Some Folks Call It a Sling Blade (1993),4.2927,Drama
574,1,1449,Pather Panchali (1955),4.625,Drama
574,2,318,Schindler's List (1993),4.4664,Drama
574,3,483,Casablanca (1942),4.4568,Drama
574,4,64,"Shawshank Redemption, The (1994)",4.4452,Drama
574,5,178,12 Angry Men (1957),4.344,Drama
575,1,1449,Pather Panchali (1955),4.625,Drama
575,2,64,"Shawshank Redemption, The (1994)",4.4452,Drama
575,3,178,12 Angry Men (1957),4.344,Drama
575,4,134,Citizen Kane (1941),4.2929,Drama
575,5,285,Secrets & Lies (1996),4.2654,Drama
576,1,1449,Pather Panchali (1955),4.625,Drama
576,2,318,Schindler's List (1993),4.4664,Drama
576,3,483,Casablanca (1942),4.4568,Drama
576,4,64,"Shawshank Redemption, The (1994)",4.4452,Drama
576,5,178,12 Angry Men (1957),4.344,Drama
577,1,408,"Close Shave, A (1995)",4.4911,Comedy
577,2,169,"Wrong Trousers, The (1993)",4.4661,Comedy
577,3,480,North by Northwest (1959),4.2849,Comedy
577,4,251,Shall We Dance? (1996),4.2609,Comedy
577,5,316,As Good As It Gets (1997),4.1964,Comedy
578,1,50,Star Wars (1977),4.3585,Action
578,2,127,"Godfather, The (1972)",4.2833,Action
578,3,174,Raiders of the Lost Ark (1981),4.2524,Action
578,4,172,"Empire Strikes Back, The (1980)",4.2044,Action
578,5,515,"Boot, Das (1981)",4.204,Action
579,1,480,North by Northwest (1959),4.2849,Comedy
579,2,251,Shall We Dance? (1996),4.2609,Comedy
579,3,316,As Good As It Gets (1997),4.1964,Comedy
579,4,170,Cinema Paradiso (1988),4.1736,Comedy
579,5,1007,Waiting for Guffman (1996),4.1277,Comedy
580,1,127,"Godfather, The (1972)",4.2833,Action
580,2,174,Raiders of the Lost Ark (1981),4.2524,Action
580,3,313,Titanic (1997),4.2457,Action
580,4,172,"Empire Strikes Back, The (1980)",4.2044,Action
580,5,515,"Boot, Das (1981)",4.204,Action
581,1,1449,Pather Panchali (1955),4.625,Drama
581,2,318,Schindler's List (1993),4.4664,Drama
581,3,483,Casablanca (1942),4.4568,Drama
581,4,64,"Shawshank Redemption, The (1994)",4.4452,Drama
581,5,178,12 Angry Men (1957),4.344,Drama
582,1,127,"Godfather, The (1972)",4.2833,Action
582,2,174,Raiders of the Lost Ark (1981),4.2524,Action
582,3,172,"Empire Strikes Back, The (1980)",4.2044,Action
582,4,515,"Boot, Das (1981)",4.204,Action
582,5,187,"Godfather: Part II, The (1974)",4.1866,Action
583,1,1449,Pather Panchali (1955),4.625,Drama
583,2,318,Schindler's List (1993),4.4664,Drama
583,3,64,"Shawshank Redemption, The (1994)",4.4452,Drama
583,4,178,12 Angry Men (1957),4.344,Drama
583,5,134,Citizen Kane (1941),4.2929,Drama
584,1,127,"Godfather, The (1972)",4.2833,Action
584,2,174,Raiders of the Lost Ark (1981),4.2524,Action
584,3,515,"Boot, Das (1981)",4.204,Action
584,4,187,"Godfather: Part II, The (1974)",4.1866,Action
584,5,498,"African Queen, The (1951)",4.1842,Action
585,1,318,Schindler's List (1993),4.4664,Drama
585,2,483,Casablanca (1942),4.4568,Drama
585,3,64,"Shawshank Redemption, The (1994)",4.4452,Drama
585,4,178,12 Angry Men (1957),4.344,Drama
585,5,134,Citizen Kane (1941),4.2929,Drama
586,1,313,Titanic (1997),4.2457,Action
586,2,515,"Boot, Das (1981)",4.204,Action
586,3,498,"African Queen, The (1951)",4.1842,Action
586,4,1019,"Die xue shuang xiong (Killer, The) (1989)",3.9677,Action
586,5,435,Butch Cassidy and the Sundance Kid (1969),3.9491,Action
587,1,1449,Pather Panchali (1955),4.625,Drama
587,2,318,Schindler's List (1993),4.4664,Drama
587,3,483,Casablanca (1942),4.4568,Drama
587,4,64,"Shawshank Redemption, The (1994)",4.4452,Drama
587,5,178,12 Angry Men (1957),4.344,Drama
588,1,1449,Pather Panchali (1955),4.625,Drama
588,2,64,"Shawshank Redemption, The (1994)",4.4452,Drama
588,3,134,Citizen Kane (1941),4.2929,Drama
588,4,963,Some Folks Call It a Sling Blade (1993),4.2927,Drama
588,5,427,To Kill a Mockingbird (1962),4.2922,Drama
589,1,408,"Close Shave, A (1995)",4.4911,Thriller
589,2,603,Rear Window (1954),4.3876,Thriller
589,3,12,"Usual Suspects, The (1995)",4.3858,Thriller
589,4,513,"Third Man, The (1949)",4.3333,Thriller
589,5,963,Some Folks Call It a Sling Blade (1993),4.2927,Thriller
590,1,1449,Pather Panchali (1955),4.625,Drama
590,2,318,Schindler's List (1993),4.4664,Drama
590,3,483,Casablanca (1942),4.4568,Drama
590,4,64,"Shawshank Redemption, The (1994)",4.4452,Drama
590,5,178,12 Angry Men (1957),4.344,Drama
591,1,408,"Close Shave, A (1995)",4.4911,Comedy
591,2,169,"Wrong Trousers, The (1993)",4.4661,Comedy
591,3,480,North by Northwest (1959),4.2849,Comedy
591,4,251,Shall We Dance? (1996),4.2609,Comedy
591,5,316,As Good As It Gets (1997),4.1964,Comedy
592,1,1449,Pather Panchali (1955),4.625,Drama
592,2,1524,Kaspar Hauser (1993),4.25,Drama
592,3,641,Paths of Glory (1957),4.2121,Drama
592,4,515,"Boot, Das (1981)",4.204,Drama
592,5,1396,Stonewall (1995),4.2,Drama
593,1,1449,Pather Panchali (1955),4.625,Drama
593,2,483,Casablanca (1942),4.4568,Drama
593,3,64,"Shawshank Redemption, The (1994)",4.4452,Drama
593,4,178,12 Angry Men (1957),4.344,Drama
593,5,134,Citizen Kane (1941),4.2929,Drama
594,1,1449,Pather Panchali (1955),4.625,Drama
594,2,318,Schindler's List (1993),4.4664,Drama
594,3,64,"Shawshank Redemption, The (1994)",4.4452,Drama
594,4,178,12 Angry Men (1957),4.344,Drama
594,5,134,Citizen Kane (1941),4.2929,Drama
595,1,1449,Pather Panchali (1955),4.625,Drama
595,2,318,Schindler's List (1993),4.4664,Drama
595,3,483,Casablanca (1942),4.4568,Drama
595,4,64,"Shawshank Redemption, The (1994)",4.4452,Drama
595,5,178,12 Angry Men (1957),4.344,Drama
596,1,127,"Godfather, The (1972)",4.2833,Action
596,2,174,Raiders of the Lost Ark (1981),4.2524,Action
596,3,172,"Empire Strikes Back, The (1980)",4.2044,Action
596,4,515,"Boot, Das (1981)",4.204,Action
596,5,187,"Godfather: Part II, The (1974)",4.1866,Action
597,1,174,Raiders of the Lost Ark (1981),4.2524,Action
597,2,313,Titanic (1997),4.2457,Action
597,3,172,"Empire Strikes Back, The (1980)",4.2044,Action
597,4,515,"Boot, Das (1981)",4.204,Action
597,5,187,"Godfather: Part II, The (1974)",4.1866,Action
598,1,1449,Pather Panchali (1955),4.625,Drama
598,2,318,Schindler's List (1993),4.4664,Drama
598,3,483,Casablanca (1942),4.4568,Drama
598,4,64,"Shawshank Redemption, The (1994)",4.4452,Drama
598,5,178,12 Angry Men (1957),4.344,Drama
599,1,483,Casablanca (1942),4.4568,Romance
599,2,50,Star Wars (1977),4.3585,Romance
599,3,313,Titanic (1997),4.2457,Romance
599,4,172,"Empire Strikes Back, The (1980)",4.2044,Romance
599,5,966,"Affair to Remember, An (1957)",4.1923,Romance
600,1,313,Titanic (1997),4.2457,Action
600,2,498,"African Queen, The (1951)",4.1842,Action
600,3,173,"Princess Bride, The (1987)",4.1728,Action
600,4,1019,"Die xue shuang xiong (Killer, The) (1989)",3.9677,Action
600,5,28,Apollo 13 (1995),3.9312,Action
601,1,1449,Pather Panchali (1955),4.625,Drama
601,2,134,Citizen Kane (1941),4.2929,Drama
601,3,963,Some Folks Call It a Sling Blade (1993),4.2927,Drama
601,4,285,Secrets & Lies (1996),4.2654,Drama
601,5,272,Good Will Hunting (1997),4.2626,Drama
602,1,174,Raiders of the Lost Ark (1981),4.2524,Action
602,2,313,Titanic (1997),4.2457,Action
602,3,172,"Empire Strikes Back, The (1980)",4.2044,Action
602,4,515,"Boot, Das (1981)",4.204,Action
602,5,187,"Godfather: Part II, The (1974)",4.1866,Action
603,1,127,"Godfather, The (1972)",4.2833,Action
603,2,515,"Boot, Das (1981)",4.204,Action
603,3,187,"Godfather: Part II, The (1974)",4.1866,Action
603,4,498,"African Queen, The (1951)",4.1842,Action
603,5,651,Glory (1989),4.076,Action
604,1,208,Young Frankenstein (1974),3.945,Horror
604,2,853,Braindead (1992),3.8571,Horror
604,3,1243,Night Flier (1997),3.7143,Horror
604,4,671,Bride of Frankenstein (1935),3.6087,Horror
604,5,675,"Nosferatu (Nosferatu, eine Symphonie des Grauens) (1922)",3.5556,Horror
605,1,1449,Pather Panchali (1955),4.625,Drama
605,2,178,12 Angry Men (1957),4.344,Drama
605,3,134,Citizen Kane (1941),4.2929,Drama
605,4,963,Some Folks Call It a Sling Blade (1993),4.2927,Drama
605,5,427,To Kill a Mockingbird (1962),4.2922,Drama
606,1,1449,Pather Panchali (1955),4.625,Drama
606,2,318,Schindler's List (1993),4.4664,Drama
606,3,134,Citizen Kane (1941),4.2929,Drama
606,4,357,One Flew Over the Cuckoo's Nest (1975),4.2917,Drama
606,5,285,Secrets & Lies (1996),4.2654,Drama
607,1,1449,Pather Panchali (1955),4.625,Drama
607,2,318,Schindler's List (1993),4.4664,Drama
607,3,64,"Shawshank Redemption, The (1994)",4.4452,Drama
607,4,178,12 Angry Men (1957),4.344,Drama
607,5,134,Citizen Kane (1941),4.2929,Drama
608,1,1449,Pather Panchali (1955),4.625,Drama
608,2,178,12 Angry Men (1957),4.344,Drama
608,3,963,Some Folks Call It a Sling Blade (1993),4.2927,Drama
608,4,285,Secrets & Lies (1996),4.2654,Drama
608,5,272,Good Will Hunting (1997),4.2626,Drama
609,1,169,"Wrong Trousers, The (1993)",4.4661,Comedy
609,2,480,North by Northwest (1959),4.2849,Comedy
609,3,251,Shall We Dance? (1996),4.2609,Comedy
609,4,316,As Good As It Gets (1997),4.1964,Comedy
609,5,170,Cinema Paradiso (1988),4.1736,Comedy
610,1,1449,Pather Panchali (1955),4.625,Drama
610,2,64,"Shawshank Redemption, The (1994)",4.4452,Drama
610,3,178,12 Angry Men (1957),4.344,Drama
610,4,134,Citizen Kane (1941),4.2929,Drama
610,5,963,Some Folks Call It a Sling Blade (1993),4.2927,Drama
611,1,1449,Pather Panchali (1955),4.625,Drama
611,2,318,Schindler's List (1993),4.4664,Drama
611,3,483,Casablanca (1942),4.4568,Drama
611,4,64,"Shawshank Redemption, The (1994)",4.4452,Drama
611,5,178,12 Angry Men (1957),4.344,Drama
612,1,408,"Close Shave, A (1995)",4.4911,Comedy
612,2,169,"Wrong Trousers, The (1993)",4.4661,Comedy
612,3,251,Shall We Dance? (1996),4.2609,Comedy
612,4,316,As Good As It Gets (1997),4.1964,Comedy
612,5,170,Cinema Paradiso (1988),4.1736,Comedy
613,1,1449,Pather Panchali (1955),4.625,Drama
613,2,483,Casablanca (1942),4.4568,Drama
613,3,178,12 Angry Men (1957),4.344,Drama
613,4,134,Citizen Kane (1941),4.2929,Drama
613,5,963,Some Folks Call It a Sling Blade (1993),4.2927,Drama
614,1,1449,Pather Panchali (1955),4.625,Drama
614,2,318,Schindler's List (1993),4.4664,Drama
614,3,483,Casablanca (1942),4.4568,Drama
614,4,64,"Shawshank Redemption, The (1994)",4.4452,Drama
614,5,178,12 Angry Men (1957),4.344,Drama
615,1,1449,Pather Panchali (1955),4.625,Drama
615,2,318,Schindler's List (1993),4.4664,Drama
615,3,483,Casablanca (1942),4.4568,Drama
615,4,64,"Shawshank Redemption, The (1994)",4.4452,Drama
615,5,134,Citizen Kane (1941),4.2929,Drama
616,1,408,"Close Shave, A (1995)",4.4911,Thriller
616,2,603,Rear Window (1954),4.3876,Thriller
616,3,12,"Usual Suspects, The (1995)",4.3858,Thriller
616,4,513,"Third Man, The (1949)",4.3333,Thriller
616,5,963,Some Folks Call It a Sling Blade (1993),4.2927,Thriller
617,1,208,Young Frankenstein (1974),3.945,Horror
617,2,853,Braindead (1992),3.8571,Horror
617,3,1243,Night Flier (1997),3.7143,Horror
617,4,307,"Devil's Advocate, The (1997)",3.516,Horror
617,5,445,"Body Snatcher, The (1945)",3.5,Horror
618,1,1449,Pather Panchali (1955),4.625,Drama
618,2,178,12 Angry Men (1957),4.344,Drama
618,3,134,Citizen Kane (1941),4.2929,Drama
618,4,963,Some Folks Call It a Sling Blade (1993),4.2927,Drama
618,5,357,One Flew Over the Cuckoo's Nest (1975),4.2917,Drama
619,1,172,"Empire Strikes Back, The (1980)",4.2044,Action
619,2,498,"African Queen, The (1951)",4.1842,Action
619,3,173,"Princess Bride, The (1987)",4.1728,Action
619,4,1019,"Die xue shuang xiong (Killer, The) (1989)",3.9677,Action
619,5,435,Butch Cassidy and the Sundance Kid (1969),3.9491,Action
620,1,132,"Wizard of Oz, The (1939)",4.0772,Childrens
620,2,500,Fly Away Home (1996),3.9032,Childrens
620,3,1063,"Little Princess, A (1995)",3.6585,Childrens
620,4,1473,"Little Princess, The (1939)",3.5556,Childrens
620,5,584,"Secret Garden, The (1993)",3.5443,Childrens
621,1,408,"Close Shave, A (1995)",4.4911,Comedy
621,2,169,"Wrong Trousers, The (1993)",4.4661,Comedy
621,3,480,North by Northwest (1959),4.2849,Comedy
621,4,251,Shall We Dance? (1996),4.2609,Comedy
621,5,316,As Good As It Gets (1997),4.1964,Comedy
622,1,313,Titanic (1997),4.2457,Action
622,2,515,"Boot, Das (1981)",4.204,Action
622,3,187,"Godfather: Part II, The (1974)",4.1866,Action
622,4,498,"African Queen, The (1951)",4.1842,Action
622,5,651,Glory (1989),4.076,Action
623,1,408,"Close Shave, A (1995)",4.4911,Comedy
623,2,169,"Wrong Trousers, The (1993)",4.4661,Comedy
623,3,480,North by Northwest (1959),4.2849,Comedy
623,4,251,Shall We Dance? (1996),4.2609,Comedy
623,5,316,As Good As It Gets (1997),4.1964,Comedy
624,1,1449,Pather Panchali (1955),4.625,Drama
624,2,318,Schindler's List (1993),4.4664,Drama
624,3,483,Casablanca (1942),4.4568,Drama
624,4,64,"Shawshank Redemption, The (1994)",4.4452,Drama
624,5,178,12 Angry Men (1957),4.344,Drama
625,1,1449,Pather Panchali (1955),4.625,Drama
625,2,318,Schindler's List (1993),4.4664,Drama
625,3,64,"Shawshank Redemption, The (1994)",4.4452,Drama
625,4,178,12 Angry Men (1957),4.344,Drama
625,5,963,Some Folks Call It a Sling Blade (1993),4.2927,Drama
626,1,408,"Close Shave, A (1995)",4.4911,Thriller
626,2,603,Rear Window (1954),4.3876,Thriller
626,3,12,"Usual Suspects, The (1995)",4.3858,Thriller
626,4,513,"Third Man, The (1949)",4.3333,Thriller
626,5,963,Some Folks Call It a Sling Blade (1993),4.2927,Thriller
627,1,1449,Pather Panchali (1955),4.625,Drama
627,2,483,Casablanca (1942),4.4568,Drama
627,3,178,12 Angry Men (1957),4.344,Drama
627,4,134,Citizen Kane (1941),4.2929,Drama
627,5,963,Some Folks Call It a Sling Blade (1993),4.2927,Drama
628,1,1449,Pather Panchali (1955),4.625,Drama
628,2,318,Schindler's List (1993),4.4664,Drama
628,3,483,Casablanca (1942),4.4568,Drama
628,4,64,"Shawshank Redemption, The (1994)",4.4452,Drama
628,5,178,12 Angry Men (1957),4.344,Drama
629,1,1449,Pather Panchali (1955),4.625,Drama
629,2,318,Schindler's List (1993),4.4664,Drama
629,3,483,Casablanca (1942),4.4568,Drama
629,4,178,12 Angry Men (1957),4.344,Drama
629,5,134,Citizen Kane (1941),4.2929,Drama
630,1,1449,Pather Panchali (1955),4.625,Drama
630,2,318,Schindler's List (1993),4.4664,Drama
630,3,483,Casablanca (1942),4.4568,Drama
630,4,178,12 Angry Men (1957),4.344,Drama
630,5,134,Citizen Kane (1941),4.2929,Drama
631,1,1449,Pather Panchali (1955),4.625,Drama
631,2,318,Schindler's List (1993),4.4664,Drama
631,3,483,Casablanca (1942),4.4568,Drama
631,4,64,"Shawshank Redemption, The (1994)",4.4452,Drama
631,5,178,12 Angry Men (1957),4.344,Drama
632,1,1449,Pather Panchali (1955),4.625,Drama
632,2,178,12 Angry Men (1957),4.344,Drama
632,3,963,Some Folks Call It a Sling Blade (1993),4.2927,Drama
632,4,427,To Kill a Mockingbird (1962),4.2922,Drama
632,5,127,"Godfather, The (1972)",4.2833,Drama
633,1,127,"Godfather, The (1972)",4.2833,Action
633,2,174,Raiders of the Lost Ark (1981),4.2524,Action
633,3,313,Titanic (1997),4.2457,Action
633,4,515,"Boot, Das (1981)",4.204,Action
633,5,187,"Godfather: Part II, The (1974)",4.1866,Action
634,1,1449,Pather Panchali (1955),4.625,Drama
634,2,318,Schindler's List (1993),4.4664,Drama
634,3,483,Casablanca (1942),4.4568,Drama
634,4,64,"Shawshank Redemption, The (1994)",4.4452,Drama
634,5,178,12 Angry Men (1957),4.344,Drama
635,1,408,"Close Shave, A (1995)",4.4911,Thriller
635,2,603,Rear Window (1954),4.3876,Thriller
635,3,12,"Usual Suspects, The (1995)",4.3858,Thriller
635,4,513,"Third Man, The (1949)",4.3333,Thriller
635,5,963,Some Folks Call It a Sling Blade (1993),4.2927,Thriller
636,1,1449,Pather Panchali (1955),4.625,Drama
636,2,318,Schindler's List (1993),4.4664,Drama
636,3,483,Casablanca (1942),4.4568,Drama
636,4,64,"Shawshank Redemption, The (1994)",4.4452,Drama
636,5,178,12 Angry Men (1957),4.344,Drama
637,1,1449,Pather Panchali (1955),4.625,Drama
637,2,318,Schindler's List (1993),4.4664,Drama
637,3,483,Casablanca (1942),4.4568,Drama
637,4,64,"Shawshank Redemption, The (1994)",4.4452,Drama
637,5,178,12 Angry Men (1957),4.344,Drama
638,1,313,Titanic (1997),4.2457,Action
638,2,498,"African Queen, The (1951)",4.1842,Action
638,3,173,"Princess Bride, The (1987)",4.1728,Action
638,4,651,Glory (1989),4.076,Action
638,5,79,"Fugitive, The (1993)",4.0446,Action
639,1,1449,Pather Panchali (1955),4.625,Drama
639,2,318,Schindler's List (1993),4.4664,Drama
639,3,64,"Shawshank Redemption, The (1994)",4.4452,Drama
639,4,134,Citizen Kane (1941),4.2929,Drama
639,5,963,Some Folks Call It a Sling Blade (1993),4.2927,Drama
640,1,408,"Close Shave, A (1995)",4.4911,Comedy
640,2,480,North by Northwest (1959),4.2849,Comedy
640,3,251,Shall We Dance? (1996),4.2609,Comedy
640,4,316,As Good As It Gets (1997),4.1964,Comedy
640,5,1007,Waiting for Guffman (1996),4.1277,Comedy
641,1,1449,Pather Panchali (1955),4.625,Drama
641,2,318,Schindler's List (1993),4.4664,Drama
641,3,178,12 Angry Men (1957),4.344,Drama
641,4,963,Some Folks Call It a Sling Blade (1993),4.2927,Drama
641,5,357,One Flew Over the Cuckoo's Nest (1975),4.2917,Drama
642,1,408,"Close Shave, A (1995)",4.4911,Comedy
642,2,169,"Wrong Trousers, The (1993)",4.4661,Comedy
642,3,480,North by Northwest (1959),4.2849,Comedy
642,4,251,Shall We Dance? (1996),4.2609,Comedy
642,5,316,As Good As It Gets (1997),4.1964,Comedy
643,1,480,North by Northwest (1959),4.2849,Comedy
643,2,251,Shall We Dance? (1996),4.2609,Comedy
643,3,316,As Good As It Gets (1997),4.1964,Comedy
643,4,170,Cinema Paradiso (1988),4.1736,Comedy
643,5,1007,Waiting for Guffman (1996),4.1277,Comedy
644,1,174,Raiders of the Lost Ark (1981),4.2524,Action
644,2,313,Titanic (1997),4.2457,Action
644,3,172,"Empire Strikes Back, The (1980)",4.2044,Action
644,4,515,"Boot, Das (1981)",4.204,Action
644,5,187,"Godfather: Part II, The (1974)",4.1866,Action
645,1,1449,Pather Panchali (1955),4.625,Drama
645,2,178,12 Angry Men (1957),4.344,Drama
645,3,127,"Godfather, The (1972)",4.2833,Drama
645,4,285,Secrets & Lies (1996),4.2654,Drama
645,5,272,Good Will Hunting (1997),4.2626,Drama
646,1,1449,Pather Panchali (1955),4.625,Drama
646,2,318,Schindler's List (1993),4.4664,Drama
646,3,483,Casablanca (1942),4.4568,Drama
646,4,64,"Shawshank Redemption, The (1994)",4.4452,Drama
646,5,178,12 Angry Men (1957),4.344,Drama
647,1,50,Star Wars (1977),4.3585,Action
647,2,127,"Godfather, The (1972)",4.2833,Action
647,3,313,Titanic (1997),4.2457,Action
647,4,172,"Empire Strikes Back, The (1980)",4.2044,Action
647,5,515,"Boot, Das (1981)",4.204,Action
648,1,408,"Close Shave, A (1995)",4.4911,Comedy
648,2,480,North by Northwest (1959),4.2849,Comedy
648,3,251,Shall We Dance? (1996),4.2609,Comedy
648,4,316,As Good As It Gets (1997),4.1964,Comedy
648,5,170,Cinema Paradiso (1988),4.1736,Comedy
649,1,174,Raiders of the Lost Ark (1981),4.2524,Action
649,2,313,Titanic (1997),4.2457,Action
649,3,172,"Empire Strikes Back, The (1980)",4.2044,Action
649,4,515,"Boot, Das (1981)",4.204,Action
649,5,187,"Godfather: Part II, The (1974)",4.1866,Action
650,1,1449,Pather Panchali (1955),4.625,Drama
650,2,318,Schindler's List (1993),4.4664,Drama
650,3,64,"Shawshank Redemption, The (1994)",4.4452,Drama
650,4,178,12 Angry Men (1957),4.344,Drama
650,5,963,Some Folks Call It a Sling Blade (1993),4.2927,Drama
651,1,1449,Pather Panchali (1955),4.625,Drama
651,2,318,Schindler's List (1993),4.4664,Drama
651,3,483,Casablanca (1942),4.4568,Drama
651,4,64,"Shawshank Redemption, The (1994)",4.4452,Drama
651,5,178,12 Angry Men (1957),4.344,Drama
652,1,408,"Close Shave, A (1995)",4.4911,Thriller
652,2,603,Rear Window (1954),4.3876,Thriller
652,3,12,"Usual Suspects, The (1995)",4.3858,Thriller
652,4,513,"Third Man, The (1949)",4.3333,Thriller
652,5,963,Some Folks Call It a Sling Blade (1993),4.2927,Thriller
653,1,1449,Pather Panchali (1955),4.625,Drama
653,2,483,Casablanca (1942),4.4568,Drama
653,3,178,12 Angry Men (1957),4.344,Drama
653,4,134,Citizen Kane (1941),4.2929,Drama
653,5,963,Some Folks Call It a Sling Blade (1993),4.2927,Drama
654,1,1449,Pather Panchali (1955),4.625,Drama
654,2,483,Casablanca (1942),4.4568,Drama
654,3,64,"Shawshank Redemption, The (1994)",4.4452,Drama
654,4,178,12 Angry Men (1957),4.344,Drama
654,5,134,Citizen Kane (1941),4.2929,Drama
655,1,1449,Pather Panchali (1955),4.625,Drama
655,2,1524,Kaspar Hauser (1993),4.25,Drama
655,3,641,Paths of Glory (1957),4.2121,Drama
655,4,1396,Stonewall (1995),4.2,Drama
655,5,199,"Bridge on the River Kwai, The (1957)",4.1758,Drama
656,1,1449,Pather Panchali (1955),4.625,Drama
656,2,318,Schindler's List (1993),4.4664,Drama
656,3,483,Casablanca (1942),4.4568,Drama
656,4,64,"Shawshank Redemption, The (1994)",4.4452,Drama
656,5,178,12 Angry Men (1957),4.344,Drama
657,1,1449,Pather Panchali (1955),4.625,Drama
657,2,318,Schindler's List (1993),4.4664,Drama
657,3,483,Casablanca (1942),4.4568,Drama
657,4,64,"Shawshank Redemption, The (1994)",4.4452,Drama
657,5,178,12 Angry Men (1957),4.344,Drama
658,1,1449,Pather Panchali (1955),4.625,Drama
658,2,483,Casablanca (1942),4.4568,Drama
658,3,64,"Shawshank Redemption, The (1994)",4.4452,Drama
658,4,134,Citizen Kane (1941),4.2929,Drama
658,5,963,Some Folks Call It a Sling Blade (1993),4.2927,Drama
659,1,1449,Pather Panchali (1955),4.625,Drama
659,2,318,Schindler's List (1993),4.4664,Drama
659,3,963,Some Folks Call It a Sling Blade (1993),4.2927,Drama
659,4,427,To Kill a Mockingbird (1962),4.2922,Drama
659,5,285,Secrets & Lies (1996),4.2654,Drama
660,1,127,"Godfather, The (1972)",4.2833,Action
660,2,187,"Godfather: Part II, The (1974)",4.1866,Action
660,3,498,"African Queen, The (1951)",4.1842,Action
660,4,651,Glory (1989),4.076,Action
660,5,1019,"Die xue shuang xiong (Killer, The) (1989)",3.9677,Action
661,1,1449,Pather Panchali (1955),4.625,Drama
661,2,483,Casablanca (1942),4.4568,Drama
661,3,134,Citizen Kane (1941),4.2929,Drama
661,4,963,Some Folks Call It a Sling Blade (1993),4.2927,Drama
661,5,98,"Silence of the Lambs, The (1991)",4.2897,Drama
662,1,1449,Pather Panchali (1955),4.625,Drama
662,2,318,Schindler's List (1993),4.4664,Drama
662,3,483,Casablanca (1942),4.4568,Drama
662,4,64,"Shawshank Redemption, The (1994)",4.4452,Drama
662,5,178,12 Angry Men (1957),4.344,Drama
663,1,1449,Pather Panchali (1955),4.625,Drama
663,2,483,Casablanca (1942),4.4568,Drama
663,3,178,12 Angry Men (1957),4.344,Drama
663,4,963,Some Folks Call It a Sling Blade (1993),4.2927,Drama
663,5,427,To Kill a Mockingbird (1962),4.2922,Drama
664,1,1449,Pather Panchali (1955),4.625,Drama
664,2,178,12 Angry Men (1957),4.344,Drama
664,3,963,Some Folks Call It a Sling Blade (1993),4.2927,Drama
664,4,357,One Flew Over the Cuckoo's Nest (1975),4.2917,Drama
664,5,272,Good Will Hunting (1997),4.2626,Drama
665,1,1449,Pather Panchali (1955),4.625,Drama
665,2,318,Schindler's List (1993),4.4664,Drama
665,3,64,"Shawshank Redemption, The (1994)",4.4452,Drama
665,4,178,12 Angry Men (1957),4.344,Drama
665,5,963,Some Folks Call It a Sling Blade (1993),4.2927,Drama
666,1,1449,Pather Panchali (1955),4.625,Drama
666,2,178,12 Angry Men (1957),4.344,Drama
666,3,285,Secrets & Lies (1996),4.2654,Drama
666,4,272,Good Will Hunting (1997),4.2626,Drama
666,5,1524,Kaspar Hauser (1993),4.25,Drama
667,1,1449,Pather Panchali (1955),4.625,Drama
667,2,483,Casablanca (1942),4.4568,Drama
667,3,64,"Shawshank Redemption, The (1994)",4.4452,Drama
667,4,178,12 Angry Men (1957),4.344,Drama
667,5,134,Citizen Kane (1941),4.2929,Drama
668,1,1449,Pather Panchali (1955),4.625,Drama
668,2,318,Schindler's List (1993),4.4664,Drama
668,3,483,Casablanca (1942),4.4568,Drama
668,4,64,"Shawshank Redemption, The (1994)",4.4452,Drama
668,5,178,12 Angry Men (1957),4.344,Drama
669,1,1449,Pather Panchali (1955),4.625,Drama
669,2,318,Schindler's List (1993),4.4664,Drama
669,3,178,12 Angry Men (1957),4.344,Drama
669,4,134,Citizen Kane (1941),4.2929,Drama
669,5,963,Some Folks Call It a Sling Blade (1993),4.2927,Drama
670,1,1449,Pather Panchali (1955),4.625,Drama
670,2,318,Schindler's List (1993),4.4664,Drama
670,3,64,"Shawshank Redemption, The (1994)",4.4452,Drama
670,4,178,12 Angry Men (1957),4.344,Drama
670,5,134,Citizen Kane (1941),4.2929,Drama
671,1,127,"Godfather, The (1972)",4.2833,Action
671,2,313,Titanic (1997),4.2457,Action
671,3,515,"Boot, Das (1981)",4.204,Action
671,4,187,"Godfather: Part II, The (1974)",4.1866,Action
671,5,498,"African Queen, The (1951)",4.1842,Action
672,1,408,"Close Shave, A (1995)",4.4911,Comedy
672,2,169,"Wrong Trousers, The (1993)",4.4661,Comedy
672,3,480,North by Northwest (1959),4.2849,Comedy
672,4,251,Shall We Dance? (1996),4.2609,Comedy
672,5,316,As Good As It Gets (1997),4.1964,Comedy
673,1,1449,Pather Panchali (1955),4.625,Drama
673,2,318,Schindler's List (1993),4.4664,Drama
673,3,483,Casablanca (1942),4.4568,Drama
673,4,64,"Shawshank Redemption, The (1994)",4.4452,Drama
673,5,178,12 Angry Men (1957),4.344,Drama
674,1,174,Raiders of the Lost Ark (1981),4.2524,Action
674,2,172,"Empire Strikes Back, The (1980)",4.2044,Action
674,3,515,"Boot, Das (1981)",4.204,Action
674,4,187,"Godfather: Part II, The (1974)",4.1866,Action
674,5,498,"African Queen, The (1951)",4.1842,Action
675,1,1449,Pather Panchali (1955),4.625,Drama
675,2,483,Casablanca (1942),4.4568,Drama
675,3,64,"Shawshank Redemption, The (1994)",4.4452,Drama
675,4,178,12 Angry Men (1957),4.344,Drama
675,5,134,Citizen Kane (1941),4.2929,Drama
676,1,408,"Close Shave, A (1995)",4.4911,Comedy
676,2,251,Shall We Dance? (1996),4.2609,Comedy
676,3,170,Cinema Paradiso (1988),4.1736,Comedy
676,4,1007,Waiting for Guffman (1996),4.1277,Comedy
676,5,1251,A Chef in Love (1996),4.125,Comedy
677,1,1449,Pather Panchali (1955),4.625,Drama
677,2,318,Schindler's List (1993),4.4664,Drama
677,3,483,Casablanca (1942),4.4568,Drama
677,4,64,"Shawshank Redemption, The (1994)",4.4452,Drama
677,5,178,12 Angry Men (1957),4.344,Drama
678,1,1449,Pather Panchali (1955),4.625,Drama
678,2,318,Schindler's List (1993),4.4664,Drama
678,3,483,Casablanca (1942),4.4568,Drama
678,4,64,"Shawshank Redemption, The (1994)",4.4452,Drama
678,5,178,12 Angry Men (1957),4.344,Drama
679,1,408,"Close Shave, A (1995)",4.4911,Comedy
679,2,480,North by Northwest (1959),4.2849,Comedy
679,3,251,Shall We Dance? (1996),4.2609,Comedy
679,4,316,As Good As It Gets (1997),4.1964,Comedy
679,5,170,Cinema Paradiso (1988),4.1736,Comedy
680,1,1449,Pather Panchali (1955),4.625,Drama
680,2,483,Casablanca (1942),4.4568,Drama
680,3,64,"Shawshank Redemption, The (1994)",4.4452,Drama
680,4,178,12 Angry Men (1957),4.344,Drama
680,5,134,Citizen Kane (1941),4.2929,Drama
681,1,1449,Pather Panchali (1955),4.625,Drama
681,2,318,Schindler's List (1993),4.4664,Drama
681,3,483,Casablanca (1942),4.4568,Drama
681,4,64,"Shawshank Redemption, The (1994)",4.4452,Drama
681,5,178,12 Angry Men (1957),4.344,Drama
682,1,1449,Pather Panchali (1955),4.625,Drama
682,2,483,Casablanca (1942),4.4568,Drama
682,3,178,12 Angry Men (1957),4.344,Drama
682,4,134,Citizen Kane (1941),4.2929,Drama
682,5,963,Some Folks Call It a Sling Blade (1993),4.2927,Drama
683,1,1449,Pather Panchali (1955),4.625,Drama
683,2,318,Schindler's List (1993),4.4664,Drama
683,3,483,Casablanca (1942),4.4568,Drama
683,4,64,"Shawshank Redemption, The (1994)",4.4452,Drama
683,5,178,12 Angry Men (1957),4.344,Drama
684,1,169,"Wrong Trousers, The (1993)",4.4661,Comedy
684,2,480,North by Northwest (1959),4.2849,Comedy
684,3,251,Shall We Dance? (1996),4.2609,Comedy
684,4,316,As Good As It Gets (1997),4.1964,Comedy
684,5,170,Cinema Paradiso (1988),4.1736,Comedy
685,1,1449,Pather Panchali (1955),4.625,Drama
685,2,318,Schindler's List (1993),4.4664,Drama
685,3,483,Casablanca (1942),4.4568,Drama
685,4,64,"Shawshank Redemption, The (1994)",4.4452,Drama
685,5,178,12 Angry Men (1957),4.344,Drama
686,1,1449,Pather Panchali (1955),4.625,Drama
686,2,483,Casablanca (1942),4.4568,Drama
686,3,963,Some Folks Call It a Sling Blade (1993),4.2927,Drama
686,4,285,Secrets & Lies (1996),4.2654,Drama
686,5,272,Good Will Hunting (1997),4.2626,Drama
687,1,408,"Close Shave, A (1995)",4.4911,Thriller
687,2,603,Rear Window (1954),4.3876,Thriller
687,3,12,"Usual Suspects, The (1995)",4.3858,Thriller
687,4,513,"Third Man, The (1949)",4.3333,Thriller
687,5,963,Some Folks Call It a Sling Blade (1993),4.2927,Thriller
688,1,408,"Close Shave, A (1995)",4.4911,Thriller
688,2,603,Rear Window (1954),4.3876,Thriller
688,3,12,"Usual Suspects, The (1995)",4.3858,Thriller
688,4,513,"Third Man, The (1949)",4.3333,Thriller
688,5,963,Some Folks Call It a Sling Blade (1993),4.2927,Thriller
689,1,127,"Godfather, The (1972)",4.2833,Action
689,2,174,Raiders of the Lost Ark (1981),4.2524,Action
689,3,313,Titanic (1997),4.2457,Action
689,4,172,"Empire Strikes Back, The (1980)",4.2044,Action
689,5,515,"Boot, Das (1981)",4.204,Action
690,1,408,"Close Shave, A (1995)",4.4911,Comedy
690,2,169,"Wrong Trousers, The (1993)",4.4661,Comedy
690,3,480,North by Northwest (1959),4.2849,Comedy
690,4,251,Shall We Dance? (1996),4.2609,Comedy
690,5,316,As Good As It Gets (1997),4.1964,Comedy
691,1,1449,Pather Panchali (1955),4.625,Drama
691,2,483,Casablanca (1942),4.4568,Drama
691,3,134,Citizen Kane (1941),4.2929,Drama
691,4,963,Some Folks Call It a Sling Blade (1993),4.2927,Drama
691,5,427,To Kill a Mockingbird (1962),4.2922,Drama
692,1,408,"Close Shave, A (1995)",4.4911,Comedy
692,2,169,"Wrong Trousers, The (1993)",4.4661,Comedy
692,3,480,North by Northwest (1959),4.2849,Comedy
692,4,251,Shall We Dance? (1996),4.2609,Comedy
692,5,316,As Good As It Gets (1997),4.1964,Comedy
693,1,1449,Pather Panchali (1955),4.625,Drama
693,2,963,Some Folks Call It a Sling Blade (1993),4.2927,Drama
693,3,285,Secrets & Lies (1996),4.2654,Drama
693,4,1524,Kaspar Hauser (1993),4.25,Drama
693,5,641,Paths of Glory (1957),4.2121,Drama
694,1,1449,Pather Panchali (1955),4.625,Drama
694,2,64,"Shawshank Redemption, The (1994)",4.4452,Drama
694,3,134,Citizen Kane (1941),4.2929,Drama
694,4,963,Some Folks Call It a Sling Blade (1993),4.2927,Drama
694,5,285,Secrets & Lies (1996),4.2654,Drama
695,1,408,"Close Shave, A (1995)",4.4911,Thriller
695,2,603,Rear Window (1954),4.3876,Thriller
695,3,12,"Usual Suspects, The (1995)",4.3858,Thriller
695,4,513,"Third Man, The (1949)",4.3333,Thriller
695,5,963,Some Folks Call It a Sling Blade (1993),4.2927,Thriller
696,1,1449,Pather Panchali (1955),4.625,Drama
696,2,318,Schindler's List (1993),4.4664,Drama
696,3,483,Casablanca (1942),4.4568,Drama
696,4,64,"Shawshank Redemption, The (1994)",4.4452,Drama
696,5,134,Citizen Kane (1941),4.2929,Drama
697,1,408,"Close Shave, A (1995)",4.4911,Thriller
697,2,603,Rear Window (1954),4.3876,Thriller
697,3,12,"Usual Suspects, The (1995)",4.3858,Thriller
697,4,513,"Third Man, The (1949)",4.3333,Thriller
697,5,963,Some Folks Call It a Sling Blade (1993),4.2927,Thriller
698,1,1449,Pather Panchali (1955),4.625,Drama
698,2,318,Schindler's List (1993),4.4664,Drama
698,3,64,"Shawshank Redemption, The (1994)",4.4452,Drama
698,4,178,12 Angry Men (1957),4.344,Drama
698,5,963,Some Folks Call It a Sling Blade (1993),4.2927,Drama
699,1,1449,Pather Panchali (1955),4.625,Drama
699,2,318,Schindler's List (1993),4.4664,Drama
699,3,483,Casablanca (1942),4.4568,Drama
699,4,64,"Shawshank Redemption, The (1994)",4.4452,Drama
699,5,178,12 Angry Men (1957),4.344,Drama
700,1,127,"Godfather, The (1972)",4.2833,Action
700,2,313,Titanic (1997),4.2457,Action
700,3,172,"Empire Strikes Back, The (1980)",4.2044,Action
700,4,515,"Boot, Das (1981)",4.204,Action
700,5,187,"Godfather: Part II, The (1974)",4.1866,Action
701,1,1449,Pather Panchali (1955),4.625,Drama
701,2,318,Schindler's List (1993),4.4664,Drama
701,3,483,Casablanca (1942),4.4568,Drama
701,4,64,"Shawshank Redemption, The (1994)",4.4452,Drama
701,5,178,12 Angry Men (1957),4.344,Drama
702,1,50,Star Wars (1977),4.3585,Action
702,2,127,"Godfather, The (1972)",4.2833,Action
702,3,174,Raiders of the Lost Ark (1981),4.2524,Action
702,4,172,"Empire Strikes Back, The (1980)",4.2044,Action
702,5,515,"Boot, Das (1981)",4.204,Action
703,1,1449,Pather Panchali (1955),4.625,Drama
703,2,318,Schindler's List (1993),4.4664,Drama
703,3,483,Casablanca (1942),4.4568,Drama
703,4,64,"Shawshank Redemption, The (1994)",4.4452,Drama
703,5,178,12 Angry Men (1957),4.344,Drama
704,1,1449,Pather Panchali (1955),4.625,Drama
704,2,483,Casablanca (1942),4.4568,Drama
704,3,64,"Shawshank Redemption, The (1994)",4.4452,Drama
704,4,963,Some Folks Call It a Sling Blade (1993),4.2927,Drama
704,5,427,To Kill a Mockingbird (1962),4.2922,Drama
705,1,127,"Godfather, The (1972)",4.2833,Action
705,2,313,Titanic (1997),4.2457,Action
705,3,515,"Boot, Das (1981)",4.204,Action
705,4,187,"Godfather: Part II, The (1974)",4.1866,Action
705,5,498,"African Queen, The (1951)",4.1842,Action
706,1,408,"Close Shave, A (1995)",4.4911,Thriller
706,2,603,Rear Window (1954),4.3876,Thriller
706,3,12,"Usual Suspects, The (1995)",4.3858,Thriller
706,4,513,"Third Man, The (1949)",4.3333,Thriller
706,5,963,Some Folks Call It a Sling Blade (1993),4.2927,Thriller
707,1,1449,Pather Panchali (1955),4.625,Drama
707,2,178,12 Angry Men (1957),4.344,Drama
707,3,963,Some Folks Call It a Sling Blade (1993),4.2927,Drama
707,4,357,One Flew Over the Cuckoo's Nest (1975),4.2917,Drama
707,5,98,"Silence of the Lambs, The (1991)",4.2897,Drama
708,1,408,"Close Shave, A (1995)",4.4911,Comedy
708,2,169,"Wrong Trousers, The (1993)",4.4661,Comedy
708,3,480,North by Northwest (1959),4.2849,Comedy
708,4,251,Shall We Dance? (1996),4.2609,Comedy
708,5,316,As Good As It Gets (1997),4.1964,Comedy
709,1,313,Titanic (1997),4.2457,Action
709,2,498,"African Queen, The (1951)",4.1842,Action
709,3,1019,"Die xue shuang xiong (Killer, The) (1989)",3.9677,Action
709,4,435,Butch Cassidy and the Sundance Kid (1969),3.9491,Action
709,5,510,"Magnificent Seven, The (1954)",3.9421,Action
710,1,1449,Pather Panchali (1955),4.625,Drama
710,2,178,12 Angry Men (1957),4.344,Drama
710,3,963,Some Folks Call It a Sling Blade (1993),4.2927,Drama
710,4,427,To Kill a Mockingbird (1962),4.2922,Drama
710,5,98,"Silence of the Lambs, The (1991)",4.2897,Drama
711,1,1449,Pather Panchali (1955),4.625,Drama
711,2,178,12 Angry Men (1957),4.344,Drama
711,3,963,Some Folks Call It a Sling Blade (1993),4.2927,Drama
711,4,357,One Flew Over the Cuckoo's Nest (1975),4.2917,Drama
711,5,127,"Godfather, The (1972)",4.2833,Drama
712,1,408,"Close Shave, A (1995)",4.4911,Comedy
712,2,169,"Wrong Trousers, The (1993)",4.4661,Comedy
712,3,480,North by Northwest (1959),4.2849,Comedy
712,4,251,Shall We Dance? (1996),4.2609,Comedy
712,5,316,As Good As It Gets (1997),4.1964,Comedy
713,1,1449,Pather Panchali (1955),4.625,Drama
713,2,318,Schindler's List (1993),4.4664,Drama
713,3,483,Casablanca (1942),4.4568,Drama
713,4,64,"Shawshank Redemption, The (1994)",4.4452,Drama
713,5,178,12 Angry Men (1957),4.344,Drama
714,1,127,"Godfather, The (1972)",4.2833,Action
714,2,174,Raiders of the Lost Ark (1981),4.2524,Action
714,3,313,Titanic (1997),4.2457,Action
714,4,172,"Empire Strikes Back, The (1980)",4.2044,Action
714,5,515,"Boot, Das (1981)",4.204,Action
715,1,127,"Godfather, The (1972)",4.2833,Action
715,2,313,Titanic (1997),4.2457,Action
715,3,515,"Boot, Das (1981)",4.204,Action
715,4,187,"Godfather: Part II, The (1974)",4.1866,Action
715,5,498,"African Queen, The (1951)",4.1842,Action
716,1,1449,Pather Panchali (1955),4.625,Drama
716,2,963,Some Folks Call It a Sling Blade (1993),4.2927,Drama
716,3,285,Secrets & Lies (1996),4.2654,Drama
716,4,272,Good Will Hunting (1997),4.2626,Drama
716,5,1524,Kaspar Hauser (1993),4.25,Drama
717,1,1449,Pather Panchali (1955),4.625,Drama
717,2,318,Schindler's List (1993),4.4664,Drama
717,3,483,Casablanca (1942),4.4568,Drama
717,4,64,"Shawshank Redemption, The (1994)",4.4452,Drama
717,5,178,12 Angry Men (1957),4.344,Drama
718,1,50,Star Wars (1977),4.3585,Action
718,2,127,"Godfather, The (1972)",4.2833,Action
718,3,174,Raiders of the Lost Ark (1981),4.2524,Action
718,4,313,Titanic (1997),4.2457,Action
718,5,172,"Empire Strikes Back, The (1980)",4.2044,Action
719,1,1449,Pather Panchali (1955),4.625,Drama
719,2,483,Casablanca (1942),4.4568,Drama
719,3,178,12 Angry Men (1957),4.344,Drama
719,4,134,Citizen Kane (1941),4.2929,Drama
719,5,963,Some Folks Call It a Sling Blade (1993),4.2927,Drama
720,1,1449,Pather Panchali (1955),4.625,Drama
720,2,318,Schindler's List (1993),4.4664,Drama
720,3,483,Casablanca (1942),4.4568,Drama
720,4,64,"Shawshank Redemption, The (1994)",4.4452,Drama
720,5,178,12 Angry Men (1957),4.344,Drama
721,1,1449,Pather Panchali (1955),4.625,Drama
721,2,483,Casablanca (1942),4.4568,Drama
721,3,178,12 Angry Men (1957),4.344,Drama
721,4,134,Citizen Kane (1941),4.2929,Drama
721,5,963,Some Folks Call It a Sling Blade (1993),4.2927,Drama
722,1,408,"Close Shave, A (1995)",4.4911,Thriller
722,2,603,Rear Window (1954),4.3876,Thriller
722,3,12,"Usual Suspects, The (1995)",4.3858,Thriller
722,4,513,"Third Man, The (1949)",4.3333,Thriller
722,5,963,Some Folks Call It a Sling Blade (1993),4.2927,Thriller
723,1,1449,Pather Panchali (1955),4.625,Drama
723,2,318,Schindler's List (1993),4.4664,Drama
723,3,483,Casablanca (1942),4.4568,Drama
723,4,64,"Shawshank Redemption, The (1994)",4.4452,Drama
723,5,134,Citizen Kane (1941),4.2929,Drama
724,1,1449,Pather Panchali (1955),4.625,Drama
724,2,318,Schindler's List (1993),4.4664,Drama
724,3,483,Casablanca (1942),4.4568,Drama
724,4,64,"Shawshank Redemption, The (1994)",4.4452,Drama
724,5,178,12 Angry Men (1957),4.344,Drama
725,1,408,"Close Shave, A (1995)",4.4911,Thriller
725,2,603,Rear Window (1954),4.3876,Thriller
725,3,12,"Usual Suspects, The (1995)",4.3858,Thriller
725,4,513,"Third Man, The (1949)",4.3333,Thriller
725,5,963,Some Folks Call It a Sling Blade (1993),4.2927,Thriller
726,1,408,"Close Shave, A (1995)",4.4911,Comedy
726,2,169,"Wrong Trousers, The (1993)",4.4661,Comedy
726,3,480,North by Northwest (1959),4.2849,Comedy
726,4,251,Shall We Dance? (1996),4.2609,Comedy
726,5,316,As Good As It Gets (1997),4.1964,Comedy
727,1,313,Titanic (1997),4.2457,Action
727,2,515,"Boot, Das (1981)",4.204,Action
727,3,498,"African Queen, The (1951)",4.1842,Action
727,4,1019,"Die xue shuang xiong (Killer, The) (1989)",3.9677,Action
727,5,298,Face/Off (1997),3.768,Action
728,1,1449,Pather Panchali (1955),4.625,Drama
728,2,318,Schindler's List (1993),4.4664,Drama
728,3,483,Casablanca (1942),4.4568,Drama
728,4,64,"Shawshank Redemption, The (1994)",4.4452,Drama
728,5,178,12 Angry Men (1957),4.344,Drama
729,1,408,"Close Shave, A (1995)",4.4911,Thriller
729,2,603,Rear Window (1954),4.3876,Thriller
729,3,12,"Usual Suspects, The (1995)",4.3858,Thriller
729,4,513,"Third Man, The (1949)",4.3333,Thriller
729,5,963,Some Folks Call It a Sling Blade (1993),4.2927,Thriller
730,1,1449,Pather Panchali (1955),4.625,Drama
730,2,318,Schindler's List (1993),4.4664,Drama
730,3,483,Casablanca (1942),4.4568,Drama
730,4,64,"Shawshank Redemption, The (1994)",4.4452,Drama
730,5,178,12 Angry Men (1957),4.344,Drama
731,1,1449,Pather Panchali (1955),4.625,Drama
731,2,318,Schindler's List (1993),4.4664,Drama
731,3,483,Casablanca (1942),4.4568,Drama
731,4,178,12 Angry Men (1957),4.344,Drama
731,5,134,Citizen Kane (1941),4.2929,Drama
732,1,1449,Pather Panchali (1955),4.625,Drama
732,2,318,Schindler's List (1993),4.4664,Drama
732,3,483,Casablanca (1942),4.4568,Drama
732,4,64,"Shawshank Redemption, The (1994)",4.4452,Drama
732,5,178,12 Angry Men (1957),4.344,Drama
733,1,1449,Pather Panchali (1955),4.625,Drama
733,2,318,Schindler's List (1993),4.4664,Drama
733,3,483,Casablanca (1942),4.4568,Drama
733,4,64,"Shawshank Redemption, The (1994)",4.4452,Drama
733,5,178,12 Angry Men (1957),4.344,Drama
734,1,1449,Pather Panchali (1955),4.625,Drama
734,2,64,"Shawshank Redemption, The (1994)",4.4452,Drama
734,3,178,12 Angry Men (1957),4.344,Drama
734,4,134,Citizen Kane (1941),4.2929,Drama
734,5,963,Some Folks Call It a Sling Blade (1993),4.2927,Drama
735,1,1449,Pather Panchali (1955),4.625,Drama
735,2,318,Schindler's List (1993),4.4664,Drama
735,3,483,Casablanca (1942),4.4568,Drama
735,4,64,"Shawshank Redemption, The (1994)",4.4452,Drama
735,5,178,12 Angry Men (1957),4.344,Drama
736,1,1449,Pather Panchali (1955),4.625,Drama
736,2,318,Schindler's List (1993),4.4664,Drama
736,3,483,Casablanca (1942),4.4568,Drama
736,4,64,"Shawshank Redemption, The (1994)",4.4452,Drama
736,5,178,12 Angry Men (1957),4.344,Drama
737,1,1449,Pather Panchali (1955),4.625,Drama
737,2,318,Schindler's List (1993),4.4664,Drama
737,3,483,Casablanca (1942),4.4568,Drama
737,4,178,12 Angry Men (1957),4.344,Drama
737,5,134,Citizen Kane (1941),4.2929,Drama
738,1,515,"Boot, Das (1981)",4.204,Action
738,2,187,"Godfather: Part II, The (1974)",4.1866,Action
738,3,498,"African Queen, The (1951)",4.1842,Action
738,4,1019,"Die xue shuang xiong (Killer, The) (1989)",3.9677,Action
738,5,435,Butch Cassidy and the Sundance Kid (1969),3.9491,Action
739,1,1449,Pather Panchali (1955),4.625,Drama
739,2,483,Casablanca (1942),4.4568,Drama
739,3,64,"Shawshank Redemption, The (1994)",4.4452,Drama
739,4,178,12 Angry Men (1957),4.344,Drama
739,5,134,Citizen Kane (1941),4.2929,Drama
740,1,408,"Close Shave, A (1995)",4.4911,Thriller
740,2,603,Rear Window (1954),4.3876,Thriller
740,3,12,"Usual Suspects, The (1995)",4.3858,Thriller
740,4,513,"Third Man, The (1949)",4.3333,Thriller
740,5,963,Some Folks Call It a Sling Blade (1993),4.2927,Thriller
741,1,408,"Close Shave, A (1995)",4.4911,Comedy
741,2,169,"Wrong Trousers, The (1993)",4.4661,Comedy
741,3,251,Shall We Dance? (1996),4.2609,Comedy
741,4,316,As Good As It Gets (1997),4.1964,Comedy
741,5,170,Cinema Paradiso (1988),4.1736,Comedy
742,1,1449,Pather Panchali (1955),4.625,Drama
742,2,318,Schindler's List (1993),4.4664,Drama
742,3,483,Casablanca (1942),4.4568,Drama
742,4,64,"Shawshank Redemption, The (1994)",4.4452,Drama
742,5,178,12 Angry Men (1957),4.344,Drama
743,1,1449,Pather Panchali (1955),4.625,Drama
743,2,318,Schindler's List (1993),4.4664,Drama
743,3,483,Casablanca (1942),4.4568,Drama
743,4,64,"Shawshank Redemption, The (1994)",4.4452,Drama
743,5,178,12 Angry Men (1957),4.344,Drama
744,1,1449,Pather Panchali (1955),4.625,Drama
744,2,318,Schindler's List (1993),4.4664,Drama
744,3,64,"Shawshank Redemption, The (1994)",4.4452,Drama
744,4,178,12 Angry Men (1957),4.344,Drama
744,5,134,Citizen Kane (1941),4.2929,Drama
745,1,1449,Pather Panchali (1955),4.625,Drama
745,2,318,Schindler's List (1993),4.4664,Drama
745,3,178,12 Angry Men (1957),4.344,Drama
745,4,134,Citizen Kane (1941),4.2929,Drama
745,5,963,Some Folks Call It a Sling Blade (1993),4.2927,Drama
746,1,313,Titanic (1997),4.2457,Action
746,2,515,"Boot, Das (1981)",4.204,Action
746,3,187,"Godfather: Part II, The (1974)",4.1866,Action
746,4,498,"African Queen, The (1951)",4.1842,Action
746,5,173,"Princess Bride, The (1987)",4.1728,Action
747,1,1449,Pather Panchali (1955),4.625,Drama
747,2,963,Some Folks Call It a Sling Blade (1993),4.2927,Drama
747,3,272,Good Will Hunting (1997),4.2626,Drama
747,4,1524,Kaspar Hauser (1993),4.25,Drama
747,5,641,Paths of Glory (1957),4.2121,Drama
748,1,1449,Pather Panchali (1955),4.625,Drama
748,2,178,12 Angry Men (1957),4.344,Drama
748,3,134,Citizen Kane (1941),4.2929,Drama
748,4,963,Some Folks Call It a Sling Blade (1993),4.2927,Drama
748,5,98,"Silence of the Lambs, The (1991)",4.2897,Drama
749,1,313,Titanic (1997),4.2457,Action
749,2,515,"Boot, Das (1981)",4.204,Action
749,3,651,Glory (1989),4.076,Action
749,4,1019,"Die xue shuang xiong (Killer, The) (1989)",3.9677,Action
749,5,28,Apollo 13 (1995),3.9312,Action
750,1,408,"Close Shave, A (1995)",4.4911,Thriller
750,2,603,Rear Window (1954),4.3876,Thriller
750,3,12,"Usual Suspects, The (1995)",4.3858,Thriller
750,4,513,"Third Man, The (1949)",4.3333,Thriller
750,5,963,Some Folks Call It a Sling Blade (1993),4.2927,Thriller
751,1,408,"Close Shave, A (1995)",4.4911,Comedy
751,2,169,"Wrong Trousers, The (1993)",4.4661,Comedy
751,3,251,Shall We Dance? (1996),4.2609,Comedy
751,4,170,Cinema Paradiso (1988),4.1736,Comedy
751,5,1251,A Chef in Love (1996),4.125,Comedy
752,1,1449,Pather Panchali (1955),4.625,Drama
752,2,318,Schindler's List (1993),4.4664,Drama
752,3,483,Casablanca (1942),4.4568,Drama
752,4,64,"Shawshank Redemption, The (1994)",4.4452,Drama
752,5,178,12 Angry Men (1957),4.344,Drama
753,1,1449,Pather Panchali (1955),4.625,Drama
753,2,318,Schindler's List (1993),4.4664,Drama
753,3,178,12 Angry Men (1957),4.344,Drama
753,4,963,Some Folks Call It a Sling Blade (1993),4.2927,Drama
753,5,127,"Godfather, The (1972)",4.2833,Drama
754,1,1449,Pather Panchali (1955),4.625,Drama
754,2,318,Schindler's List (1993),4.4664,Drama
754,3,483,Casablanca (1942),4.4568,Drama
754,4,64,"Shawshank Redemption, The (1994)",4.4452,Drama
754,5,178,12 Angry Men (1957),4.344,Drama
755,1,1449,Pather Panchali (1955),4.625,Drama
755,2,318,Schindler's List (1993),4.4664,Drama
755,3,483,Casablanca (1942),4.4568,Drama
755,4,64,"Shawshank Redemption, The (1994)",4.4452,Drama
755,5,178,12 Angry Men (1957),4.344,Drama
756,1,127,"Godfather, The (1972)",4.2833,Action
756,2,174,Raiders of the Lost Ark (1981),4.2524,Action
756,3,313,Titanic (1997),4.2457,Action
756,4,172,"Empire Strikes Back, The (1980)",4.2044,Action
756,5,515,"Boot, Das (1981)",4.204,Action
757,1,127,"Godfather, The (1972)",4.2833,Action
757,2,187,"Godfather: Part II, The (1974)",4.1866,Action
757,3,498,"African Queen, The (1951)",4.1842,Action
757,4,1019,"Die xue shuang xiong (Killer, The) (1989)",3.9677,Action
757,5,435,Butch Cassidy and the Sundance Kid (1969),3.9491,Action
758,1,1449,Pather Panchali (1955),4.625,Drama
758,2,318,Schindler's List (1993),4.4664,Drama
758,3,178,12 Angry Men (1957),4.344,Drama
758,4,963,Some Folks Call It a Sling Blade (1993),4.2927,Drama
758,5,357,One Flew Over the Cuckoo's Nest (1975),4.2917,Drama
759,1,174,Raiders of the Lost Ark (1981),4.2524,Action
759,2,313,Titanic (1997),4.2457,Action
759,3,172,"Empire Strikes Back, The (1980)",4.2044,Action
759,4,515,"Boot, Das (1981)",4.204,Action
759,5,187,"Godfather: Part II, The (1974)",4.1866,Action
760,1,483,Casablanca (1942),4.4568,Romance
760,2,313,Titanic (1997),4.2457,Romance
760,3,966,"Affair to Remember, An (1957)",4.1923,Romance
760,4,498,"African Queen, The (1951)",4.1842,Romance
760,5,170,Cinema Paradiso (1988),4.1736,Romance
761,1,1449,Pather Panchali (1955),4.625,Drama
761,2,318,Schindler's List (1993),4.4664,Drama
761,3,483,Casablanca (1942),4.4568,Drama
761,4,64,"Shawshank Redemption, The (1994)",4.4452,Drama
761,5,178,12 Angry Men (1957),4.344,Drama
762,1,483,Casablanca (1942),4.4568,Romance
762,2,50,Star Wars (1977),4.3585,Romance
762,3,313,Titanic (1997),4.2457,Romance
762,4,172,"Empire Strikes Back, The (1980)",4.2044,Romance
762,5,966,"Affair to Remember, An (1957)",4.1923,Romance
763,1,1449,Pather Panchali (1955),4.625,Drama
763,2,318,Schindler's List (1993),4.4664,Drama
763,3,64,"Shawshank Redemption, The (1994)",4.4452,Drama
763,4,178,12 Angry Men (1957),4.344,Drama
763,5,134,Citizen Kane (1941),4.2929,Drama
764,1,1449,Pather Panchali (1955),4.625,Drama
764,2,483,Casablanca (1942),4.4568,Drama
764,3,178,12 Angry Men (1957),4.344,Drama
764,4,134,Citizen Kane (1941),4.2929,Drama
764,5,963,Some Folks Call It a Sling Blade (1993),4.2927,Drama
765,1,1449,Pather Panchali (1955),4.625,Drama
765,2,318,Schindler's List (1993),4.4664,Drama
765,3,483,Casablanca (1942),4.4568,Drama
765,4,64,"Shawshank Redemption, The (1994)",4.4452,Drama
765,5,178,12 Angry Men (1957),4.344,Drama
766,1,1449,Pather Panchali (1955),4.625,Drama
766,2,64,"Shawshank Redemption, The (1994)",4.4452,Drama
766,3,963,Some Folks Call It a Sling Blade (1993),4.2927,Drama
766,4,427,To Kill a Mockingbird (1962),4.2922,Drama
766,5,285,Secrets & Lies (1996),4.2654,Drama
767,1,1449,Pather Panchali (1955),4.625,Drama
767,2,318,Schindler's List (1993),4.4664,Drama
767,3,64,"Shawshank Redemption, The (1994)",4.4452,Drama
767,4,178,12 Angry Men (1957),4.344,Drama
767,5,134,Citizen Kane (1941),4.2929,Drama
768,1,1449,Pather Panchali (1955),4.625,Drama
768,2,318,Schindler's List (1993),4.4664,Drama
768,3,483,Casablanca (1942),4.4568,Drama
768,4,64,"Shawshank Redemption, The (1994)",4.4452,Drama
768,5,178,12 Angry Men (1957),4.344,Drama
769,1,408,"Close Shave, A (1995)",4.4911,Comedy
769,2,169,"Wrong Trousers, The (1993)",4.4661,Comedy
769,3,480,North by Northwest (1959),4.2849,Comedy
769,4,251,Shall We Dance? (1996),4.2609,Comedy
769,5,316,As Good As It Gets (1997),4.1964,Comedy
770,1,1449,Pather Panchali (1955),4.625,Drama
770,2,318,Schindler's List (1993),4.4664,Drama
770,3,483,Casablanca (1942),4.4568,Drama
770,4,64,"Shawshank Redemption, The (1994)",4.4452,Drama
770,5,178,12 Angry Men (1957),4.344,Drama
771,1,480,North by Northwest (1959),4.2849,Comedy
771,2,316,As Good As It Gets (1997),4.1964,Comedy
771,3,170,Cinema Paradiso (1988),4.1736,Comedy
771,4,1007,Waiting for Guffman (1996),4.1277,Comedy
771,5,1251,A Chef in Love (1996),4.125,Comedy
772,1,408,"Close Shave, A (1995)",4.4911,Thriller
772,2,603,Rear Window (1954),4.3876,Thriller
772,3,12,"Usual Suspects, The (1995)",4.3858,Thriller
772,4,513,"Third Man, The (1949)",4.3333,Thriller
772,5,963,Some Folks Call It a Sling Blade (1993),4.2927,Thriller
773,1,1449,Pather Panchali (1955),4.625,Drama
773,2,483,Casablanca (1942),4.4568,Drama
773,3,178,12 Angry Men (1957),4.344,Drama
773,4,134,Citizen Kane (1941),4.2929,Drama
773,5,963,Some Folks Call It a Sling Blade (1993),4.2927,Drama
774,1,313,Titanic (1997),4.2457,Action
774,2,498,"African Queen, The (1951)",4.1842,Action
774,3,173,"Princess Bride, The (1987)",4.1728,Action
774,4,651,Glory (1989),4.076,Action
774,5,1019,"Die xue shuang xiong (Killer, The) (1989)",3.9677,Action
775,1,1449,Pather Panchali (1955),4.625,Drama
775,2,318,Schindler's List (1993),4.4664,Drama
775,3,483,Casablanca (1942),4.4568,Drama
775,4,64,"Shawshank Redemption, The (1994)",4.4452,Drama
775,5,178,12 Angry Men (1957),4.344,Drama
776,1,183,Alien (1979),4.0344,Horror
776,2,208,Young Frankenstein (1974),3.945,Horror
776,3,853,Braindead (1992),3.8571,Horror
776,4,1243,Night Flier (1997),3.7143,Horror
776,5,671,Bride of Frankenstein (1935),3.6087,Horror
777,1,1449,Pather Panchali (1955),4.625,Drama
777,2,318,Schindler's List (1993),4.4664,Drama
777,3,483,Casablanca (1942),4.4568,Drama
777,4,64,"Shawshank Redemption, The (1994)",4.4452,Drama
777,5,178,12 Angry Men (1957),4.344,Drama
778,1,1449,Pather Panchali (1955),4.625,Drama
778,2,318,Schindler's List (1993),4.4664,Drama
778,3,483,Casablanca (1942),4.4568,Drama
778,4,64,"Shawshank Redemption, The (1994)",4.4452,Drama
778,5,178,12 Angry Men (1957),4.344,Drama
779,1,408,"Close Shave, A (1995)",4.4911,Comedy
779,2,169,"Wrong Trousers, The (1993)",4.4661,Comedy
779,3,480,North by Northwest (1959),4.2849,Comedy
779,4,251,Shall We Dance? (1996),4.2609,Comedy
779,5,316,As Good As It Gets (1997),4.1964,Comedy
780,1,1449,Pather Panchali (1955),4.625,Drama
780,2,483,Casablanca (1942),4.4568,Drama
780,3,64,"Shawshank Redemption, The (1994)",4.4452,Drama
780,4,178,12 Angry Men (1957),4.344,Drama
780,5,134,Citizen Kane (1941),4.2929,Drama
781,1,1449,Pather Panchali (1955),4.625,Drama
781,2,178,12 Angry Men (1957),4.344,Drama
781,3,963,Some Folks Call It a Sling Blade (1993),4.2927,Drama
781,4,427,To Kill a Mockingbird (1962),4.2922,Drama
781,5,357,One Flew Over the Cuckoo's Nest (1975),4.2917,Drama
782,1,1449,Pather Panchali (1955),4.625,Drama
782,2,318,Schindler's List (1993),4.4664,Drama
782,3,483,Casablanca (1942),4.4568,Drama
782,4,64,"Shawshank Redemption, The (1994)",4.4452,Drama
782,5,178,12 Angry Men (1957),4.344,Drama
783,1,1449,Pather Panchali (1955),4.625,Drama
783,2,318,Schindler's List (1993),4.4664,Drama
783,3,483,Casablanca (1942),4.4568,Drama
783,4,64,"Shawshank Redemption, The (1994)",4.4452,Drama
783,5,178,12 Angry Men (1957),4.344,Drama
784,1,1449,Pather Panchali (1955),4.625,Drama
784,2,318,Schindler's List (1993),4.4664,Drama
784,3,483,Casablanca (1942),4.4568,Drama
784,4,64,"Shawshank Redemption, The (1994)",4.4452,Drama
784,5,178,12 Angry Men (1957),4.344,Drama
785,1,408,"Close Shave, A (1995)",4.4911,Comedy
785,2,169,"Wrong Trousers, The (1993)",4.4661,Comedy
785,3,480,North by Northwest (1959),4.2849,Comedy
785,4,251,Shall We Dance? (1996),4.2609,Comedy
785,5,316,As Good As It Gets (1997),4.1964,Comedy
786,1,1449,Pather Panchali (1955),4.625,Drama
786,2,483,Casablanca (1942),4.4568,Drama
786,3,64,"Shawshank Redemption, The (1994)",4.4452,Drama
786,4,178,12 Angry Men (1957),4.344,Drama
786,5,134,Citizen Kane (1941),4.2929,Drama
787,1,1449,Pather Panchali (1955),4.625,Drama
787,2,318,Schindler's List (1993),4.4664,Drama
787,3,483,Casablanca (1942),4.4568,Drama
787,4,64,"Shawshank Redemption, The (1994)",4.4452,Drama
787,5,178,12 Angry Men (1957),4.344,Drama
788,1,1449,Pather Panchali (1955),4.625,Drama
788,2,178,12 Angry Men (1957),4.344,Drama
788,3,134,Citizen Kane (1941),4.2929,Drama
788,4,127,"Godfather, The (1972)",4.2833,Drama
788,5,285,Secrets & Lies (1996),4.2654,Drama
789,1,1449,Pather Panchali (1955),4.625,Drama
789,2,318,Schindler's List (1993),4.4664,Drama
789,3,483,Casablanca (1942),4.4568,Drama
789,4,64,"Shawshank Redemption, The (1994)",4.4452,Drama
789,5,178,12 Angry Men (1957),4.344,Drama
790,1,408,"Close Shave, A (1995)",4.4911,Comedy
790,2,169,"Wrong Trousers, The (1993)",4.4661,Comedy
790,3,480,North by Northwest (1959),4.2849,Comedy
790,4,251,Shall We Dance? (1996),4.2609,Comedy
790,5,316,As Good As It Gets (1997),4.1964,Comedy
791,1,408,"Close Shave, A (1995)",4.4911,Thriller
791,2,603,Rear Window (1954),4.3876,Thriller
791,3,12,"Usual Suspects, The (1995)",4.3858,Thriller
791,4,513,"Third Man, The (1949)",4.3333,Thriller
791,5,963,Some Folks Call It a Sling Blade (1993),4.2927,Thriller
792,1,1449,Pather Panchali (1955),4.625,Drama
792,2,318,Schindler's List (1993),4.4664,Drama
792,3,483,Casablanca (1942),4.4568,Drama
792,4,64,"Shawshank Redemption, The (1994)",4.4452,Drama
792,5,178,12 Angry Men (1957),4.344,Drama
793,1,1449,Pather Panchali (1955),4.625,Drama
793,2,318,Schindler's List (1993),4.4664,Drama
793,3,483,Casablanca (1942),4.4568,Drama
793,4,64,"Shawshank Redemption, The (1994)",4.4452,Drama
793,5,178,12 Angry Men (1957),4.344,Drama
794,1,1449,Pather Panchali (1955),4.625,Drama
794,2,318,Schindler's List (1993),4.4664,Drama
794,3,483,Casablanca (1942),4.4568,Drama
794,4,64,"Shawshank Redemption, The (1994)",4.4452,Drama
794,5,178,12 Angry Men (1957),4.344,Drama
795,1,408,"Close Shave, A (1995)",4.4911,Comedy
795,2,480,North by Northwest (1959),4.2849,Comedy
795,3,251,Shall We Dance? (1996),4.2609,Comedy
795,4,316,As Good As It Gets (1997),4.1964,Comedy
795,5,170,Cinema Paradiso (1988),4.1736,Comedy
796,1,1449,Pather Panchali (1955),4.625,Drama
796,2,963,Some Folks Call It a Sling Blade (1993),4.2927,Drama
796,3,285,Secrets & Lies (1996),4.2654,Drama
796,4,1524,Kaspar Hauser (1993),4.25,Drama
796,5,641,Paths of Glory (1957),4.2121,Drama
797,1,408,"Close Shave, A (1995)",4.4911,Comedy
797,2,169,"Wrong Trousers, The (1993)",4.4661,Comedy
797,3,480,North by Northwest (1959),4.2849,Comedy
797,4,251,Shall We Dance? (1996),4.2609,Comedy
797,5,316,As Good As It Gets (1997),4.1964,Comedy
798,1,408,"Close Shave, A (1995)",4.4911,Comedy
798,2,169,"Wrong Trousers, The (1993)",4.4661,Comedy
798,3,251,Shall We Dance? (1996),4.2609,Comedy
798,4,316,As Good As It Gets (1997),4.1964,Comedy
798,5,170,Cinema Paradiso (1988),4.1736,Comedy
799,1,1449,Pather Panchali (1955),4.625,Drama
799,2,318,Schindler's List (1993),4.4664,Drama
799,3,483,Casablanca (1942),4.4568,Drama
799,4,64,"Shawshank Redemption, The (1994)",4.4452,Drama
799,5,178,12 Angry Men (1957),4.344,Drama
800,1,174,Raiders of the Lost Ark (1981),4.2524,Action
800,2,313,Titanic (1997),4.2457,Action
800,3,172,"Empire Strikes Back, The (1980)",4.2044,Action
800,4,515,"Boot, Das (1981)",4.204,Action
800,5,187,"Godfather: Part II, The (1974)",4.1866,Action
801,1,408,"Close Shave, A (1995)",4.4911,Thriller
801,2,603,Rear Window (1954),4.3876,Thriller
801,3,12,"Usual Suspects, The (1995)",4.3858,Thriller
801,4,513,"Third Man, The (1949)",4.3333,Thriller
801,5,963,Some Folks Call It a Sling Blade (1993),4.2927,Thriller
802,1,208,Young Frankenstein (1974),3.945,Horror
802,2,853,Braindead (1992),3.8571,Horror
802,3,1243,Night Flier (1997),3.7143,Horror
802,4,671,Bride of Frankenstein (1935),3.6087,Horror
802,5,675,"Nosferatu (Nosferatu, eine Symphonie des Grauens) (1922)",3.5556,Horror
803,1,1449,Pather Panchali (1955),4.625,Drama
803,2,318,Schindler's List (1993),4.4664,Drama
803,3,483,Casablanca (1942),4.4568,Drama
803,4,64,"Shawshank Redemption, The (1994)",4.4452,Drama
803,5,178,12 Angry Men (1957),4.344,Drama
804,1,408,"Close Shave, A (1995)",4.4911,Comedy
804,2,169,"Wrong Trousers, The (1993)",4.4661,Comedy
804,3,251,Shall We Dance? (1996),4.2609,Comedy
804,4,316,As Good As It Gets (1997),4.1964,Comedy
804,5,170,Cinema Paradiso (1988),4.1736,Comedy
805,1,408,"Close Shave, A (1995)",4.4911,Comedy
805,2,480,North by Northwest (1959),4.2849,Comedy
805,3,251,Shall We Dance? (1996),4.2609,Comedy
805,4,316,As Good As It Gets (1997),4.1964,Comedy
805,5,170,Cinema Paradiso (1988),4.1736,Comedy
806,1,1449,Pather Panchali (1955),4.625,Drama
806,2,64,"Shawshank Redemption, The (1994)",4.4452,Drama
806,3,178,12 Angry Men (1957),4.344,Drama
806,4,134,Citizen Kane (1941),4.2929,Drama
806,5,963,Some Folks Call It a Sling Blade (1993),4.2927,Drama
807,1,187,"Godfather: Part II, The (1974)",4.1866,Action
807,2,651,Glory (1989),4.076,Action
807,3,183,Alien (1979),4.0344,Action
807,4,1019,"Die xue shuang xiong (Killer, The) (1989)",3.9677,Action
807,5,176,Aliens (1986),3.9472,Action
808,1,1449,Pather Panchali (1955),4.625,Drama
808,2,318,Schindler's List (1993),4.4664,Drama
808,3,483,Casablanca (1942),4.4568,Drama
808,4,64,"Shawshank Redemption, The (1994)",4.4452,Drama
808,5,178,12 Angry Men (1957),4.344,Drama
809,1,408,"Close Shave, A (1995)",4.4911,Thriller
809,2,603,Rear Window (1954),4.3876,Thriller
809,3,12,"Usual Suspects, The (1995)",4.3858,Thriller
809,4,513,"Third Man, The (1949)",4.3333,Thriller
809,5,963,Some Folks Call It a Sling Blade (1993),4.2927,Thriller
810,1,408,"Close Shave, A (1995)",4.4911,Comedy
810,2,169,"Wrong Trousers, The (1993)",4.4661,Comedy
810,3,480,North by Northwest (1959),4.2849,Comedy
810,4,251,Shall We Dance? (1996),4.2609,Comedy
810,5,316,As Good As It Gets (1997),4.1964,Comedy
811,1,1449,Pather Panchali (1955),4.625,Drama
811,2,318,Schindler's List (1993),4.4664,Drama
811,3,483,Casablanca (1942),4.4568,Drama
811,4,64,"Shawshank Redemption, The (1994)",4.4452,Drama
811,5,178,12 Angry Men (1957),4.344,Drama
812,1,408,"Close Shave, A (1995)",4.4911,Thriller
812,2,603,Rear Window (1954),4.3876,Thriller
812,3,12,"Usual Suspects, The (1995)",4.3858,Thriller
812,4,513,"Third Man, The (1949)",4.3333,Thriller
812,5,963,Some Folks Call It a Sling Blade (1993),4.2927,Thriller
813,1,408,"Close Shave, A (1995)",4.4911,Comedy
813,2,169,"Wrong Trousers, The (1993)",4.4661,Comedy
813,3,480,North by Northwest (1959),4.2849,Comedy
813,4,251,Shall We Dance? (1996),4.2609,Comedy
813,5,316,As Good As It Gets (1997),4.1964,Comedy
814,1,183,Alien (1979),4.0344,Horror
814,2,208,Young Frankenstein (1974),3.945,Horror
814,3,853,Braindead (1992),3.8571,Horror
814,4,1243,Night Flier (1997),3.7143,Horror
814,5,671,Bride of Frankenstein (1935),3.6087,Horror
815,1,1449,Pather Panchali (1955),4.625,Drama
815,2,64,"Shawshank Redemption, The (1994)",4.4452,Drama
815,3,178,12 Angry Men (1957),4.344,Drama
815,4,963,Some Folks Call It a Sling Blade (1993),4.2927,Drama
815,5,285,Secrets & Lies (1996),4.2654,Drama
816,1,408,"Close Shave, A (1995)",4.4911,Thriller
816,2,603,Rear Window (1954),4.3876,Thriller
816,3,12,"Usual Suspects, The (1995)",4.3858,Thriller
816,4,513,"Third Man, The (1949)",4.3333,Thriller
816,5,963,Some Folks Call It a Sling Blade (1993),4.2927,Thriller
817,1,50,Star Wars (1977),4.3585,Action
817,2,127,"Godfather, The (1972)",4.2833,Action
817,3,174,Raiders of the Lost Ark (1981),4.2524,Action
817,4,313,Titanic (1997),4.2457,Action
817,5,172,"Empire Strikes Back, The (1980)",4.2044,Action
818,1,1449,Pather Panchali (1955),4.625,Drama
818,2,318,Schindler's List (1993),4.4664,Drama
818,3,483,Casablanca (1942),4.4568,Drama
818,4,64,"Shawshank Redemption, The (1994)",4.4452,Drama
818,5,178,12 Angry Men (1957),4.344,Drama
819,1,1449,Pather Panchali (1955),4.625,Drama
819,2,318,Schindler's List (1993),4.4664,Drama
819,3,483,Casablanca (1942),4.4568,Drama
819,4,64,"Shawshank Redemption, The (1994)",4.4452,Drama
819,5,178,12 Angry Men (1957),4.344,Drama
820,1,408,"Close Shave, A (1995)",4.4911,Thriller
820,2,603,Rear Window (1954),4.3876,Thriller
820,3,12,"Usual Suspects, The (1995)",4.3858,Thriller
820,4,513,"Third Man, The (1949)",4.3333,Thriller
820,5,963,Some Folks Call It a Sling Blade (1993),4.2927,Thriller
821,1,1449,Pather Panchali (1955),4.625,Drama
821,2,178,12 Angry Men (1957),4.344,Drama
821,3,134,Citizen Kane (1941),4.2929,Drama
821,4,963,Some Folks Call It a Sling Blade (1993),4.2927,Drama
821,5,127,"Godfather, The (1972)",4.2833,Drama
822,1,480,North by Northwest (1959),4.2849,Comedy
822,2,251,Shall We Dance? (1996),4.2609,Comedy
822,3,316,As Good As It Gets (1997),4.1964,Comedy
822,4,170,Cinema Paradiso (1988),4.1736,Comedy
822,5,173,"Princess Bride, The (1987)",4.1728,Comedy
823,1,1449,Pather Panchali (1955),4.625,Drama
823,2,483,Casablanca (1942),4.4568,Drama
823,3,178,12 Angry Men (1957),4.344,Drama
823,4,963,Some Folks Call It a Sling Blade (1993),4.2927,Drama
823,5,357,One Flew Over the Cuckoo's Nest (1975),4.2917,Drama
824,1,1449,Pather Panchali (1955),4.625,Drama
824,2,318,Schindler's List (1993),4.4664,Drama
824,3,483,Casablanca (1942),4.4568,Drama
824,4,64,"Shawshank Redemption, The (1994)",4.4452,Drama
824,5,178,12 Angry Men (1957),4.344,Drama
825,1,1449,Pather Panchali (1955),4.625,Drama
825,2,318,Schindler's List (1993),4.4664,Drama
825,3,483,Casablanca (1942),4.4568,Drama
825,4,64,"Shawshank Redemption, The (1994)",4.4452,Drama
825,5,178,12 Angry Men (1957),4.344,Drama
826,1,515,"Boot, Das (1981)",4.204,Action
826,2,498,"African Queen, The (1951)",4.1842,Action
826,3,173,"Princess Bride, The (1987)",4.1728,Action
826,4,1019,"Die xue shuang xiong (Killer, The) (1989)",3.9677,Action
826,5,28,Apollo 13 (1995),3.9312,Action
827,1,1449,Pather Panchali (1955),4.625,Drama
827,2,318,Schindler's List (1993),4.4664,Drama
827,3,483,Casablanca (1942),4.4568,Drama
827,4,64,"Shawshank Redemption, The (1994)",4.4452,Drama
827,5,178,12 Angry Men (1957),4.344,Drama
828,1,1449,Pather Panchali (1955),4.625,Drama
828,2,318,Schindler's List (1993),4.4664,Drama
828,3,483,Casablanca (1942),4.4568,Drama
828,4,64,"Shawshank Redemption, The (1994)",4.4452,Drama
828,5,178,12 Angry Men (1957),4.344,Drama
829,1,1449,Pather Panchali (1955),4.625,Drama
829,2,483,Casablanca (1942),4.4568,Drama
829,3,64,"Shawshank Redemption, The (1994)",4.4452,Drama
829,4,178,12 Angry Men (1957),4.344,Drama
829,5,134,Citizen Kane (1941),4.2929,Drama
830,1,515,"Boot, Das (1981)",4.204,Action
830,2,1019,"Die xue shuang xiong (Killer, The) (1989)",3.9677,Action
830,3,28,Apollo 13 (1995),3.9312,Action
830,4,144,Die Hard (1988),3.8724,Action
830,5,186,"Blues Brothers, The (1980)",3.8367,Action
831,1,1449,Pather Panchali (1955),4.625,Drama
831,2,318,Schindler's List (1993),4.4664,Drama
831,3,483,Casablanca (1942),4.4568,Drama
831,4,178,12 Angry Men (1957),4.344,Drama
831,5,134,Citizen Kane (1941),4.2929,Drama
832,1,127,"Godfather, The (1972)",4.2833,Action
832,2,174,Raiders of the Lost Ark (1981),4.2524,Action
832,3,172,"Empire Strikes Back, The (1980)",4.2044,Action
832,4,515,"Boot, Das (1981)",4.204,Action
832,5,187,"Godfather: Part II, The (1974)",4.1866,Action
833,1,1449,Pather Panchali (1955),4.625,Drama
833,2,318,Schindler's List (1993),4.4664,Drama
833,3,178,12 Angry Men (1957),4.344,Drama
833,4,963,Some Folks Call It a Sling Blade (1993),4.2927,Drama
833,5,285,Secrets & Lies (1996),4.2654,Drama
834,1,1449,Pather Panchali (1955),4.625,Drama
834,2,318,Schindler's List (1993),4.4664,Drama
834,3,483,Casablanca (1942),4.4568,Drama
834,4,64,"Shawshank Redemption, The (1994)",4.4452,Drama
834,5,178,12 Angry Men (1957),4.344,Drama
835,1,1449,Pather Panchali (1955),4.625,Drama
835,2,483,Casablanca (1942),4.4568,Drama
835,3,64,"Shawshank Redemption, The (1994)",4.4452,Drama
835,4,178,12 Angry Men (1957),4.344,Drama
835,5,963,Some Folks Call It a Sling Blade (1993),4.2927,Drama
836,1,1449,Pather Panchali (1955),4.625,Drama
836,2,483,Casablanca (1942),4.4568,Drama
836,3,64,"Shawshank Redemption, The (1994)",4.4452,Drama
836,4,178,12 Angry Men (1957),4.344,Drama
836,5,963,Some Folks Call It a Sling Blade (1993),4.2927,Drama
837,1,1449,Pather Panchali (1955),4.625,Drama
837,2,318,Schindler's List (1993),4.4664,Drama
837,3,483,Casablanca (1942),4.4568,Drama
837,4,64,"Shawshank Redemption, The (1994)",4.4452,Drama
837,5,178,12 Angry Men (1957),4.344,Drama
838,1,1449,Pather Panchali (1955),4.625,Drama
838,2,483,Casablanca (1942),4.4568,Drama
838,3,64,"Shawshank Redemption, The (1994)",4.4452,Drama
838,4,178,12 Angry Men (1957),4.344,Drama
838,5,963,Some Folks Call It a Sling Blade (1993),4.2927,Drama
839,1,1449,Pather Panchali (1955),4.625,Drama
839,2,318,Schindler's List (1993),4.4664,Drama
839,3,483,Casablanca (1942),4.4568,Drama
839,4,64,"Shawshank Redemption, The (1994)",4.4452,Drama
839,5,178,12 Angry Men (1957),4.344,Drama
840,1,1449,Pather Panchali (1955),4.625,Drama
840,2,318,Schindler's List (1993),4.4664,Drama
840,3,178,12 Angry Men (1957),4.344,Drama
840,4,963,Some Folks Call It a Sling Blade (1993),4.2927,Drama
840,5,427,To Kill a Mockingbird (1962),4.2922,Drama
841,1,408,"Close Shave, A (1995)",4.4911,Thriller
841,2,603,Rear Window (1954),4.3876,Thriller
841,3,12,"Usual Suspects, The (1995)",4.3858,Thriller
841,4,513,"Third Man, The (1949)",4.3333,Thriller
841,5,963,Some Folks Call It a Sling Blade (1993),4.2927,Thriller
842,1,408,"Close Shave, A (1995)",4.4911,Thriller
842,2,603,Rear Window (1954),4.3876,Thriller
842,3,12,"Usual Suspects, The (1995)",4.3858,Thriller
842,4,513,"Third Man, The (1949)",4.3333,Thriller
842,5,963,Some Folks Call It a Sling Blade (1993),4.2927,Thriller
843,1,1449,Pather Panchali (1955),4.625,Drama
843,2,318,Schindler's List (1993),4.4664,Drama
843,3,483,Casablanca (1942),4.4568,Drama
843,4,64,"Shawshank Redemption, The (1994)",4.4452,Drama
843,5,178,12 Angry Men (1957),4.344,Drama
844,1,127,"Godfather, The (1972)",4.2833,Action
844,2,313,Titanic (1997),4.2457,Action
844,3,515,"Boot, Das (1981)",4.204,Action
844,4,187,"Godfather: Part II, The (1974)",4.1866,Action
844,5,498,"African Queen, The (1951)",4.1842,Action
845,1,1449,Pather Panchali (1955),4.625,Drama
845,2,318,Schindler's List (1993),4.4664,Drama
845,3,483,Casablanca (1942),4.4568,Drama
845,4,64,"Shawshank Redemption, The (1994)",4.4452,Drama
845,5,178,12 Angry Men (1957),4.344,Drama
846,1,1449,Pather Panchali (1955),4.625,Drama
846,2,963,Some Folks Call It a Sling Blade (1993),4.2927,Drama
846,3,285,Secrets & Lies (1996),4.2654,Drama
846,4,272,Good Will Hunting (1997),4.2626,Drama
846,5,1524,Kaspar Hauser (1993),4.25,Drama
847,1,408,"Close Shave, A (1995)",4.4911,Comedy
847,2,169,"Wrong Trousers, The (1993)",4.4661,Comedy
847,3,251,Shall We Dance? (1996),4.2609,Comedy
847,4,316,As Good As It Gets (1997),4.1964,Comedy
847,5,170,Cinema Paradiso (1988),4.1736,Comedy
848,1,1449,Pather Panchali (1955),4.625,Drama
848,2,64,"Shawshank Redemption, The (1994)",4.4452,Drama
848,3,178,12 Angry Men (1957),4.344,Drama
848,4,963,Some Folks Call It a Sling Blade (1993),4.2927,Drama
848,5,98,"Silence of the Lambs, The (1991)",4.2897,Drama
849,1,1449,Pather Panchali (1955),4.625,Drama
849,2,318,Schindler's List (1993),4.4664,Drama
849,3,483,Casablanca (1942),4.4568,Drama
849,4,64,"Shawshank Redemption, The (1994)",4.4452,Drama
849,5,178,12 Angry Men (1957),4.344,Drama
850,1,408,"Close Shave, A (1995)",4.4911,Comedy
850,2,169,"Wrong Trousers, The (1993)",4.4661,Comedy
850,3,251,Shall We Dance? (1996),4.2609,Comedy
850,4,316,As Good As It Gets (1997),4.1964,Comedy
850,5,170,Cinema Paradiso (1988),4.1736,Comedy
851,1,1449,Pather Panchali (1955),4.625,Drama
851,2,178,12 Angry Men (1957),4.344,Drama
851,3,134,Citizen Kane (1941),4.2929,Drama
851,4,963,Some Folks Call It a Sling Blade (1993),4.2927,Drama
851,5,427,To Kill a Mockingbird (1962),4.2922,Drama
852,1,174,Raiders of the Lost Ark (1981),4.2524,Action
852,2,313,Titanic (1997),4.2457,Action
852,3,172,"Empire Strikes Back, The (1980)",4.2044,Action
852,4,187,"Godfather: Part II, The (1974)",4.1866,Action
852,5,498,"African Queen, The (1951)",4.1842,Action
853,1,408,"Close Shave, A (1995)",4.4911,Thriller
853,2,603,Rear Window (1954),4.3876,Thriller
853,3,12,"Usual Suspects, The (1995)",4.3858,Thriller
853,4,513,"Third Man, The (1949)",4.3333,Thriller
853,5,963,Some Folks Call It a Sling Blade (1993),4.2927,Thriller
854,1,1449,Pather Panchali (1955),4.625,Drama
854,2,178,12 Angry Men (1957),4.344,Drama
854,3,963,Some Folks Call It a Sling Blade (1993),4.2927,Drama
854,4,427,To Kill a Mockingbird (1962),4.2922,Drama
854,5,272,Good Will Hunting (1997),4.2626,Drama
855,1,1449,Pather Panchali (1955),4.625,Drama
855,2,318,Schindler's List (1993),4.4664,Drama
855,3,483,Casablanca (1942),4.4568,Drama
855,4,64,"Shawshank Redemption, The (1994)",4.4452,Drama
855,5,178,12 Angry Men (1957),4.344,Drama
856,1,1449,Pather Panchali (1955),4.625,Drama
856,2,318,Schindler's List (1993),4.4664,Drama
856,3,483,Casablanca (1942),4.4568,Drama
856,4,64,"Shawshank Redemption, The (1994)",4.4452,Drama
856,5,178,12 Angry Men (1957),4.344,Drama
857,1,1449,Pather Panchali (1955),4.625,Drama
857,2,318,Schindler's List (1993),4.4664,Drama
857,3,483,Casablanca (1942),4.4568,Drama
857,4,64,"Shawshank Redemption, The (1994)",4.4452,Drama
857,5,178,12 Angry Men (1957),4.344,Drama
858,1,1449,Pather Panchali (1955),4.625,Drama
858,2,318,Schindler's List (1993),4.4664,Drama
858,3,483,Casablanca (1942),4.4568,Drama
858,4,64,"Shawshank Redemption, The (1994)",4.4452,Drama
858,5,178,12 Angry Men (1957),4.344,Drama
859,1,1449,Pather Panchali (1955),4.625,Drama
859,2,318,Schindler's List (1993),4.4664,Drama
859,3,483,Casablanca (1942),4.4568,Drama
859,4,64,"Shawshank Redemption, The (1994)",4.4452,Drama
859,5,178,12 Angry Men (1957),4.344,Drama
860,1,1449,Pather Panchali (1955),4.625,Drama
860,2,318,Schindler's List (1993),4.4664,Drama
860,3,483,Casablanca (1942),4.4568,Drama
860,4,64,"Shawshank Redemption, The (1994)",4.4452,Drama
860,5,178,12 Angry Men (1957),4.344,Drama
861,1,1449,Pather Panchali (1955),4.625,Drama
861,2,318,Schindler's List (1993),4.4664,Drama
861,3,483,Casablanca (1942),4.4568,Drama
861,4,64,"Shawshank Redemption, The (1994)",4.4452,Drama
861,5,178,12 Angry Men (1957),4.344,Drama
862,1,1449,Pather Panchali (1955),4.625,Drama
862,2,318,Schindler's List (1993),4.4664,Drama
862,3,178,12 Angry Men (1957),4.344,Drama
862,4,134,Citizen Kane (1941),4.2929,Drama
862,5,963,Some Folks Call It a Sling Blade (1993),4.2927,Drama
863,1,1449,Pather Panchali (1955),4.625,Drama
863,2,318,Schindler's List (1993),4.4664,Drama
863,3,483,Casablanca (1942),4.4568,Drama
863,4,64,"Shawshank Redemption, The (1994)",4.4452,Drama
863,5,178,12 Angry Men (1957),4.344,Drama
864,1,1449,Pather Panchali (1955),4.625,Drama
864,2,963,Some Folks Call It a Sling Blade (1993),4.2927,Drama
864,3,427,To Kill a Mockingbird (1962),4.2922,Drama
864,4,285,Secrets & Lies (1996),4.2654,Drama
864,5,272,Good Will Hunting (1997),4.2626,Drama
865,1,480,North by Northwest (1959),4.2849,Comedy
865,2,251,Shall We Dance? (1996),4.2609,Comedy
865,3,316,As Good As It Gets (1997),4.1964,Comedy
865,4,170,Cinema Paradiso (1988),4.1736,Comedy
865,5,173,"Princess Bride, The (1987)",4.1728,Comedy
866,1,1449,Pather Panchali (1955),4.625,Drama
866,2,318,Schindler's List (1993),4.4664,Drama
866,3,483,Casablanca (1942),4.4568,Drama
866,4,64,"Shawshank Redemption, The (1994)",4.4452,Drama
866,5,178,12 Angry Men (1957),4.344,Drama
867,1,1449,Pather Panchali (1955),4.625,Drama
867,2,178,12 Angry Men (1957),4.344,Drama
867,3,963,Some Folks Call It a Sling Blade (1993),4.2927,Drama
867,4,427,To Kill a Mockingbird (1962),4.2922,Drama
867,5,357,One Flew Over the Cuckoo's Nest (1975),4.2917,Drama
868,1,251,Shall We Dance? (1996),4.2609,Comedy
868,2,316,As Good As It Gets (1997),4.1964,Comedy
868,3,170,Cinema Paradiso (1988),4.1736,Comedy
868,4,1007,Waiting for Guffman (1996),4.1277,Comedy
868,5,1251,A Chef in Love (1996),4.125,Comedy
869,1,1449,Pather Panchali (1955),4.625,Drama
869,2,318,Schindler's List (1993),4.4664,Drama
869,3,483,Casablanca (1942),4.4568,Drama
869,4,64,"Shawshank Redemption, The (1994)",4.4452,Drama
869,5,178,12 Angry Men (1957),4.344,Drama
870,1,1449,Pather Panchali (1955),4.625,Drama
870,2,963,Some Folks Call It a Sling Blade (1993),4.2927,Drama
870,3,285,Secrets & Lies (1996),4.2654,Drama
870,4,1524,Kaspar Hauser (1993),4.25,Drama
870,5,515,"Boot, Das (1981)",4.204,Drama
871,1,1449,Pather Panchali (1955),4.625,Drama
871,2,318,Schindler's List (1993),4.4664,Drama
871,3,483,Casablanca (1942),4.4568,Drama
871,4,64,"Shawshank Redemption, The (1994)",4.4452,Drama
871,5,178,12 Angry Men (1957),4.344,Drama
872,1,408,"Close Shave, A (1995)",4.4911,Comedy
872,2,169,"Wrong Trousers, The (1993)",4.4661,Comedy
872,3,480,North by Northwest (1959),4.2849,Comedy
872,4,251,Shall We Dance? (1996),4.2609,Comedy
872,5,316,As Good As It Gets (1997),4.1964,Comedy
873,1,1449,Pather Panchali (1955),4.625,Drama
873,2,318,Schindler's List (1993),4.4664,Drama
873,3,483,Casablanca (1942),4.4568,Drama
873,4,64,"Shawshank Redemption, The (1994)",4.4452,Drama
873,5,178,12 Angry Men (1957),4.344,Drama
874,1,1449,Pather Panchali (1955),4.625,Drama
874,2,318,Schindler's List (1993),4.4664,Drama
874,3,483,Casablanca (1942),4.4568,Drama
874,4,64,"Shawshank Redemption, The (1994)",4.4452,Drama
874,5,178,12 Angry Men (1957),4.344,Drama
875,1,1449,Pather Panchali (1955),4.625,Drama
875,2,318,Schindler's List (1993),4.4664,Drama
875,3,483,Casablanca (1942),4.4568,Drama
875,4,178,12 Angry Men (1957),4.344,Drama
875,5,427,To Kill a Mockingbird (1962),4.2922,Drama
876,1,1449,Pather Panchali (1955),4.625,Drama
876,2,483,Casablanca (1942),4.4568,Drama
876,3,64,"Shawshank Redemption, The (1994)",4.4452,Drama
876,4,134,Citizen Kane (1941),4.2929,Drama
876,5,963,Some Folks Call It a Sling Blade (1993),4.2927,Drama
877,1,1449,Pather Panchali (1955),4.625,Drama
877,2,318,Schindler's List (1993),4.4664,Drama
877,3,483,Casablanca (1942),4.4568,Drama
877,4,64,"Shawshank Redemption, The (1994)",4.4452,Drama
877,5,178,12 Angry Men (1957),4.344,Drama
878,1,1449,Pather Panchali (1955),4.625,Drama
878,2,483,Casablanca (1942),4.4568,Drama
878,3,178,12 Angry Men (1957),4.344,Drama
878,4,134,Citizen Kane (1941),4.2929,Drama
878,5,963,Some Folks Call It a Sling Blade (1993),4.2927,Drama
879,1,174,Raiders of the Lost Ark (1981),4.2524,Action
879,2,313,Titanic (1997),4.2457,Action
879,3,172,"Empire Strikes Back, The (1980)",4.2044,Action
879,4,515,"Boot, Das (1981)",4.204,Action
879,5,187,"Godfather: Part II, The (1974)",4.1866,Action
880,1,408,"Close Shave, A (1995)",4.4911,Comedy
880,2,169,"Wrong Trousers, The (1993)",4.4661,Comedy
880,3,480,North by Northwest (1959),4.2849,Comedy
880,4,251,Shall We Dance? (1996),4.2609,Comedy
880,5,170,Cinema Paradiso (1988),4.1736,Comedy
881,1,408,"Close Shave, A (1995)",4.4911,Comedy
881,2,169,"Wrong Trousers, The (1993)",4.4661,Comedy
881,3,251,Shall We Dance? (1996),4.2609,Comedy
881,4,316,As Good As It Gets (1997),4.1964,Comedy
881,5,170,Cinema Paradiso (1988),4.1736,Comedy
882,1,408,"Close Shave, A (1995)",4.4911,Comedy
882,2,169,"Wrong Trousers, The (1993)",4.4661,Comedy
882,3,480,North by Northwest (1959),4.2849,Comedy
882,4,251,Shall We Dance? (1996),4.2609,Comedy
882,5,316,As Good As It Gets (1997),4.1964,Comedy
883,1,1449,Pather Panchali (1955),4.625,Drama
883,2,483,Casablanca (1942),4.4568,Drama
883,3,178,12 Angry Men (1957),4.344,Drama
883,4,963,Some Folks Call It a Sling Blade (1993),4.2927,Drama
883,5,427,To Kill a Mockingbird (1962),4.2922,Drama
884,1,1449,Pather Panchali (1955),4.625,Drama
884,2,318,Schindler's List (1993),4.4664,Drama
884,3,483,Casablanca (1942),4.4568,Drama
884,4,64,"Shawshank Redemption, The (1994)",4.4452,Drama
884,5,178,12 Angry Men (1957),4.344,Drama
885,1,408,"Close Shave, A (1995)",4.4911,Comedy
885,2,480,North by Northwest (1959),4.2849,Comedy
885,3,251,Shall We Dance? (1996),4.2609,Comedy
885,4,316,As Good As It Gets (1997),4.1964,Comedy
885,5,170,Cinema Paradiso (1988),4.1736,Comedy
886,1,1449,Pather Panchali (1955),4.625,Drama
886,2,134,Citizen Kane (1941),4.2929,Drama
886,3,963,Some Folks Call It a Sling Blade (1993),4.2927,Drama
886,4,427,To Kill a Mockingbird (1962),4.2922,Drama
886,5,285,Secrets & Lies (1996),4.2654,Drama
887,1,408,"Close Shave, A (1995)",4.4911,Comedy
887,2,169,"Wrong Trousers, The (1993)",4.4661,Comedy
887,3,480,North by Northwest (1959),4.2849,Comedy
887,4,251,Shall We Dance? (1996),4.2609,Comedy
887,5,316,As Good As It Gets (1997),4.1964,Comedy
888,1,483,Casablanca (1942),4.4568,Romance
888,2,50,Star Wars (1977),4.3585,Romance
888,3,313,Titanic (1997),4.2457,Romance
888,4,172,"Empire Strikes Back, The (1980)",4.2044,Romance
888,5,966,"Affair to Remember, An (1957)",4.1923,Romance
889,1,1449,Pather Panchali (1955),4.625,Drama
889,2,963,Some Folks Call It a Sling Blade (1993),4.2927,Drama
889,3,285,Secrets & Lies (1996),4.2654,Drama
889,4,272,Good Will Hunting (1997),4.2626,Drama
889,5,1524,Kaspar Hauser (1993),4.25,Drama
890,1,1449,Pather Panchali (1955),4.625,Drama
890,2,318,Schindler's List (1993),4.4664,Drama
890,3,64,"Shawshank Redemption, The (1994)",4.4452,Drama
890,4,178,12 Angry Men (1957),4.344,Drama
890,5,963,Some Folks Call It a Sling Blade (1993),4.2927,Drama
891,1,1449,Pather Panchali (1955),4.625,Drama
891,2,318,Schindler's List (1993),4.4664,Drama
891,3,483,Casablanca (1942),4.4568,Drama
891,4,64,"Shawshank Redemption, The (1994)",4.4452,Drama
891,5,178,12 Angry Men (1957),4.344,Drama
892,1,408,"Close Shave, A (1995)",4.4911,Comedy
892,2,169,"Wrong Trousers, The (1993)",4.4661,Comedy
892,3,251,Shall We Dance? (1996),4.2609,Comedy
892,4,316,As Good As It Gets (1997),4.1964,Comedy
892,5,170,Cinema Paradiso (1988),4.1736,Comedy
893,1,127,"Godfather, The (1972)",4.2833,Action
893,2,174,Raiders of the Lost Ark (1981),4.2524,Action
893,3,313,Titanic (1997),4.2457,Action
893,4,515,"Boot, Das (1981)",4.204,Action
893,5,187,"Godfather: Part II, The (1974)",4.1866,Action
894,1,1449,Pather Panchali (1955),4.625,Drama
894,2,483,Casablanca (1942),4.4568,Drama
894,3,64,"Shawshank Redemption, The (1994)",4.4452,Drama
894,4,178,12 Angry Men (1957),4.344,Drama
894,5,963,Some Folks Call It a Sling Blade (1993),4.2927,Drama
895,1,483,Casablanca (1942),4.4568,Romance
895,2,313,Titanic (1997),4.2457,Romance
895,3,172,"Empire Strikes Back, The (1980)",4.2044,Romance
895,4,966,"Affair to Remember, An (1957)",4.1923,Romance
895,5,498,"African Queen, The (1951)",4.1842,Romance
896,1,1449,Pather Panchali (1955),4.625,Drama
896,2,178,12 Angry Men (1957),4.344,Drama
896,3,963,Some Folks Call It a Sling Blade (1993),4.2927,Drama
896,4,357,One Flew Over the Cuckoo's Nest (1975),4.2917,Drama
896,5,285,Secrets & Lies (1996),4.2654,Drama
897,1,313,Titanic (1997),4.2457,Action
897,2,515,"Boot, Das (1981)",4.204,Action
897,3,1019,"Die xue shuang xiong (Killer, The) (1989)",3.9677,Action
897,4,144,Die Hard (1988),3.8724,Action
897,5,207,Cyrano de Bergerac (1990),3.8182,Action
898,1,1449,Pather Panchali (1955),4.625,Drama
898,2,318,Schindler's List (1993),4.4664,Drama
898,3,483,Casablanca (1942),4.4568,Drama
898,4,64,"Shawshank Redemption, The (1994)",4.4452,Drama
898,5,178,12 Angry Men (1957),4.344,Drama
899,1,1449,Pather Panchali (1955),4.625,Drama
899,2,178,12 Angry Men (1957),4.344,Drama
899,3,134,Citizen Kane (1941),4.2929,Drama
899,4,963,Some Folks Call It a Sling Blade (1993),4.2927,Drama
899,5,127,"Godfather, The (1972)",4.2833,Drama
900,1,1449,Pather Panchali (1955),4.625,Drama
900,2,64,"Shawshank Redemption, The (1994)",4.4452,Drama
900,3,178,12 Angry Men (1957),4.344,Drama
900,4,134,Citizen Kane (1941),4.2929,Drama
900,5,963,Some Folks Call It a Sling Blade (1993),4.2927,Drama
901,1,408,"Close Shave, A (1995)",4.4911,Comedy
901,2,169,"Wrong Trousers, The (1993)",4.4661,Comedy
901,3,480,North by Northwest (1959),4.2849,Comedy
901,4,251,Shall We Dance? (1996),4.2609,Comedy
901,5,316,As Good As It Gets (1997),4.1964,Comedy
902,1,174,Raiders of the Lost Ark (1981),4.2524,Action
902,2,313,Titanic (1997),4.2457,Action
902,3,498,"African Queen, The (1951)",4.1842,Action
902,4,173,"Princess Bride, The (1987)",4.1728,Action
902,5,22,Braveheart (1995),4.1515,Action
903,1,1449,Pather Panchali (1955),4.625,Drama
903,2,483,Casablanca (1942),4.4568,Drama
903,3,178,12 Angry Men (1957),4.344,Drama
903,4,134,Citizen Kane (1941),4.2929,Drama
903,5,963,Some Folks Call It a Sling Blade (1993),4.2927,Drama
904,1,483,Casablanca (1942),4.4568,Romance
904,2,50,Star Wars (1977),4.3585,Romance
904,3,313,Titanic (1997),4.2457,Romance
904,4,172,"Empire Strikes Back, The (1980)",4.2044,Romance
904,5,966,"Affair to Remember, An (1957)",4.1923,Romance
905,1,1449,Pather Panchali (1955),4.625,Drama
905,2,318,Schindler's List (1993),4.4664,Drama
905,3,483,Casablanca (1942),4.4568,Drama
905,4,64,"Shawshank Redemption, The (1994)",4.4452,Drama
905,5,178,12 Angry Men (1957),4.344,Drama
906,1,1449,Pather Panchali (1955),4.625,Drama
906,2,318,Schindler's List (1993),4.4664,Drama
906,3,483,Casablanca (1942),4.4568,Drama
906,4,64,"Shawshank Redemption, The (1994)",4.4452,Drama
906,5,178,12 Angry Men (1957),4.344,Drama
907,1,1449,Pather Panchali (1955),4.625,Drama
907,2,64,"Shawshank Redemption, The (1994)",4.4452,Drama
907,3,178,12 Angry Men (1957),4.344,Drama
907,4,134,Citizen Kane (1941),4.2929,Drama
907,5,963,Some Folks Call It a Sling Blade (1993),4.2927,Drama
908,1,1449,Pather Panchali (1955),4.625,Drama
908,2,64,"Shawshank Redemption, The (1994)",4.4452,Drama
908,3,178,12 Angry Men (1957),4.344,Drama
908,4,134,Citizen Kane (1941),4.2929,Drama
908,5,285,Secrets & Lies (1996),4.2654,Drama
909,1,1449,Pather Panchali (1955),4.625,Drama
909,2,318,Schindler's List (1993),4.4664,Drama
909,3,483,Casablanca (1942),4.4568,Drama
909,4,64,"Shawshank Redemption, The (1994)",4.4452,Drama
909,5,178,12 Angry Men (1957),4.344,Drama
910,1,1449,Pather Panchali (1955),4.625,Drama
910,2,318,Schindler's List (1993),4.4664,Drama
910,3,483,Casablanca (1942),4.4568,Drama
910,4,64,"Shawshank Redemption, The (1994)",4.4452,Drama
910,5,178,12 Angry Men (1957),4.344,Drama
911,1,408,"Close Shave, A (1995)",4.4911,Comedy
911,2,169,"Wrong Trousers, The (1993)",4.4661,Comedy
911,3,251,Shall We Dance? (1996),4.2609,Comedy
911,4,316,As Good As It Gets (1997),4.1964,Comedy
911,5,170,Cinema Paradiso (1988),4.1736,Comedy
912,1,1449,Pather Panchali (1955),4.625,Drama
912,2,178,12 Angry Men (1957),4.344,Drama
912,3,134,Citizen Kane (1941),4.2929,Drama
912,4,963,Some Folks Call It a Sling Blade (1993),4.2927,Drama
912,5,98,"Silence of the Lambs, The (1991)",4.2897,Drama
913,1,1449,Pather Panchali (1955),4.625,Drama
913,2,178,12 Angry Men (1957),4.344,Drama
913,3,134,Citizen Kane (1941),4.2929,Drama
913,4,285,Secrets & Lies (1996),4.2654,Drama
913,5,272,Good Will Hunting (1997),4.2626,Drama
914,1,483,Casablanca (1942),4.4568,Romance
914,2,50,Star Wars (1977),4.3585,Romance
914,3,172,"Empire Strikes Back, The (1980)",4.2044,Romance
914,4,966,"Affair to Remember, An (1957)",4.1923,Romance
914,5,498,"African Queen, The (1951)",4.1842,Romance
915,1,1449,Pather Panchali (1955),4.625,Drama
915,2,318,Schindler's List (1993),4.4664,Drama
915,3,483,Casablanca (1942),4.4568,Drama
915,4,64,"Shawshank Redemption, The (1994)",4.4452,Drama
915,5,178,12 Angry Men (1957),4.344,Drama
916,1,1449,Pather Panchali (1955),4.625,Drama
916,2,178,12 Angry Men (1957),4.344,Drama
916,3,963,Some Folks Call It a Sling Blade (1993),4.2927,Drama
916,4,357,One Flew Over the Cuckoo's Nest (1975),4.2917,Drama
916,5,127,"Godfather, The (1972)",4.2833,Drama
917,1,1449,Pather Panchali (1955),4.625,Drama
917,2,318,Schindler's List (1993),4.4664,Drama
917,3,483,Casablanca (1942),4.4568,Drama
917,4,64,"Shawshank Redemption, The (1994)",4.4452,Drama
917,5,178,12 Angry Men (1957),4.344,Drama
918,1,1449,Pather Panchali (1955),4.625,Drama
918,2,318,Schindler's List (1993),4.4664,Drama
918,3,483,Casablanca (1942),4.4568,Drama
918,4,178,12 Angry Men (1957),4.344,Drama
918,5,134,Citizen Kane (1941),4.2929,Drama
919,1,1449,Pather Panchali (1955),4.625,Drama
919,2,483,Casablanca (1942),4.4568,Drama
919,3,178,12 Angry Men (1957),4.344,Drama
919,4,134,Citizen Kane (1941),4.2929,Drama
919,5,963,Some Folks Call It a Sling Blade (1993),4.2927,Drama
920,1,1449,Pather Panchali (1955),4.625,Drama
920,2,318,Schindler's List (1993),4.4664,Drama
920,3,483,Casablanca (1942),4.4568,Drama
920,4,64,"Shawshank Redemption, The (1994)",4.4452,Drama
920,5,178,12 Angry Men (1957),4.344,Drama
921,1,408,"Close Shave, A (1995)",4.4911,Comedy
921,2,169,"Wrong Trousers, The (1993)",4.4661,Comedy
921,3,480,North by Northwest (1959),4.2849,Comedy
921,4,251,Shall We Dance? (1996),4.2609,Comedy
921,5,316,As Good As It Gets (1997),4.1964,Comedy
922,1,408,"Close Shave, A (1995)",4.4911,Comedy
922,2,169,"Wrong Trousers, The (1993)",4.4661,Comedy
922,3,480,North by Northwest (1959),4.2849,Comedy
922,4,251,Shall We Dance? (1996),4.2609,Comedy
922,5,316,As Good As It Gets (1997),4.1964,Comedy
923,1,408,"Close Shave, A (1995)",4.4911,Thriller
923,2,603,Rear Window (1954),4.3876,Thriller
923,3,12,"Usual Suspects, The (1995)",4.3858,Thriller
923,4,513,"Third Man, The (1949)",4.3333,Thriller
923,5,963,Some Folks Call It a Sling Blade (1993),4.2927,Thriller
924,1,1449,Pather Panchali (1955),4.625,Drama
924,2,483,Casablanca (1942),4.4568,Drama
924,3,963,Some Folks Call It a Sling Blade (1993),4.2927,Drama
924,4,357,One Flew Over the Cuckoo's Nest (1975),4.2917,Drama
924,5,98,"Silence of the Lambs, The (1991)",4.2897,Drama
925,1,408,"Close Shave, A (1995)",4.4911,Thriller
925,2,603,Rear Window (1954),4.3876,Thriller
925,3,12,"Usual Suspects, The (1995)",4.3858,Thriller
925,4,513,"Third Man, The (1949)",4.3333,Thriller
925,5,963,Some Folks Call It a Sling Blade (1993),4.2927,Thriller
926,1,1449,Pather Panchali (1955),4.625,Drama
926,2,318,Schindler's List (1993),4.4664,Drama
926,3,483,Casablanca (1942),4.4568,Drama
926,4,64,"Shawshank Redemption, The (1994)",4.4452,Drama
926,5,178,12 Angry Men (1957),4.344,Drama
927,1,408,"Close Shave, A (1995)",4.4911,Comedy
927,2,169,"Wrong Trousers, The (1993)",4.4661,Comedy
927,3,480,North by Northwest (1959),4.2849,Comedy
927,4,251,Shall We Dance? (1996),4.2609,Comedy
927,5,316,As Good As It Gets (1997),4.1964,Comedy
928,1,1449,Pather Panchali (1955),4.625,Drama
928,2,318,Schindler's List (1993),4.4664,Drama
928,3,483,Casablanca (1942),4.4568,Drama
928,4,64,"Shawshank Redemption, The (1994)",4.4452,Drama
928,5,178,12 Angry Men (1957),4.344,Drama
929,1,1449,Pather Panchali (1955),4.625,Drama
929,2,64,"Shawshank Redemption, The (1994)",4.4452,Drama
929,3,178,12 Angry Men (1957),4.344,Drama
929,4,963,Some Folks Call It a Sling Blade (1993),4.2927,Drama
929,5,427,To Kill a Mockingbird (1962),4.2922,Drama
930,1,408,"Close Shave, A (1995)",4.4911,Comedy
930,2,169,"Wrong Trousers, The (1993)",4.4661,Comedy
930,3,480,North by Northwest (1959),4.2849,Comedy
930,4,251,Shall We Dance? (1996),4.2609,Comedy
930,5,316,As Good As It Gets (1997),4.1964,Comedy
931,1,1449,Pather Panchali (1955),4.625,Drama
931,2,318,Schindler's List (1993),4.4664,Drama
931,3,483,Casablanca (1942),4.4568,Drama
931,4,64,"Shawshank Redemption, The (1994)",4.4452,Drama
931,5,178,12 Angry Men (1957),4.344,Drama
932,1,318,Schindler's List (1993),4.4664,Drama
932,2,963,Some Folks Call It a Sling Blade (1993),4.2927,Drama
932,3,127,"Godfather, The (1972)",4.2833,Drama
932,4,272,Good Will Hunting (1997),4.2626,Drama
932,5,1524,Kaspar Hauser (1993),4.25,Drama
933,1,408,"Close Shave, A (1995)",4.4911,Comedy
933,2,169,"Wrong Trousers, The (1993)",4.4661,Comedy
933,3,480,North by Northwest (1959),4.2849,Comedy
933,4,251,Shall We Dance? (1996),4.2609,Comedy
933,5,316,As Good As It Gets (1997),4.1964,Comedy
934,1,318,Schindler's List (1993),4.4664,Drama
934,2,64,"Shawshank Redemption, The (1994)",4.4452,Drama
934,3,178,12 Angry Men (1957),4.344,Drama
934,4,357,One Flew Over the Cuckoo's Nest (1975),4.2917,Drama
934,5,98,"Silence of the Lambs, The (1991)",4.2897,Drama
935,1,1449,Pather Panchali (1955),4.625,Drama
935,2,318,Schindler's List (1993),4.4664,Drama
935,3,483,Casablanca (1942),4.4568,Drama
935,4,64,"Shawshank Redemption, The (1994)",4.4452,Drama
935,5,178,12 Angry Men (1957),4.344,Drama
936,1,1449,Pather Panchali (1955),4.625,Drama
936,2,318,Schindler's List (1993),4.4664,Drama
936,3,483,Casablanca (1942),4.4568,Drama
936,4,64,"Shawshank Redemption, The (1994)",4.4452,Drama
936,5,178,12 Angry Men (1957),4.344,Drama
937,1,1449,Pather Panchali (1955),4.625,Drama
937,2,318,Schindler's List (1993),4.4664,Drama
937,3,483,Casablanca (1942),4.4568,Drama
937,4,64,"Shawshank Redemption, The (1994)",4.4452,Drama
937,5,178,12 Angry Men (1957),4.344,Drama
938,1,408,"Close Shave, A (1995)",4.4911,Comedy
938,2,169,"Wrong Trousers, The (1993)",4.4661,Comedy
938,3,480,North by Northwest (1959),4.2849,Comedy
938,4,251,Shall We Dance? (1996),4.2609,Comedy
938,5,316,As Good As It Gets (1997),4.1964,Comedy
939,1,1449,Pather Panchali (1955),4.625,Drama
939,2,318,Schindler's List (1993),4.4664,Drama
939,3,483,Casablanca (1942),4.4568,Drama
939,4,64,"Shawshank Redemption, The (1994)",4.4452,Drama
939,5,178,12 Angry Men (1957),4.344,Drama
940,1,1449,Pather Panchali (1955),4.625,Drama
940,2,318,Schindler's List (1993),4.4664,Drama
940,3,483,Casablanca (1942),4.4568,Drama
940,4,64,"Shawshank Redemption, The (1994)",4.4452,Drama
940,5,178,12 Angry Men (1957),4.344,Drama
941,1,50,Star Wars (1977),4.3585,Action
941,2,127,"Godfather, The (1972)",4.2833,Action
941,3,174,Raiders of the Lost Ark (1981),4.2524,Action
941,4,313,Titanic (1997),4.2457,Action
941,5,172,"Empire Strikes Back, The (1980)",4.2044,Action
942,1,1449,Pather Panchali (1955),4.625,Drama
942,2,483,Casablanca (1942),4.4568,Drama
942,3,64,"Shawshank Redemption, The (1994)",4.4452,Drama
942,4,178,12 Angry Men (1957),4.344,Drama
942,5,134,Citizen Kane (1941),4.2929,Drama
943,1,313,Titanic (1997),4.2457,Action
943,2,515,"Boot, Das (1981)",4.204,Action
943,3,498,"African Queen, The (1951)",4.1842,Action
943,4,651,Glory (1989),4.076,Action
943,5,183,Alien (1979),4.0344,Action
