user_id,favorite_genre,avoid_rank,movie_id,title,global_avg_rating
0,War,1,687,McHale's Navy (1997),2.1884
0,War,2,1185,In the Army Now (1994),2.2778
0,War,3,719,Canadian Bacon (1994),2.4138
0,War,4,110,Operation Dumbo Drop (1995),2.5161
0,War,5,803,Heaven & Earth (1993),2.5556
1,Drama,1,457,Free Willy 3: The Rescue (1997),1.7407
1,Drama,2,981,Dangerous Ground (1997),1.75
1,Drama,3,1272,Talking About Sex (1994),1.8
1,Drama,4,1165,Big Bully (1996),1.8571
1,Drama,5,375,Showgirls (1995),1.9565
2,Drama,1,457,Free Willy 3: The Rescue (1997),1.7407
2,Drama,2,981,Dangerous Ground (1997),1.75
2,Drama,3,1272,Talking About Sex (1994),1.8
2,Drama,4,1165,Big Bully (1996),1.8571
2,Drama,5,375,Showgirls (1995),1.9565
3,Drama,1,457,Free Willy 3: The Rescue (1997),1.7407
3,Drama,2,981,Dangerous Ground (1997),1.75
3,Drama,3,1272,Talking About Sex (1994),1.8
3,Drama,4,1165,Big Bully (1996),1.8571
3,Drama,5,375,Showgirls (1995),1.9565
4,Thriller,1,758,Lawnmower Man 2: Beyond Cyberspace (1996),1.7143
4,Thriller,2,1274,Robocop 3 (1993),1.7273
4,Thriller,3,976,Solo (1996),1.8333
4,Thriller,4,743,"Crow: City of Angels, The (1996)",1.9487
4,Thriller,5,1393,Stag (1997),2.1111
5,Comedy,1,1287,Ed (1996),1.3333
5,Comedy,2,104,Theodore Rex (1995),1.4
5,Comedy,3,1246,Bushwhacked (1995),1.5714
5,Comedy,4,1509,Getting Even with Dad (1994),1.6
5,Comedy,5,1162,Phat Beach (1996),1.6
6,Drama,1,457,Free Willy 3: The Rescue (1997),1.7407
6,Drama,2,981,Dangerous Ground (1997),1.75
6,Drama,3,1272,Talking About Sex (1994),1.8
6,Drama,4,1165,Big Bully (1996),1.8571
6,Drama,5,375,Showgirls (1995),1.9565
7,Drama,1,457,Free Willy 3: The Rescue (1997),1.7407
7,Drama,2,981,Dangerous Ground (1997),1.75
7,Drama,3,1272,Talking About Sex (1994),1.8
7,Drama,4,1165,Big Bully (1996),1.8571
7,Drama,5,375,Showgirls (1995),1.9565
8,Action,1,314,3 Ninjas: High Noon At Mega Mountain (1998),1.0
8,Action,2,1250,Best of the Best 3: No Turning Back (1995),1.5
8,Action,3,1087,Bloodsport 2 (1995),1.7
8,Action,4,247,Turbo: A Power Rangers Movie (1997),1.8
8,Action,5,976,Solo (1996),1.8333
9,Drama,1,457,Free Willy 3: The Rescue (1997),1.7407
9,Drama,2,981,Dangerous Ground (1997),1.75
9,Drama,3,1272,Talking About Sex (1994),1.8
9,Drama,4,1165,Big Bully (1996),1.8571
9,Drama,5,375,Showgirls (1995),1.9565
10,Drama,1,457,Free Willy 3: The Rescue (1997),1.7407
10,Drama,2,981,Dangerous Ground (1997),1.75
10,Drama,3,1272,Talking About Sex (1994),1.8
10,Drama,4,1165,Big Bully (1996),1.8571
10,Drama,5,375,Showgirls (1995),1.9565
11,Drama,1,457,Free Willy 3: The Rescue (1997),1.7407
11,Drama,2,981,Dangerous Ground (1997),1.75
11,Drama,3,1272,Talking About Sex (1994),1.8
11,Drama,4,1165,Big Bully (1996),1.8571
11,Drama,5,375,Showgirls (1995),1.9565
12,Drama,1,457,Free Willy 3: The Rescue (1997),1.7407
12,Drama,2,981,Dangerous Ground (1997),1.75
12,Drama,3,1272,Talking About Sex (1994),1.8
12,Drama,4,1165,Big Bully (1996),1.8571
12,Drama,5,375,Showgirls (1995),1.9565
13,Drama,1,981,Dangerous Ground (1997),1.75
13,Drama,2,1272,Talking About Sex (1994),1.8
13,Drama,3,1165,Big Bully (1996),1.8571
13,Drama,4,375,Showgirls (1995),1.9565
13,Drama,5,1392,"Locusts, The (1997)",2.0
14,Drama,1,457,Free Willy 3: The Rescue (1997),1.7407
14,Drama,2,981,Dangerous Ground (1997),1.75
14,Drama,3,1272,Talking About Sex (1994),1.8
14,Drama,4,1165,Big Bully (1996),1.8571
14,Drama,5,375,Showgirls (1995),1.9565
15,Drama,1,457,Free Willy 3: The Rescue (1997),1.7407
15,Drama,2,981,Dangerous Ground (1997),1.75
15,Drama,3,1272,Talking About Sex (1994),1.8
15,Drama,4,1165,Big Bully (1996),1.8571
15,Drama,5,375,Showgirls (1995),1.9565
16,Drama,1,457,Free Willy 3: The Rescue (1997),1.7407
16,Drama,2,981,Dangerous Ground (1997),1.75
16,Drama,3,1272,Talking About Sex (1994),1.8
16,Drama,4,1165,Big Bully (1996),1.8571
16,Drama,5,375,Showgirls (1995),1.9565
17,Drama,1,457,Free Willy 3: The Rescue (1997),1.7407
17,Drama,2,981,Dangerous Ground (1997),1.75
17,Drama,3,1272,Talking About Sex (1994),1.8
17,Drama,4,1165,Big Bully (1996),1.8571
17,Drama,5,375,Showgirls (1995),1.9565
18,Drama,1,457,Free Willy 3: The Rescue (1997),1.7407
18,Drama,2,981,Dangerous Ground (1997),1.75
18,Drama,3,1272,Talking About Sex (1994),1.8
18,Drama,4,1165,Big Bully (1996),1.8571
18,Drama,5,375,Showgirls (1995),1.9565
19,Comedy,1,1287,Ed (1996),1.3333
19,Comedy,2,104,Theodore Rex (1995),1.4
19,Comedy,3,1246,Bushwhacked (1995),1.5714
19,Comedy,4,1509,Getting Even with Dad (1994),1.6
19,Comedy,5,1162,Phat Beach (1996),1.6
20,Action,1,314,3 Ninjas: High Noon At Mega Mountain (1998),1.0
20,Action,2,1250,Best of the Best 3: No Turning Back (1995),1.5
20,Action,3,1087,Bloodsport 2 (1995),1.7
20,Action,4,247,Turbo: A Power Rangers Movie (1997),1.8
20,Action,5,976,Solo (1996),1.8333
21,Thriller,1,1274,Robocop 3 (1993),1.7273
21,Thriller,2,743,"Crow: City of Angels, The (1996)",1.9487
21,Thriller,3,1393,Stag (1997),2.1111
21,Thriller,4,1089,Speed 2: Cruise Control (1997),2.1316
21,Thriller,5,1229,Poison Ivy II (1995),2.1538
22,Comedy,1,1287,Ed (1996),1.3333
22,Comedy,2,104,Theodore Rex (1995),1.4
22,Comedy,3,1246,Bushwhacked (1995),1.5714
22,Comedy,4,1162,Phat Beach (1996),1.6
22,Comedy,5,1509,Getting Even with Dad (1994),1.6
23,Drama,1,457,Free Willy 3: The Rescue (1997),1.7407
23,Drama,2,981,Dangerous Ground (1997),1.75
23,Drama,3,1272,Talking About Sex (1994),1.8
23,Drama,4,1165,Big Bully (1996),1.8571
23,Drama,5,375,Showgirls (1995),1.9565
24,Drama,1,457,Free Willy 3: The Rescue (1997),1.7407
24,Drama,2,981,Dangerous Ground (1997),1.75
24,Drama,3,1272,Talking About Sex (1994),1.8
24,Drama,4,1165,Big Bully (1996),1.8571
24,Drama,5,375,Showgirls (1995),1.9565
25,Comedy,1,1287,Ed (1996),1.3333
25,Comedy,2,104,Theodore Rex (1995),1.4
25,Comedy,3,1246,Bushwhacked (1995),1.5714
25,Comedy,4,1162,Phat Beach (1996),1.6
25,Comedy,5,1509,Getting Even with Dad (1994),1.6
26,Drama,1,457,Free Willy 3: The Rescue (1997),1.7407
26,Drama,2,981,Dangerous Ground (1997),1.75
26,Drama,3,1272,Talking About Sex (1994),1.8
26,Drama,4,1165,Big Bully (1996),1.8571
26,Drama,5,375,Showgirls (1995),1.9565
27,Thriller,1,758,Lawnmower Man 2: Beyond Cyberspace (1996),1.7143
27,Thriller,2,1274,Robocop 3 (1993),1.7273
27,Thriller,3,976,Solo (1996),1.8333
27,Thriller,4,743,"Crow: City of Angels, The (1996)",1.9487
27,Thriller,5,1393,Stag (1997),2.1111
28,Thriller,1,758,Lawnmower Man 2: Beyond Cyberspace (1996),1.7143
28,Thriller,2,1274,Robocop 3 (1993),1.7273
28,Thriller,3,976,Solo (1996),1.8333
28,Thriller,4,743,"Crow: City of Angels, The (1996)",1.9487
28,Thriller,5,1393,Stag (1997),2.1111
29,Thriller,1,758,Lawnmower Man 2: Beyond Cyberspace (1996),1.7143
29,Thriller,2,1274,Robocop 3 (1993),1.7273
29,Thriller,3,976,Solo (1996),1.8333
29,Thriller,4,743,"Crow: City of Angels, The (1996)",1.9487
29,Thriller,5,1393,Stag (1997),2.1111
30,Comedy,1,1287,Ed (1996),1.3333
30,Comedy,2,104,Theodore Rex (1995),1.4
30,Comedy,3,1246,Bushwhacked (1995),1.5714
30,Comedy,4,1509,Getting Even with Dad (1994),1.6
30,Comedy,5,1162,Phat Beach (1996),1.6
31,Drama,1,457,Free Willy 3: The Rescue (1997),1.7407
31,Drama,2,981,Dangerous Ground (1997),1.75
31,Drama,3,1272,Talking About Sex (1994),1.8
31,Drama,4,1165,Big Bully (1996),1.8571
31,Drama,5,375,Showgirls (1995),1.9565
32,Comedy,1,1287,Ed (1996),1.3333
32,Comedy,2,104,Theodore Rex (1995),1.4
32,Comedy,3,1246,Bushwhacked (1995),1.5714
32,Comedy,4,1509,Getting Even with Dad (1994),1.6
32,Comedy,5,1162,Phat Beach (1996),1.6
33,Thriller,1,758,Lawnmower Man 2: Beyond Cyberspace (1996),1.7143
33,Thriller,2,1274,Robocop 3 (1993),1.7273
33,Thriller,3,976,Solo (1996),1.8333
33,Thriller,4,743,"Crow: City of Angels, The (1996)",1.9487
33,Thriller,5,1393,Stag (1997),2.1111
34,Drama,1,457,Free Willy 3: The Rescue (1997),1.7407
34,Drama,2,981,Dangerous Ground (1997),1.75
34,Drama,3,1272,Talking About Sex (1994),1.8
34,Drama,4,1165,Big Bully (1996),1.8571
34,Drama,5,375,Showgirls (1995),1.9565
35,Action,1,314,3 Ninjas: High Noon At Mega Mountain (1998),1.0
35,Action,2,1250,Best of the Best 3: No Turning Back (1995),1.5
35,Action,3,1087,Bloodsport 2 (1995),1.7
35,Action,4,247,Turbo: A Power Rangers Movie (1997),1.8
35,Action,5,976,Solo (1996),1.8333
36,Drama,1,457,Free Willy 3: The Rescue (1997),1.7407
36,Drama,2,981,Dangerous Ground (1997),1.75
36,Drama,3,1272,Talking About Sex (1994),1.8
36,Drama,4,1165,Big Bully (1996),1.8571
36,Drama,5,375,Showgirls (1995),1.9565
37,Action,1,314,3 Ninjas: High Noon At Mega Mountain (1998),1.0
37,Action,2,1250,Best of the Best 3: No Turning Back (1995),1.5
37,Action,3,1087,Bloodsport 2 (1995),1.7
37,Action,4,247,Turbo: A Power Rangers Movie (1997),1.8
37,Action,5,976,Solo (1996),1.8333
38,Comedy,1,1287,Ed (1996),1.3333
38,Comedy,2,104,Theodore Rex (1995),1.4
38,Comedy,3,1246,Bushwhacked (1995),1.5714
38,Comedy,4,1162,Phat Beach (1996),1.6
38,Comedy,5,1509,Getting Even with Dad (1994),1.6
39,Drama,1,457,Free Willy 3: The Rescue (1997),1.7407
39,Drama,2,981,Dangerous Ground (1997),1.75
39,Drama,3,1272,Talking About Sex (1994),1.8
39,Drama,4,1165,Big Bully (1996),1.8571
39,Drama,5,375,Showgirls (1995),1.9565
40,Drama,1,457,Free Willy 3: The Rescue (1997),1.7407
40,Drama,2,981,Dangerous Ground (1997),1.75
40,Drama,3,1272,Talking About Sex (1994),1.8
40,Drama,4,1165,Big Bully (1996),1.8571
40,Drama,5,375,Showgirls (1995),1.9565
41,Drama,1,457,Free Willy 3: The Rescue (1997),1.7407
41,Drama,2,981,Dangerous Ground (1997),1.75
41,Drama,3,1272,Talking About Sex (1994),1.8
41,Drama,4,1165,Big Bully (1996),1.8571
41,Drama,5,375,Showgirls (1995),1.9565
42,Drama,1,457,Free Willy 3: The Rescue (1997),1.7407
42,Drama,2,981,Dangerous Ground (1997),1.75
42,Drama,3,1272,Talking About Sex (1994),1.8
42,Drama,4,1165,Big Bully (1996),1.8571
42,Drama,5,375,Showgirls (1995),1.9565
43,Comedy,1,1287,Ed (1996),1.3333
43,Comedy,2,104,Theodore Rex (1995),1.4
43,Comedy,3,1246,Bushwhacked (1995),1.5714
43,Comedy,4,1509,Getting Even with Dad (1994),1.6
43,Comedy,5,1162,Phat Beach (1996),1.6
44,Drama,1,457,Free Willy 3: The Rescue (1997),1.7407
44,Drama,2,981,Dangerous Ground (1997),1.75
44,Drama,3,1272,Talking About Sex (1994),1.8
44,Drama,4,1165,Big Bully (1996),1.8571
44,Drama,5,375,Showgirls (1995),1.9565
45,Comedy,1,1287,Ed (1996),1.3333
45,Comedy,2,104,Theodore Rex (1995),1.4
45,Comedy,3,1246,Bushwhacked (1995),1.5714
45,Comedy,4,1162,Phat Beach (1996),1.6
45,Comedy,5,1509,Getting Even with Dad (1994),1.6
46,Drama,1,457,Free Willy 3: The Rescue (1997),1.7407
46,Drama,2,981,Dangerous Ground (1997),1.75
46,Drama,3,1272,Talking About Sex (1994),1.8
46,Drama,4,1165,Big Bully (1996),1.8571
46,Drama,5,375,Showgirls (1995),1.9565
47,Drama,1,457,Free Willy 3: The Rescue (1997),1.7407
47,Drama,2,981,Dangerous Ground (1997),1.75
47,Drama,3,1272,Talking About Sex (1994),1.8
47,Drama,4,1165,Big Bully (1996),1.8571
47,Drama,5,375,Showgirls (1995),1.9565
48,Drama,1,457,Free Willy 3: The Rescue (1997),1.7407
48,Drama,2,981,Dangerous Ground (1997),1.75
48,Drama,3,1272,Talking About Sex (1994),1.8
48,Drama,4,1165,Big Bully (1996),1.8571
48,Drama,5,375,Showgirls (1995),1.9565
49,Comedy,1,1287,Ed (1996),1.3333
49,Comedy,2,104,Theodore Rex (1995),1.4
49,Comedy,3,1246,Bushwhacked (1995),1.5714
49,Comedy,4,1509,Getting Even with Dad (1994),1.6
49,Comedy,5,1162,Phat Beach (1996),1.6
50,Drama,1,457,Free Willy 3: The Rescue (1997),1.7407
50,Drama,2,981,Dangerous Ground (1997),1.75
50,Drama,3,1272,Talking About Sex (1994),1.8
50,Drama,4,1165,Big Bully (1996),1.8571
50,Drama,5,375,Showgirls (1995),1.9565
51,Adventure,1,457,Free Willy 3: The Rescue (1997),1.7407
51,Adventure,2,247,Turbo: A Power Rangers Movie (1997),1.8
51,Adventure,3,890,Mortal Kombat: Annihilation (1997),1.9535
51,Adventure,4,1383,"Second Jungle Book: Mowgli & Baloo, The (1997)",2.0
51,Adventure,5,398,Super Mario Bros. (1993),2.0769
52,Drama,1,457,Free Willy 3: The Rescue (1997),1.7407
52,Drama,2,981,Dangerous Ground (1997),1.75
52,Drama,3,1272,Talking About Sex (1994),1.8
52,Drama,4,1165,Big Bully (1996),1.8571
52,Drama,5,375,Showgirls (1995),1.9565
53,Action,1,314,3 Ninjas: High Noon At Mega Mountain (1998),1.0
53,Action,2,1250,Best of the Best 3: No Turning Back (1995),1.5
53,Action,3,247,Turbo: A Power Rangers Movie (1997),1.8
53,Action,4,976,Solo (1996),1.8333
53,Action,5,1215,Barb Wire (1996),1.9333
54,Thriller,1,758,Lawnmower Man 2: Beyond Cyberspace (1996),1.7143
54,Thriller,2,1274,Robocop 3 (1993),1.7273
54,Thriller,3,976,Solo (1996),1.8333
54,Thriller,4,743,"Crow: City of Angels, The (1996)",1.9487
54,Thriller,5,1393,Stag (1997),2.1111
55,Action,1,314,3 Ninjas: High Noon At Mega Mountain (1998),1.0
55,Action,2,1250,Best of the Best 3: No Turning Back (1995),1.5
55,Action,3,1087,Bloodsport 2 (1995),1.7
55,Action,4,247,Turbo: A Power Rangers Movie (1997),1.8
55,Action,5,976,Solo (1996),1.8333
56,Comedy,1,1287,Ed (1996),1.3333
56,Comedy,2,104,Theodore Rex (1995),1.4
56,Comedy,3,1246,Bushwhacked (1995),1.5714
56,Comedy,4,1162,Phat Beach (1996),1.6
56,Comedy,5,1509,Getting Even with Dad (1994),1.6
57,Comedy,1,1287,Ed (1996),1.3333
57,Comedy,2,104,Theodore Rex (1995),1.4
57,Comedy,3,1246,Bushwhacked (1995),1.5714
57,Comedy,4,1162,Phat Beach (1996),1.6
57,Comedy,5,1509,Getting Even with Dad (1994),1.6
58,Drama,1,457,Free Willy 3: The Rescue (1997),1.7407
58,Drama,2,981,Dangerous Ground (1997),1.75
58,Drama,3,1272,Talking About Sex (1994),1.8
58,Drama,4,1165,Big Bully (1996),1.8571
58,Drama,5,375,Showgirls (1995),1.9565
59,Drama,1,457,Free Willy 3: The Rescue (1997),1.7407
59,Drama,2,981,Dangerous Ground (1997),1.75
59,Drama,3,1272,Talking About Sex (1994),1.8
59,Drama,4,1165,Big Bully (1996),1.8571
59,Drama,5,375,Showgirls (1995),1.9565
60,Drama,1,457,Free Willy 3: The Rescue (1997),1.7407
60,Drama,2,981,Dangerous Ground (1997),1.75
60,Drama,3,1272,Talking About Sex (1994),1.8
60,Drama,4,1165,Big Bully (1996),1.8571
60,Drama,5,375,Showgirls (1995),1.9565
61,Thriller,1,758,Lawnmower Man 2: Beyond Cyberspace (1996),1.7143
61,Thriller,2,1274,Robocop 3 (1993),1.7273
61,Thriller,3,976,Solo (1996),1.8333
61,Thriller,4,743,"Crow: City of Angels, The (1996)",1.9487
61,Thriller,5,1393,Stag (1997),2.1111
62,Drama,1,457,Free Willy 3: The Rescue (1997),1.7407
62,Drama,2,981,Dangerous Ground (1997),1.75
62,Drama,3,1272,Talking About Sex (1994),1.8
62,Drama,4,1165,Big Bully (1996),1.8571
62,Drama,5,375,Showgirls (1995),1.9565
63,Drama,1,457,Free Willy 3: The Rescue (1997),1.7407
63,Drama,2,981,Dangerous Ground (1997),1.75
63,Drama,3,1272,Talking About Sex (1994),1.8
63,Drama,4,1165,Big Bully (1996),1.8571
63,Drama,5,375,Showgirls (1995),1.9565
64,Drama,1,457,Free Willy 3: The Rescue (1997),1.7407
64,Drama,2,981,Dangerous Ground (1997),1.75
64,Drama,3,1272,Talking About Sex (1994),1.8
64,Drama,4,1165,Big Bully (1996),1.8571
64,Drama,5,375,Showgirls (1995),1.9565
65,Drama,1,457,Free Willy 3: The Rescue (1997),1.7407
65,Drama,2,981,Dangerous Ground (1997),1.75
65,Drama,3,1272,Talking About Sex (1994),1.8
65,Drama,4,1165,Big Bully (1996),1.8571
65,Drama,5,375,Showgirls (1995),1.9565
66,Action,1,314,3 Ninjas: High Noon At Mega Mountain (1998),1.0
66,Action,2,1250,Best of the Best 3: No Turning Back (1995),1.5
66,Action,3,1087,Bloodsport 2 (1995),1.7
66,Action,4,247,Turbo: A Power Rangers Movie (1997),1.8
66,Action,5,976,Solo (1996),1.8333
67,Comedy,1,1287,Ed (1996),1.3333
67,Comedy,2,104,Theodore Rex (1995),1.4
67,Comedy,3,1246,Bushwhacked (1995),1.5714
67,Comedy,4,1162,Phat Beach (1996),1.6
67,Comedy,5,1509,Getting Even with Dad (1994),1.6
68,Drama,1,457,Free Willy 3: The Rescue (1997),1.7407
68,Drama,2,981,Dangerous Ground (1997),1.75
68,Drama,3,1272,Talking About Sex (1994),1.8
68,Drama,4,1165,Big Bully (1996),1.8571
68,Drama,5,375,Showgirls (1995),1.9565
69,Drama,1,457,Free Willy 3: The Rescue (1997),1.7407
69,Drama,2,981,Dangerous Ground (1997),1.75
69,Drama,3,1272,Talking About Sex (1994),1.8
69,Drama,4,1165,Big Bully (1996),1.8571
69,Drama,5,375,Showgirls (1995),1.9565
70,Action,1,314,3 Ninjas: High Noon At Mega Mountain (1998),1.0
70,Action,2,1250,Best of the Best 3: No Turning Back (1995),1.5
70,Action,3,1087,Bloodsport 2 (1995),1.7
70,Action,4,247,Turbo: A Power Rangers Movie (1997),1.8
70,Action,5,976,Solo (1996),1.8333
71,Drama,1,457,Free Willy 3: The Rescue (1997),1.7407
71,Drama,2,981,Dangerous Ground (1997),1.75
71,Drama,3,1272,Talking About Sex (1994),1.8
71,Drama,4,1165,Big Bully (1996),1.8571
71,Drama,5,375,Showgirls (1995),1.9565
72,Drama,1,457,Free Willy 3: The Rescue (1997),1.7407
72,Drama,2,981,Dangerous Ground (1997),1.75
72,Drama,3,1272,Talking About Sex (1994),1.8
72,Drama,4,1165,Big Bully (1996),1.8571
72,Drama,5,375,Showgirls (1995),1.9565
73,Drama,1,457,Free Willy 3: The Rescue (1997),1.7407
73,Drama,2,981,Dangerous Ground (1997),1.75
73,Drama,3,1272,Talking About Sex (1994),1.8
73,Drama,4,1165,Big Bully (1996),1.8571
73,Drama,5,375,Showgirls (1995),1.9565
74,Drama,1,457,Free Willy 3: The Rescue (1997),1.7407
74,Drama,2,981,Dangerous Ground (1997),1.75
74,Drama,3,1272,Talking About Sex (1994),1.8
74,Drama,4,1165,Big Bully (1996),1.8571
74,Drama,5,375,Showgirls (1995),1.9565
75,Comedy,1,1287,Ed (1996),1.3333
75,Comedy,2,104,Theodore Rex (1995),1.4
75,Comedy,3,1246,Bushwhacked (1995),1.5714
75,Comedy,4,1509,Getting Even with Dad (1994),1.6
75,Comedy,5,1162,Phat Beach (1996),1.6
76,Drama,1,457,Free Willy 3: The Rescue (1997),1.7407
76,Drama,2,981,Dangerous Ground (1997),1.75
76,Drama,3,1272,Talking About Sex (1994),1.8
76,Drama,4,1165,Big Bully (1996),1.8571
76,Drama,5,375,Showgirls (1995),1.9565
77,Drama,1,457,Free Willy 3: The Rescue (1997),1.7407
77,Drama,2,981,Dangerous Ground (1997),1.75
77,Drama,3,1272,Talking About Sex (1994),1.8
77,Drama,4,1165,Big Bully (1996),1.8571
77,Drama,5,375,Showgirls (1995),1.9565
78,Comedy,1,1287,Ed (1996),1.3333
78,Comedy,2,104,Theodore Rex (1995),1.4
78,Comedy,3,1246,Bushwhacked (1995),1.5714
78,Comedy,4,1509,Getting Even with Dad (1994),1.6
78,Comedy,5,1162,Phat Beach (1996),1.6
79,Drama,1,457,Free Willy 3: The Rescue (1997),1.7407
79,Drama,2,981,Dangerous Ground (1997),1.75
79,Drama,3,1272,Talking About Sex (1994),1.8
79,Drama,4,1165,Big Bully (1996),1.8571
79,Drama,5,375,Showgirls (1995),1.9565
80,Drama,1,457,Free Willy 3: The Rescue (1997),1.7407
80,Drama,2,981,Dangerous Ground (1997),1.75
80,Drama,3,1272,Talking About Sex (1994),1.8
80,Drama,4,1165,Big Bully (1996),1.8571
80,Drama,5,375,Showgirls (1995),1.9565
81,Comedy,1,1287,Ed (1996),1.3333
81,Comedy,2,104,Theodore Rex (1995),1.4
81,Comedy,3,1246,Bushwhacked (1995),1.5714
81,Comedy,4,1162,Phat Beach (1996),1.6
81,Comedy,5,1509,Getting Even with Dad (1994),1.6
82,Drama,1,457,Free Willy 3: The Rescue (1997),1.7407
82,Drama,2,981,Dangerous Ground (1997),1.75
82,Drama,3,1272,Talking About Sex (1994),1.8
82,Drama,4,1165,Big Bully (1996),1.8571
82,Drama,5,375,Showgirls (1995),1.9565
83,Comedy,1,1287,Ed (1996),1.3333
83,Comedy,2,104,Theodore Rex (1995),1.4
83,Comedy,3,1246,Bushwhacked (1995),1.5714
83,Comedy,4,1162,Phat Beach (1996),1.6
83,Comedy,5,1509,Getting Even with Dad (1994),1.6
84,Drama,1,457,Free Willy 3: The Rescue (1997),1.7407
84,Drama,2,981,Dangerous Ground (1997),1.75
84,Drama,3,1272,Talking About Sex (1994),1.8
84,Drama,4,1165,Big Bully (1996),1.8571
84,Drama,5,375,Showgirls (1995),1.9565
85,Drama,1,457,Free Willy 3: The Rescue (1997),1.7407
85,Drama,2,981,Dangerous Ground (1997),1.75
85,Drama,3,1272,Talking About Sex (1994),1.8
85,Drama,4,1165,Big Bully (1996),1.8571
85,Drama,5,375,Showgirls (1995),1.9565
86,Drama,1,457,Free Willy 3: The Rescue (1997),1.7407
86,Drama,2,981,Dangerous Ground (1997),1.75
86,Drama,3,1272,Talking About Sex (1994),1.8
86,Drama,4,1165,Big Bully (1996),1.8571
86,Drama,5,375,Showgirls (1995),1.9565
87,Comedy,1,1287,Ed (1996),1.3333
87,Comedy,2,104,Theodore Rex (1995),1.4
87,Comedy,3,1246,Bushwhacked (1995),1.5714
87,Comedy,4,1162,Phat Beach (1996),1.6
87,Comedy,5,1509,Getting Even with Dad (1994),1.6
88,Drama,1,457,Free Willy 3: The Rescue (1997),1.7407
88,Drama,2,981,Dangerous Ground (1997),1.75
88,Drama,3,1272,Talking About Sex (1994),1.8
88,Drama,4,1165,Big Bully (1996),1.8571
88,Drama,5,375,Showgirls (1995),1.9565
89,Drama,1,457,Free Willy 3: The Rescue (1997),1.7407
89,Drama,2,981,Dangerous Ground (1997),1.75
89,Drama,3,1272,Talking About Sex (1994),1.8
89,Drama,4,1165,Big Bully (1996),1.8571
89,Drama,5,375,Showgirls (1995),1.9565
90,Drama,1,457,Free Willy 3: The Rescue (1997),1.7407
90,Drama,2,981,Dangerous Ground (1997),1.75
90,Drama,3,1272,Talking About Sex (1994),1.8
90,Drama,4,1165,Big Bully (1996),1.8571
90,Drama,5,375,Showgirls (1995),1.9565
91,Drama,1,457,Free Willy 3: The Rescue (1997),1.7407
91,Drama,2,981,Dangerous Ground (1997),1.75
91,Drama,3,1272,Talking About Sex (1994),1.8
91,Drama,4,1165,Big Bully (1996),1.8571
91,Drama,5,375,Showgirls (1995),1.9565
92,Drama,1,457,Free Willy 3: The Rescue (1997),1.7407
92,Drama,2,981,Dangerous Ground (1997),1.75
92,Drama,3,1272,Talking About Sex (1994),1.8
92,Drama,4,1165,Big Bully (1996),1.8571
92,Drama,5,375,Showgirls (1995),1.9565
93,Comedy,1,1287,Ed (1996),1.3333
93,Comedy,2,104,Theodore Rex (1995),1.4
93,Comedy,3,1246,Bushwhacked (1995),1.5714
93,Comedy,4,1509,Getting Even with Dad (1994),1.6
93,Comedy,5,1162,Phat Beach (1996),1.6
94,Drama,1,457,Free Willy 3: The Rescue (1997),1.7407
94,Drama,2,981,Dangerous Ground (1997),1.75
94,Drama,3,1272,Talking About Sex (1994),1.8
94,Drama,4,1165,Big Bully (1996),1.8571
94,Drama,5,375,Showgirls (1995),1.9565
95,Drama,1,457,Free Willy 3: The Rescue (1997),1.7407
95,Drama,2,981,Dangerous Ground (1997),1.75
95,Drama,3,1272,Talking About Sex (1994),1.8
95,Drama,4,1165,Big Bully (1996),1.8571
95,Drama,5,375,Showgirls (1995),1.9565
96,Drama,1,457,Free Willy 3: The Rescue (1997),1.7407
96,Drama,2,981,Dangerous Ground (1997),1.75
96,Drama,3,1272,Talking About Sex (1994),1.8
96,Drama,4,1165,Big Bully (1996),1.8571
96,Drama,5,375,Showgirls (1995),1.9565
97,Drama,1,457,Free Willy 3: The Rescue (1997),1.7407
97,Drama,2,981,Dangerous Ground (1997),1.75
97,Drama,3,1272,Talking About Sex (1994),1.8
97,Drama,4,1165,Big Bully (1996),1.8571
97,Drama,5,375,Showgirls (1995),1.9565
98,Comedy,1,1287,Ed (1996),1.3333
98,Comedy,2,104,Theodore Rex (1995),1.4
98,Comedy,3,1246,Bushwhacked (1995),1.5714
98,Comedy,4,1162,Phat Beach (1996),1.6
98,Comedy,5,1509,Getting Even with Dad (1994),1.6
99,Drama,1,457,Free Willy 3: The Rescue (1997),1.7407
99,Drama,2,981,Dangerous Ground (1997),1.75
99,Drama,3,1272,Talking About Sex (1994),1.8
99,Drama,4,1165,Big Bully (1996),1.8571
99,Drama,5,375,Showgirls (1995),1.9565
100,Drama,1,457,Free Willy 3: The Rescue (1997),1.7407
100,Drama,2,981,Dangerous Ground (1997),1.75
100,Drama,3,1272,Talking About Sex (1994),1.8
100,Drama,4,1165,Big Bully (1996),1.8571
100,Drama,5,375,Showgirls (1995),1.9565
101,Comedy,1,1287,Ed (1996),1.3333
101,Comedy,2,104,Theodore Rex (1995),1.4
101,Comedy,3,1246,Bushwhacked (1995),1.5714
101,Comedy,4,1509,Getting Even with Dad (1994),1.6
101,Comedy,5,1162,Phat Beach (1996),1.6
102,Action,1,314,3 Ninjas: High Noon At Mega Mountain (1998),1.0
102,Action,2,1250,Best of the Best 3: No Turning Back (1995),1.5
102,Action,3,1087,Bloodsport 2 (1995),1.7
102,Action,4,247,Turbo: A Power Rangers Movie (1997),1.8
102,Action,5,976,Solo (1996),1.8333
103,Action,1,314,3 Ninjas: High Noon At Mega Mountain (1998),1.0
103,Action,2,1250,Best of the Best 3: No Turning Back (1995),1.5
103,Action,3,1087,Bloodsport 2 (1995),1.7
103,Action,4,247,Turbo: A Power Rangers Movie (1997),1.8
103,Action,5,976,Solo (1996),1.8333
104,Drama,1,457,Free Willy 3: The Rescue (1997),1.7407
104,Drama,2,981,Dangerous Ground (1997),1.75
104,Drama,3,1272,Talking About Sex (1994),1.8
104,Drama,4,1165,Big Bully (1996),1.8571
104,Drama,5,375,Showgirls (1995),1.9565
105,Drama,1,457,Free Willy 3: The Rescue (1997),1.7407
105,Drama,2,981,Dangerous Ground (1997),1.75
105,Drama,3,1272,Talking About Sex (1994),1.8
105,Drama,4,1165,Big Bully (1996),1.8571
105,Drama,5,375,Showgirls (1995),1.9565
106,Drama,1,457,Free Willy 3: The Rescue (1997),1.7407
106,Drama,2,981,Dangerous Ground (1997),1.75
106,Drama,3,1272,Talking About Sex (1994),1.8
106,Drama,4,1165,Big Bully (1996),1.8571
106,Drama,5,375,Showgirls (1995),1.9565
107,Drama,1,457,Free Willy 3: The Rescue (1997),1.7407
107,Drama,2,981,Dangerous Ground (1997),1.75
107,Drama,3,1272,Talking About Sex (1994),1.8
107,Drama,4,1165,Big Bully (1996),1.8571
107,Drama,5,375,Showgirls (1995),1.9565
108,Drama,1,457,Free Willy 3: The Rescue (1997),1.7407
108,Drama,2,981,Dangerous Ground (1997),1.75
108,Drama,3,1272,Talking About Sex (1994),1.8
108,Drama,4,1165,Big Bully (1996),1.8571
108,Drama,5,375,Showgirls (1995),1.9565
109,Action,1,314,3 Ninjas: High Noon At Mega Mountain (1998),1.0
109,Action,2,1250,Best of the Best 3: No Turning Back (1995),1.5
109,Action,3,1087,Bloodsport 2 (1995),1.7
109,Action,4,247,Turbo: A Power Rangers Movie (1997),1.8
109,Action,5,976,Solo (1996),1.8333
110,Action,1,314,3 Ninjas: High Noon At Mega Mountain (1998),1.0
110,Action,2,1087,Bloodsport 2 (1995),1.7
110,Action,3,247,Turbo: A Power Rangers Movie (1997),1.8
110,Action,4,976,Solo (1996),1.8333
110,Action,5,1215,Barb Wire (1996),1.9333
111,Drama,1,457,Free Willy 3: The Rescue (1997),1.7407
111,Drama,2,981,Dangerous Ground (1997),1.75
111,Drama,3,1272,Talking About Sex (1994),1.8
111,Drama,4,1165,Big Bully (1996),1.8571
111,Drama,5,375,Showgirls (1995),1.9565
112,Drama,1,457,Free Willy 3: The Rescue (1997),1.7407
112,Drama,2,981,Dangerous Ground (1997),1.75
112,Drama,3,1272,Talking About Sex (1994),1.8
112,Drama,4,1165,Big Bully (1996),1.8571
112,Drama,5,375,Showgirls (1995),1.9565
113,Drama,1,457,Free Willy 3: The Rescue (1997),1.7407
113,Drama,2,981,Dangerous Ground (1997),1.75
113,Drama,3,1272,Talking About Sex (1994),1.8
113,Drama,4,1165,Big Bully (1996),1.8571
113,Drama,5,375,Showgirls (1995),1.9565
114,Drama,1,457,Free Willy 3: The Rescue (1997),1.7407
114,Drama,2,981,Dangerous Ground (1997),1.75
114,Drama,3,1272,Talking About Sex (1994),1.8
114,Drama,4,1165,Big Bully (1996),1.8571
114,Drama,5,375,Showgirls (1995),1.9565
115,Drama,1,457,Free Willy 3: The Rescue (1997),1.7407
115,Drama,2,981,Dangerous Ground (1997),1.75
115,Drama,3,1272,Talking About Sex (1994),1.8
115,Drama,4,1165,Big Bully (1996),1.8571
115,Drama,5,375,Showgirls (1995),1.9565
116,Drama,1,457,Free Willy 3: The Rescue (1997),1.7407
116,Drama,2,981,Dangerous Ground (1997),1.75
116,Drama,3,1272,Talking About Sex (1994),1.8
116,Drama,4,1165,Big Bully (1996),1.8571
116,Drama,5,375,Showgirls (1995),1.9565
117,Action,1,314,3 Ninjas: High Noon At Mega Mountain (1998),1.0
117,Action,2,1250,Best of the Best 3: No Turning Back (1995),1.5
117,Action,3,1087,Bloodsport 2 (1995),1.7
117,Action,4,247,Turbo: A Power Rangers Movie (1997),1.8
117,Action,5,976,Solo (1996),1.8333
118,Drama,1,457,Free Willy 3: The Rescue (1997),1.7407
118,Drama,2,981,Dangerous Ground (1997),1.75
118,Drama,3,1272,Talking About Sex (1994),1.8
118,Drama,4,1165,Big Bully (1996),1.8571
118,Drama,5,375,Showgirls (1995),1.9565
119,Drama,1,457,Free Willy 3: The Rescue (1997),1.7407
119,Drama,2,981,Dangerous Ground (1997),1.75
119,Drama,3,1272,Talking About Sex (1994),1.8
119,Drama,4,1165,Big Bully (1996),1.8571
119,Drama,5,375,Showgirls (1995),1.9565
120,Drama,1,457,Free Willy 3: The Rescue (1997),1.7407
120,Drama,2,981,Dangerous Ground (1997),1.75
120,Drama,3,1272,Talking About Sex (1994),1.8
120,Drama,4,1165,Big Bully (1996),1.8571
120,Drama,5,375,Showgirls (1995),1.9565
121,Drama,1,457,Free Willy 3: The Rescue (1997),1.7407
121,Drama,2,981,Dangerous Ground (1997),1.75
121,Drama,3,1272,Talking About Sex (1994),1.8
121,Drama,4,1165,Big Bully (1996),1.8571
121,Drama,5,375,Showgirls (1995),1.9565
122,Drama,1,457,Free Willy 3: The Rescue (1997),1.7407
122,Drama,2,981,Dangerous Ground (1997),1.75
122,Drama,3,1272,Talking About Sex (1994),1.8
122,Drama,4,1165,Big Bully (1996),1.8571
122,Drama,5,375,Showgirls (1995),1.9565
123,Drama,1,457,Free Willy 3: The Rescue (1997),1.7407
123,Drama,2,981,Dangerous Ground (1997),1.75
123,Drama,3,1272,Talking About Sex (1994),1.8
123,Drama,4,1165,Big Bully (1996),1.8571
123,Drama,5,375,Showgirls (1995),1.9565
124,Action,1,314,3 Ninjas: High Noon At Mega Mountain (1998),1.0
124,Action,2,1250,Best of the Best 3: No Turning Back (1995),1.5
124,Action,3,1087,Bloodsport 2 (1995),1.7
124,Action,4,247,Turbo: A Power Rangers Movie (1997),1.8
124,Action,5,976,Solo (1996),1.8333
125,Comedy,1,1287,Ed (1996),1.3333
125,Comedy,2,104,Theodore Rex (1995),1.4
125,Comedy,3,1162,Phat Beach (1996),1.6
125,Comedy,4,1509,Getting Even with Dad (1994),1.6
125,Comedy,5,1336,Kazaam (1996),1.8
126,Drama,1,457,Free Willy 3: The Rescue (1997),1.7407
126,Drama,2,981,Dangerous Ground (1997),1.75
126,Drama,3,1272,Talking About Sex (1994),1.8
126,Drama,4,1165,Big Bully (1996),1.8571
126,Drama,5,375,Showgirls (1995),1.9565
127,Action,1,314,3 Ninjas: High Noon At Mega Mountain (1998),1.0
127,Action,2,1250,Best of the Best 3: No Turning Back (1995),1.5
127,Action,3,1087,Bloodsport 2 (1995),1.7
127,Action,4,247,Turbo: A Power Rangers Movie (1997),1.8
127,Action,5,976,Solo (1996),1.8333
128,Drama,1,457,Free Willy 3: The Rescue (1997),1.7407
128,Drama,2,981,Dangerous Ground (1997),1.75
128,Drama,3,1272,Talking About Sex (1994),1.8
128,Drama,4,1165,Big Bully (1996),1.8571
128,Drama,5,375,Showgirls (1995),1.9565
129,Drama,1,457,Free Willy 3: The Rescue (1997),1.7407
129,Drama,2,981,Dangerous Ground (1997),1.75
129,Drama,3,1272,Talking About Sex (1994),1.8
129,Drama,4,1165,Big Bully (1996),1.8571
129,Drama,5,375,Showgirls (1995),1.9565
130,Action,1,314,3 Ninjas: High Noon At Mega Mountain (1998),1.0
130,Action,2,1250,Best of the Best 3: No Turning Back (1995),1.5
130,Action,3,1087,Bloodsport 2 (1995),1.7
130,Action,4,247,Turbo: A Power Rangers Movie (1997),1.8
130,Action,5,976,Solo (1996),1.8333
131,Drama,1,457,Free Willy 3: The Rescue (1997),1.7407
131,Drama,2,981,Dangerous Ground (1997),1.75
131,Drama,3,1272,Talking About Sex (1994),1.8
131,Drama,4,1165,Big Bully (1996),1.8571
131,Drama,5,375,Showgirls (1995),1.9565
132,Drama,1,457,Free Willy 3: The Rescue (1997),1.7407
132,Drama,2,981,Dangerous Ground (1997),1.75
132,Drama,3,1272,Talking About Sex (1994),1.8
132,Drama,4,1165,Big Bully (1996),1.8571
132,Drama,5,375,Showgirls (1995),1.9565
133,Drama,1,457,Free Willy 3: The Rescue (1997),1.7407
133,Drama,2,981,Dangerous Ground (1997),1.75
133,Drama,3,1272,Talking About Sex (1994),1.8
133,Drama,4,1165,Big Bully (1996),1.8571
133,Drama,5,375,Showgirls (1995),1.9565
134,Drama,1,457,Free Willy 3: The Rescue (1997),1.7407
134,Drama,2,981,Dangerous Ground (1997),1.75
134,Drama,3,1272,Talking About Sex (1994),1.8
134,Drama,4,1165,Big Bully (1996),1.8571
134,Drama,5,375,Showgirls (1995),1.9565
135,Thriller,1,758,Lawnmower Man 2: Beyond Cyberspace (1996),1.7143
135,Thriller,2,1274,Robocop 3 (1993),1.7273
135,Thriller,3,976,Solo (1996),1.8333
135,Thriller,4,743,"Crow: City of Angels, The (1996)",1.9487
135,Thriller,5,1393,Stag (1997),2.1111
136,Drama,1,457,Free Willy 3: The Rescue (1997),1.7407
136,Drama,2,981,Dangerous Ground (1997),1.75
136,Drama,3,1272,Talking About Sex (1994),1.8
136,Drama,4,1165,Big Bully (1996),1.8571
136,Drama,5,375,Showgirls (1995),1.9565
137,Action,1,314,3 Ninjas: High Noon At Mega Mountain (1998),1.0
137,Action,2,1250,Best of the Best 3: No Turning Back (1995),1.5
137,Action,3,1087,Bloodsport 2 (1995),1.7
137,Action,4,247,Turbo: A Power Rangers Movie (1997),1.8
137,Action,5,976,Solo (1996),1.8333
138,Drama,1,457,Free Willy 3: The Rescue (1997),1.7407
138,Drama,2,981,Dangerous Ground (1997),1.75
138,Drama,3,1272,Talking About Sex (1994),1.8
138,Drama,4,1165,Big Bully (1996),1.8571
138,Drama,5,375,Showgirls (1995),1.9565
139,Drama,1,457,Free Willy 3: The Rescue (1997),1.7407
139,Drama,2,981,Dangerous Ground (1997),1.75
139,Drama,3,1272,Talking About Sex (1994),1.8
139,Drama,4,1165,Big Bully (1996),1.8571
139,Drama,5,375,Showgirls (1995),1.9565
140,Drama,1,457,Free Willy 3: The Rescue (1997),1.7407
140,Drama,2,981,Dangerous Ground (1997),1.75
140,Drama,3,1272,Talking About Sex (1994),1.8
140,Drama,4,1165,Big Bully (1996),1.8571
140,Drama,5,375,Showgirls (1995),1.9565
141,Comedy,1,1287,Ed (1996),1.3333
141,Comedy,2,104,Theodore Rex (1995),1.4
141,Comedy,3,1246,Bushwhacked (1995),1.5714
141,Comedy,4,1509,Getting Even with Dad (1994),1.6
141,Comedy,5,1162,Phat Beach (1996),1.6
142,Comedy,1,1287,Ed (1996),1.3333
142,Comedy,2,104,Theodore Rex (1995),1.4
142,Comedy,3,1246,Bushwhacked (1995),1.5714
142,Comedy,4,1509,Getting Even with Dad (1994),1.6
142,Comedy,5,1162,Phat Beach (1996),1.6
143,Thriller,1,758,Lawnmower Man 2: Beyond Cyberspace (1996),1.7143
143,Thriller,2,1274,Robocop 3 (1993),1.7273
143,Thriller,3,976,Solo (1996),1.8333
143,Thriller,4,743,"Crow: City of Angels, The (1996)",1.9487
143,Thriller,5,1393,Stag (1997),2.1111
144,Drama,1,457,Free Willy 3: The Rescue (1997),1.7407
144,Drama,2,981,Dangerous Ground (1997),1.75
144,Drama,3,1272,Talking About Sex (1994),1.8
144,Drama,4,1165,Big Bully (1996),1.8571
144,Drama,5,375,Showgirls (1995),1.9565
145,Drama,1,457,Free Willy 3: The Rescue (1997),1.7407
145,Drama,2,981,Dangerous Ground (1997),1.75
145,Drama,3,1272,Talking About Sex (1994),1.8
145,Drama,4,1165,Big Bully (1996),1.8571
145,Drama,5,375,Showgirls (1995),1.9565
146,Drama,1,457,Free Willy 3: The Rescue (1997),1.7407
146,Drama,2,981,Dangerous Ground (1997),1.75
146,Drama,3,1272,Talking About Sex (1994),1.8
146,Drama,4,1165,Big Bully (1996),1.8571
146,Drama,5,375,Showgirls (1995),1.9565
147,Drama,1,457,Free Willy 3: The Rescue (1997),1.7407
147,Drama,2,981,Dangerous Ground (1997),1.75
147,Drama,3,1272,Talking About Sex (1994),1.8
147,Drama,4,1165,Big Bully (1996),1.8571
147,Drama,5,375,Showgirls (1995),1.9565
148,Drama,1,457,Free Willy 3: The Rescue (1997),1.7407
148,Drama,2,981,Dangerous Ground (1997),1.75
148,Drama,3,1272,Talking About Sex (1994),1.8
148,Drama,4,1165,Big Bully (1996),1.8571
148,Drama,5,375,Showgirls (1995),1.9565
149,Drama,1,457,Free Willy 3: The Rescue (1997),1.7407
149,Drama,2,981,Dangerous Ground (1997),1.75
149,Drama,3,1272,Talking About Sex (1994),1.8
149,Drama,4,1165,Big Bully (1996),1.8571
149,Drama,5,375,Showgirls (1995),1.9565
150,Drama,1,457,Free Willy 3: The Rescue (1997),1.7407
150,Drama,2,981,Dangerous Ground (1997),1.75
150,Drama,3,1272,Talking About Sex (1994),1.8
150,Drama,4,1165,Big Bully (1996),1.8571
150,Drama,5,375,Showgirls (1995),1.9565
151,Drama,1,457,Free Willy 3: The Rescue (1997),1.7407
151,Drama,2,981,Dangerous Ground (1997),1.75
151,Drama,3,1272,Talking About Sex (1994),1.8
151,Drama,4,1165,Big Bully (1996),1.8571
151,Drama,5,375,Showgirls (1995),1.9565
152,Comedy,1,1287,Ed (1996),1.3333
152,Comedy,2,104,Theodore Rex (1995),1.4
152,Comedy,3,1246,Bushwhacked (1995),1.5714
152,Comedy,4,1509,Getting Even with Dad (1994),1.6
152,Comedy,5,1162,Phat Beach (1996),1.6
153,Drama,1,457,Free Willy 3: The Rescue (1997),1.7407
153,Drama,2,981,Dangerous Ground (1997),1.75
153,Drama,3,1272,Talking About Sex (1994),1.8
153,Drama,4,1165,Big Bully (1996),1.8571
153,Drama,5,375,Showgirls (1995),1.9565
154,Drama,1,457,Free Willy 3: The Rescue (1997),1.7407
154,Drama,2,981,Dangerous Ground (1997),1.75
154,Drama,3,1272,Talking About Sex (1994),1.8
154,Drama,4,1165,Big Bully (1996),1.8571
154,Drama,5,375,Showgirls (1995),1.9565
155,Thriller,1,758,Lawnmower Man 2: Beyond Cyberspace (1996),1.7143
155,Thriller,2,1274,Robocop 3 (1993),1.7273
155,Thriller,3,976,Solo (1996),1.8333
155,Thriller,4,743,"Crow: City of Angels, The (1996)",1.9487
155,Thriller,5,1393,Stag (1997),2.1111
156,Drama,1,457,Free Willy 3: The Rescue (1997),1.7407
156,Drama,2,981,Dangerous Ground (1997),1.75
156,Drama,3,1272,Talking About Sex (1994),1.8
156,Drama,4,1165,Big Bully (1996),1.8571
156,Drama,5,375,Showgirls (1995),1.9565
157,Drama,1,457,Free Willy 3: The Rescue (1997),1.7407
157,Drama,2,981,Dangerous Ground (1997),1.75
157,Drama,3,1272,Talking About Sex (1994),1.8
157,Drama,4,1165,Big Bully (1996),1.8571
157,Drama,5,375,Showgirls (1995),1.9565
158,Action,1,314,3 Ninjas: High Noon At Mega Mountain (1998),1.0
158,Action,2,1250,Best of the Best 3: No Turning Back (1995),1.5
158,Action,3,1087,Bloodsport 2 (1995),1.7
158,Action,4,247,Turbo: A Power Rangers Movie (1997),1.8
158,Action,5,976,Solo (1996),1.8333
159,Comedy,1,1287,Ed (1996),1.3333
159,Comedy,2,104,Theodore Rex (1995),1.4
159,Comedy,3,1246,Bushwhacked (1995),1.5714
159,Comedy,4,1509,Getting Even with Dad (1994),1.6
159,Comedy,5,1162,Phat Beach (1996),1.6
160,Drama,1,457,Free Willy 3: The Rescue (1997),1.7407
160,Drama,2,981,Dangerous Ground (1997),1.75
160,Drama,3,1272,Talking About Sex (1994),1.8
160,Drama,4,1165,Big Bully (1996),1.8571
160,Drama,5,375,Showgirls (1995),1.9565
161,Drama,1,457,Free Willy 3: The Rescue (1997),1.7407
161,Drama,2,981,Dangerous Ground (1997),1.75
161,Drama,3,1272,Talking About Sex (1994),1.8
161,Drama,4,1165,Big Bully (1996),1.8571
161,Drama,5,375,Showgirls (1995),1.9565
162,Action,1,314,3 Ninjas: High Noon At Mega Mountain (1998),1.0
162,Action,2,1250,Best of the Best 3: No Turning Back (1995),1.5
162,Action,3,1087,Bloodsport 2 (1995),1.7
162,Action,4,247,Turbo: A Power Rangers Movie (1997),1.8
162,Action,5,976,Solo (1996),1.8333
163,Drama,1,457,Free Willy 3: The Rescue (1997),1.7407
163,Drama,2,981,Dangerous Ground (1997),1.75
163,Drama,3,1272,Talking About Sex (1994),1.8
163,Drama,4,1165,Big Bully (1996),1.8571
163,Drama,5,375,Showgirls (1995),1.9565
164,Thriller,1,758,Lawnmower Man 2: Beyond Cyberspace (1996),1.7143
164,Thriller,2,1274,Robocop 3 (1993),1.7273
164,Thriller,3,976,Solo (1996),1.8333
164,Thriller,4,743,"Crow: City of Angels, The (1996)",1.9487
164,Thriller,5,1393,Stag (1997),2.1111
165,Drama,1,457,Free Willy 3: The Rescue (1997),1.7407
165,Drama,2,981,Dangerous Ground (1997),1.75
165,Drama,3,1272,Talking About Sex (1994),1.8
165,Drama,4,1165,Big Bully (1996),1.8571
165,Drama,5,375,Showgirls (1995),1.9565
166,Thriller,1,758,Lawnmower Man 2: Beyond Cyberspace (1996),1.7143
166,Thriller,2,1274,Robocop 3 (1993),1.7273
166,Thriller,3,976,Solo (1996),1.8333
166,Thriller,4,743,"Crow: City of Angels, The (1996)",1.9487
166,Thriller,5,1393,Stag (1997),2.1111
167,Drama,1,457,Free Willy 3: The Rescue (1997),1.7407
167,Drama,2,981,Dangerous Ground (1997),1.75
167,Drama,3,1272,Talking About Sex (1994),1.8
167,Drama,4,1165,Big Bully (1996),1.8571
167,Drama,5,375,Showgirls (1995),1.9565
168,Comedy,1,1287,Ed (1996),1.3333
168,Comedy,2,104,Theodore Rex (1995),1.4
168,Comedy,3,1246,Bushwhacked (1995),1.5714
168,Comedy,4,1509,Getting Even with Dad (1994),1.6
168,Comedy,5,1162,Phat Beach (1996),1.6
169,Drama,1,457,Free Willy 3: The Rescue (1997),1.7407
169,Drama,2,981,Dangerous Ground (1997),1.75
169,Drama,3,1272,Talking About Sex (1994),1.8
169,Drama,4,1165,Big Bully (1996),1.8571
169,Drama,5,375,Showgirls (1995),1.9565
170,Thriller,1,758,Lawnmower Man 2: Beyond Cyberspace (1996),1.7143
170,Thriller,2,1274,Robocop 3 (1993),1.7273
170,Thriller,3,976,Solo (1996),1.8333
170,Thriller,4,743,"Crow: City of Angels, The (1996)",1.9487
170,Thriller,5,1393,Stag (1997),2.1111
171,Drama,1,457,Free Willy 3: The Rescue (1997),1.7407
171,Drama,2,981,Dangerous Ground (1997),1.75
171,Drama,3,1272,Talking About Sex (1994),1.8
171,Drama,4,1165,Big Bully (1996),1.8571
171,Drama,5,375,Showgirls (1995),1.9565
172,Drama,1,457,Free Willy 3: The Rescue (1997),1.7407
172,Drama,2,981,Dangerous Ground (1997),1.75
172,Drama,3,1272,Talking About Sex (1994),1.8
172,Drama,4,1165,Big Bully (1996),1.8571
172,Drama,5,375,Showgirls (1995),1.9565
173,Drama,1,457,Free Willy 3: The Rescue (1997),1.7407
173,Drama,2,981,Dangerous Ground (1997),1.75
173,Drama,3,1272,Talking About Sex (1994),1.8
173,Drama,4,1165,Big Bully (1996),1.8571
173,Drama,5,375,Showgirls (1995),1.9565
174,Comedy,1,1287,Ed (1996),1.3333
174,Comedy,2,104,Theodore Rex (1995),1.4
174,Comedy,3,1246,Bushwhacked (1995),1.5714
174,Comedy,4,1509,Getting Even with Dad (1994),1.6
174,Comedy,5,1162,Phat Beach (1996),1.6
175,Drama,1,457,Free Willy 3: The Rescue (1997),1.7407
175,Drama,2,981,Dangerous Ground (1997),1.75
175,Drama,3,1272,Talking About Sex (1994),1.8
175,Drama,4,1165,Big Bully (1996),1.8571
175,Drama,5,375,Showgirls (1995),1.9565
176,Drama,1,457,Free Willy 3: The Rescue (1997),1.7407
176,Drama,2,981,Dangerous Ground (1997),1.75
176,Drama,3,1272,Talking About Sex (1994),1.8
176,Drama,4,1165,Big Bully (1996),1.8571
176,Drama,5,375,Showgirls (1995),1.9565
177,Drama,1,457,Free Willy 3: The Rescue (1997),1.7407
177,Drama,2,981,Dangerous Ground (1997),1.75
177,Drama,3,1272,Talking About Sex (1994),1.8
177,Drama,4,1165,Big Bully (1996),1.8571
177,Drama,5,375,Showgirls (1995),1.9565
178,Drama,1,457,Free Willy 3: The Rescue (1997),1.7407
178,Drama,2,981,Dangerous Ground (1997),1.75
178,Drama,3,1272,Talking About Sex (1994),1.8
178,Drama,4,1165,Big Bully (1996),1.8571
178,Drama,5,375,Showgirls (1995),1.9565
179,Drama,1,457,Free Willy 3: The Rescue (1997),1.7407
179,Drama,2,981,Dangerous Ground (1997),1.75
179,Drama,3,1272,Talking About Sex (1994),1.8
179,Drama,4,1165,Big Bully (1996),1.8571
179,Drama,5,375,Showgirls (1995),1.9565
180,Drama,1,457,Free Willy 3: The Rescue (1997),1.7407
180,Drama,2,981,Dangerous Ground (1997),1.75
180,Drama,3,1272,Talking About Sex (1994),1.8
180,Drama,4,1165,Big Bully (1996),1.8571
180,Drama,5,375,Showgirls (1995),1.9565
181,Drama,1,375,Showgirls (1995),1.9565
181,Drama,2,1214,In the Realm of the Senses (Ai no corrida) (1976),2.0
181,Drama,3,555,White Man's Burden (1995),2.0
181,Drama,4,1530,Jefferson in Paris (1995),2.0
181,Drama,5,1229,Poison Ivy II (1995),2.1538
182,Drama,1,457,Free Willy 3: The Rescue (1997),1.7407
182,Drama,2,981,Dangerous Ground (1997),1.75
182,Drama,3,1272,Talking About Sex (1994),1.8
182,Drama,4,1165,Big Bully (1996),1.8571
182,Drama,5,375,Showgirls (1995),1.9565
183,Action,1,314,3 Ninjas: High Noon At Mega Mountain (1998),1.0
183,Action,2,1250,Best of the Best 3: No Turning Back (1995),1.5
183,Action,3,1087,Bloodsport 2 (1995),1.7
183,Action,4,247,Turbo: A Power Rangers Movie (1997),1.8
183,Action,5,976,Solo (1996),1.8333
184,Drama,1,457,Free Willy 3: The Rescue (1997),1.7407
184,Drama,2,981,Dangerous Ground (1997),1.75
184,Drama,3,1272,Talking About Sex (1994),1.8
184,Drama,4,1165,Big Bully (1996),1.8571
184,Drama,5,375,Showgirls (1995),1.9565
185,Drama,1,457,Free Willy 3: The Rescue (1997),1.7407
185,Drama,2,981,Dangerous Ground (1997),1.75
185,Drama,3,1272,Talking About Sex (1994),1.8
185,Drama,4,1165,Big Bully (1996),1.8571
185,Drama,5,375,Showgirls (1995),1.9565
186,Thriller,1,758,Lawnmower Man 2: Beyond Cyberspace (1996),1.7143
186,Thriller,2,1274,Robocop 3 (1993),1.7273
186,Thriller,3,976,Solo (1996),1.8333
186,Thriller,4,743,"Crow: City of Angels, The (1996)",1.9487
186,Thriller,5,1393,Stag (1997),2.1111
187,Drama,1,457,Free Willy 3: The Rescue (1997),1.7407
187,Drama,2,981,Dangerous Ground (1997),1.75
187,Drama,3,1272,Talking About Sex (1994),1.8
187,Drama,4,1165,Big Bully (1996),1.8571
187,Drama,5,375,Showgirls (1995),1.9565
188,Drama,1,457,Free Willy 3: The Rescue (1997),1.7407
188,Drama,2,981,Dangerous Ground (1997),1.75
188,Drama,3,1272,Talking About Sex (1994),1.8
188,Drama,4,1165,Big Bully (1996),1.8571
188,Drama,5,375,Showgirls (1995),1.9565
189,Drama,1,457,Free Willy 3: The Rescue (1997),1.7407
189,Drama,2,981,Dangerous Ground (1997),1.75
189,Drama,3,1272,Talking About Sex (1994),1.8
189,Drama,4,1165,Big Bully (1996),1.8571
189,Drama,5,375,Showgirls (1995),1.9565
190,Thriller,1,758,Lawnmower Man 2: Beyond Cyberspace (1996),1.7143
190,Thriller,2,1274,Robocop 3 (1993),1.7273
190,Thriller,3,976,Solo (1996),1.8333
190,Thriller,4,743,"Crow: City of Angels, The (1996)",1.9487
190,Thriller,5,1393,Stag (1997),2.1111
191,Drama,1,457,Free Willy 3: The Rescue (1997),1.7407
191,Drama,2,981,Dangerous Ground (1997),1.75
191,Drama,3,1272,Talking About Sex (1994),1.8
191,Drama,4,1165,Big Bully (1996),1.8571
191,Drama,5,375,Showgirls (1995),1.9565
192,Drama,1,457,Free Willy 3: The Rescue (1997),1.7407
192,Drama,2,981,Dangerous Ground (1997),1.75
192,Drama,3,1272,Talking About Sex (1994),1.8
192,Drama,4,1165,Big Bully (1996),1.8571
192,Drama,5,375,Showgirls (1995),1.9565
193,Comedy,1,1287,Ed (1996),1.3333
193,Comedy,2,104,Theodore Rex (1995),1.4
193,Comedy,3,1246,Bushwhacked (1995),1.5714
193,Comedy,4,1162,Phat Beach (1996),1.6
193,Comedy,5,1509,Getting Even with Dad (1994),1.6
194,Drama,1,457,Free Willy 3: The Rescue (1997),1.7407
194,Drama,2,981,Dangerous Ground (1997),1.75
194,Drama,3,1272,Talking About Sex (1994),1.8
194,Drama,4,1165,Big Bully (1996),1.8571
194,Drama,5,375,Showgirls (1995),1.9565
195,Drama,1,457,Free Willy 3: The Rescue (1997),1.7407
195,Drama,2,981,Dangerous Ground (1997),1.75
195,Drama,3,1272,Talking About Sex (1994),1.8
195,Drama,4,1165,Big Bully (1996),1.8571
195,Drama,5,375,Showgirls (1995),1.9565
196,Comedy,1,1287,Ed (1996),1.3333
196,Comedy,2,104,Theodore Rex (1995),1.4
196,Comedy,3,1246,Bushwhacked (1995),1.5714
196,Comedy,4,1509,Getting Even with Dad (1994),1.6
196,Comedy,5,1162,Phat Beach (1996),1.6
197,Action,1,314,3 Ninjas: High Noon At Mega Mountain (1998),1.0
197,Action,2,1250,Best of the Best 3: No Turning Back (1995),1.5
197,Action,3,1087,Bloodsport 2 (1995),1.7
197,Action,4,247,Turbo: A Power Rangers Movie (1997),1.8
197,Action,5,976,Solo (1996),1.8333
198,Drama,1,457,Free Willy 3: The Rescue (1997),1.7407
198,Drama,2,981,Dangerous Ground (1997),1.75
198,Drama,3,1272,Talking About Sex (1994),1.8
198,Drama,4,1165,Big Bully (1996),1.8571
198,Drama,5,375,Showgirls (1995),1.9565
199,Drama,1,457,Free Willy 3: The Rescue (1997),1.7407
199,Drama,2,981,Dangerous Ground (1997),1.75
199,Drama,3,1272,Talking About Sex (1994),1.8
199,Drama,4,1165,Big Bully (1996),1.8571
199,Drama,5,375,Showgirls (1995),1.9565
200,Action,1,314,3 Ninjas: High Noon At Mega Mountain (1998),1.0
200,Action,2,1250,Best of the Best 3: No Turning Back (1995),1.5
200,Action,3,1087,Bloodsport 2 (1995),1.7
200,Action,4,247,Turbo: A Power Rangers Movie (1997),1.8
200,Action,5,976,Solo (1996),1.8333
201,Drama,1,457,Free Willy 3: The Rescue (1997),1.7407
201,Drama,2,981,Dangerous Ground (1997),1.75
201,Drama,3,1272,Talking About Sex (1994),1.8
201,Drama,4,1165,Big Bully (1996),1.8571
201,Drama,5,1530,Jefferson in Paris (1995),2.0
202,Drama,1,457,Free Willy 3: The Rescue (1997),1.7407
202,Drama,2,981,Dangerous Ground (1997),1.75
202,Drama,3,1272,Talking About Sex (1994),1.8
202,Drama,4,1165,Big Bully (1996),1.8571
202,Drama,5,375,Showgirls (1995),1.9565
203,Drama,1,457,Free Willy 3: The Rescue (1997),1.7407
203,Drama,2,981,Dangerous Ground (1997),1.75
203,Drama,3,1272,Talking About Sex (1994),1.8
203,Drama,4,1165,Big Bully (1996),1.8571
203,Drama,5,375,Showgirls (1995),1.9565
204,Drama,1,457,Free Willy 3: The Rescue (1997),1.7407
204,Drama,2,981,Dangerous Ground (1997),1.75
204,Drama,3,1272,Talking About Sex (1994),1.8
204,Drama,4,1165,Big Bully (1996),1.8571
204,Drama,5,375,Showgirls (1995),1.9565
205,Drama,1,457,Free Willy 3: The Rescue (1997),1.7407
205,Drama,2,981,Dangerous Ground (1997),1.75
205,Drama,3,1272,Talking About Sex (1994),1.8
205,Drama,4,1165,Big Bully (1996),1.8571
205,Drama,5,375,Showgirls (1995),1.9565
206,Drama,1,457,Free Willy 3: The Rescue (1997),1.7407
206,Drama,2,981,Dangerous Ground (1997),1.75
206,Drama,3,1272,Talking About Sex (1994),1.8
206,Drama,4,1165,Big Bully (1996),1.8571
206,Drama,5,375,Showgirls (1995),1.9565
207,Drama,1,457,Free Willy 3: The Rescue (1997),1.7407
207,Drama,2,981,Dangerous Ground (1997),1.75
207,Drama,3,1165,Big Bully (1996),1.8571
207,Drama,4,375,Showgirls (1995),1.9565
207,Drama,5,555,White Man's Burden (1995),2.0
208,Comedy,1,1287,Ed (1996),1.3333
208,Comedy,2,104,Theodore Rex (1995),1.4
208,Comedy,3,1246,Bushwhacked (1995),1.5714
208,Comedy,4,1162,Phat Beach (1996),1.6
208,Comedy,5,1509,Getting Even with Dad (1994),1.6
209,Drama,1,457,Free Willy 3: The Rescue (1997),1.7407
209,Drama,2,981,Dangerous Ground (1997),1.75
209,Drama,3,1272,Talking About Sex (1994),1.8
209,Drama,4,1165,Big Bully (1996),1.8571
209,Drama,5,375,Showgirls (1995),1.9565
210,Comedy,1,1287,Ed (1996),1.3333
210,Comedy,2,104,Theodore Rex (1995),1.4
210,Comedy,3,1246,Bushwhacked (1995),1.5714
210,Comedy,4,1509,Getting Even with Dad (1994),1.6
210,Comedy,5,1162,Phat Beach (1996),1.6
211,Drama,1,981,Dangerous Ground (1997),1.75
211,Drama,2,1272,Talking About Sex (1994),1.8
211,Drama,3,1165,Big Bully (1996),1.8571
211,Drama,4,375,Showgirls (1995),1.9565
211,Drama,5,555,White Man's Burden (1995),2.0
212,Drama,1,457,Free Willy 3: The Rescue (1997),1.7407
212,Drama,2,981,Dangerous Ground (1997),1.75
212,Drama,3,1272,Talking About Sex (1994),1.8
212,Drama,4,1165,Big Bully (1996),1.8571
212,Drama,5,375,Showgirls (1995),1.9565
213,Drama,1,457,Free Willy 3: The Rescue (1997),1.7407
213,Drama,2,981,Dangerous Ground (1997),1.75
213,Drama,3,1272,Talking About Sex (1994),1.8
213,Drama,4,1165,Big Bully (1996),1.8571
213,Drama,5,375,Showgirls (1995),1.9565
214,Drama,1,457,Free Willy 3: The Rescue (1997),1.7407
214,Drama,2,981,Dangerous Ground (1997),1.75
214,Drama,3,1272,Talking About Sex (1994),1.8
214,Drama,4,1165,Big Bully (1996),1.8571
214,Drama,5,375,Showgirls (1995),1.9565
215,Drama,1,457,Free Willy 3: The Rescue (1997),1.7407
215,Drama,2,981,Dangerous Ground (1997),1.75
215,Drama,3,1272,Talking About Sex (1994),1.8
215,Drama,4,1165,Big Bully (1996),1.8571
215,Drama,5,375,Showgirls (1995),1.9565
216,Drama,1,457,Free Willy 3: The Rescue (1997),1.7407
216,Drama,2,981,Dangerous Ground (1997),1.75
216,Drama,3,1272,Talking About Sex (1994),1.8
216,Drama,4,1165,Big Bully (1996),1.8571
216,Drama,5,375,Showgirls (1995),1.9565
217,Action,1,314,3 Ninjas: High Noon At Mega Mountain (1998),1.0
217,Action,2,1250,Best of the Best 3: No Turning Back (1995),1.5
217,Action,3,1087,Bloodsport 2 (1995),1.7
217,Action,4,247,Turbo: A Power Rangers Movie (1997),1.8
217,Action,5,976,Solo (1996),1.8333
218,Comedy,1,1287,Ed (1996),1.3333
218,Comedy,2,104,Theodore Rex (1995),1.4
218,Comedy,3,1246,Bushwhacked (1995),1.5714
218,Comedy,4,1162,Phat Beach (1996),1.6
218,Comedy,5,1509,Getting Even with Dad (1994),1.6
219,Drama,1,457,Free Willy 3: The Rescue (1997),1.7407
219,Drama,2,981,Dangerous Ground (1997),1.75
219,Drama,3,1272,Talking About Sex (1994),1.8
219,Drama,4,1165,Big Bully (1996),1.8571
219,Drama,5,375,Showgirls (1995),1.9565
220,Drama,1,457,Free Willy 3: The Rescue (1997),1.7407
220,Drama,2,981,Dangerous Ground (1997),1.75
220,Drama,3,1272,Talking About Sex (1994),1.8
220,Drama,4,1165,Big Bully (1996),1.8571
220,Drama,5,375,Showgirls (1995),1.9565
221,Action,1,314,3 Ninjas: High Noon At Mega Mountain (1998),1.0
221,Action,2,1087,Bloodsport 2 (1995),1.7
221,Action,3,247,Turbo: A Power Rangers Movie (1997),1.8
221,Action,4,976,Solo (1996),1.8333
221,Action,5,1215,Barb Wire (1996),1.9333
222,Comedy,1,1287,Ed (1996),1.3333
222,Comedy,2,104,Theodore Rex (1995),1.4
222,Comedy,3,1246,Bushwhacked (1995),1.5714
222,Comedy,4,1162,Phat Beach (1996),1.6
222,Comedy,5,1509,Getting Even with Dad (1994),1.6
223,Comedy,1,1287,Ed (1996),1.3333
223,Comedy,2,104,Theodore Rex (1995),1.4
223,Comedy,3,1246,Bushwhacked (1995),1.5714
223,Comedy,4,1509,Getting Even with Dad (1994),1.6
223,Comedy,5,1162,Phat Beach (1996),1.6
224,Drama,1,457,Free Willy 3: The Rescue (1997),1.7407
224,Drama,2,981,Dangerous Ground (1997),1.75
224,Drama,3,1272,Talking About Sex (1994),1.8
224,Drama,4,1165,Big Bully (1996),1.8571
224,Drama,5,375,Showgirls (1995),1.9565
225,Drama,1,457,Free Willy 3: The Rescue (1997),1.7407
225,Drama,2,981,Dangerous Ground (1997),1.75
225,Drama,3,1272,Talking About Sex (1994),1.8
225,Drama,4,1165,Big Bully (1996),1.8571
225,Drama,5,375,Showgirls (1995),1.9565
226,Drama,1,457,Free Willy 3: The Rescue (1997),1.7407
226,Drama,2,981,Dangerous Ground (1997),1.75
226,Drama,3,1272,Talking About Sex (1994),1.8
226,Drama,4,1165,Big Bully (1996),1.8571
226,Drama,5,375,Showgirls (1995),1.9565
227,Drama,1,457,Free Willy 3: The Rescue (1997),1.7407
227,Drama,2,981,Dangerous Ground (1997),1.75
227,Drama,3,1272,Talking About Sex (1994),1.8
227,Drama,4,1165,Big Bully (1996),1.8571
227,Drama,5,375,Showgirls (1995),1.9565
228,Drama,1,457,Free Willy 3: The Rescue (1997),1.7407
228,Drama,2,981,Dangerous Ground (1997),1.75
228,Drama,3,1272,Talking About Sex (1994),1.8
228,Drama,4,1165,Big Bully (1996),1.8571
228,Drama,5,375,Showgirls (1995),1.9565
229,Drama,1,457,Free Willy 3: The Rescue (1997),1.7407
229,Drama,2,981,Dangerous Ground (1997),1.75
229,Drama,3,1272,Talking About Sex (1994),1.8
229,Drama,4,1165,Big Bully (1996),1.8571
229,Drama,5,375,Showgirls (1995),1.9565
230,Drama,1,457,Free Willy 3: The Rescue (1997),1.7407
230,Drama,2,981,Dangerous Ground (1997),1.75
230,Drama,3,1272,Talking About Sex (1994),1.8
230,Drama,4,1165,Big Bully (1996),1.8571
230,Drama,5,375,Showgirls (1995),1.9565
231,Action,1,314,3 Ninjas: High Noon At Mega Mountain (1998),1.0
231,Action,2,1250,Best of the Best 3: No Turning Back (1995),1.5
231,Action,3,1087,Bloodsport 2 (1995),1.7
231,Action,4,247,Turbo: A Power Rangers Movie (1997),1.8
231,Action,5,976,Solo (1996),1.8333
232,Drama,1,457,Free Willy 3: The Rescue (1997),1.7407
232,Drama,2,981,Dangerous Ground (1997),1.75
232,Drama,3,1272,Talking About Sex (1994),1.8
232,Drama,4,1165,Big Bully (1996),1.8571
232,Drama,5,375,Showgirls (1995),1.9565
233,Drama,1,457,Free Willy 3: The Rescue (1997),1.7407
233,Drama,2,981,Dangerous Ground (1997),1.75
233,Drama,3,1272,Talking About Sex (1994),1.8
233,Drama,4,1165,Big Bully (1996),1.8571
233,Drama,5,1530,Jefferson in Paris (1995),2.0
234,Drama,1,457,Free Willy 3: The Rescue (1997),1.7407
234,Drama,2,981,Dangerous Ground (1997),1.75
234,Drama,3,1272,Talking About Sex (1994),1.8
234,Drama,4,1165,Big Bully (1996),1.8571
234,Drama,5,375,Showgirls (1995),1.9565
235,Drama,1,457,Free Willy 3: The Rescue (1997),1.7407
235,Drama,2,981,Dangerous Ground (1997),1.75
235,Drama,3,1272,Talking About Sex (1994),1.8
235,Drama,4,1165,Big Bully (1996),1.8571
235,Drama,5,375,Showgirls (1995),1.9565
236,Drama,1,457,Free Willy 3: The Rescue (1997),1.7407
236,Drama,2,981,Dangerous Ground (1997),1.75
236,Drama,3,1272,Talking About Sex (1994),1.8
236,Drama,4,1165,Big Bully (1996),1.8571
236,Drama,5,375,Showgirls (1995),1.9565
237,Drama,1,457,Free Willy 3: The Rescue (1997),1.7407
237,Drama,2,981,Dangerous Ground (1997),1.75
237,Drama,3,1272,Talking About Sex (1994),1.8
237,Drama,4,1165,Big Bully (1996),1.8571
237,Drama,5,375,Showgirls (1995),1.9565
238,Comedy,1,1287,Ed (1996),1.3333
238,Comedy,2,104,Theodore Rex (1995),1.4
238,Comedy,3,1246,Bushwhacked (1995),1.5714
238,Comedy,4,1509,Getting Even with Dad (1994),1.6
238,Comedy,5,1162,Phat Beach (1996),1.6
239,Drama,1,457,Free Willy 3: The Rescue (1997),1.7407
239,Drama,2,981,Dangerous Ground (1997),1.75
239,Drama,3,1272,Talking About Sex (1994),1.8
239,Drama,4,1165,Big Bully (1996),1.8571
239,Drama,5,375,Showgirls (1995),1.9565
240,Thriller,1,758,Lawnmower Man 2: Beyond Cyberspace (1996),1.7143
240,Thriller,2,1274,Robocop 3 (1993),1.7273
240,Thriller,3,976,Solo (1996),1.8333
240,Thriller,4,743,"Crow: City of Angels, The (1996)",1.9487
240,Thriller,5,1393,Stag (1997),2.1111
241,Drama,1,457,Free Willy 3: The Rescue (1997),1.7407
241,Drama,2,981,Dangerous Ground (1997),1.75
241,Drama,3,1272,Talking About Sex (1994),1.8
241,Drama,4,1165,Big Bully (1996),1.8571
241,Drama,5,375,Showgirls (1995),1.9565
242,Drama,1,457,Free Willy 3: The Rescue (1997),1.7407
242,Drama,2,981,Dangerous Ground (1997),1.75
242,Drama,3,1272,Talking About Sex (1994),1.8
242,Drama,4,1165,Big Bully (1996),1.8571
242,Drama,5,375,Showgirls (1995),1.9565
243,Drama,1,457,Free Willy 3: The Rescue (1997),1.7407
243,Drama,2,981,Dangerous Ground (1997),1.75
243,Drama,3,1272,Talking About Sex (1994),1.8
243,Drama,4,1165,Big Bully (1996),1.8571
243,Drama,5,375,Showgirls (1995),1.9565
244,Comedy,1,1287,Ed (1996),1.3333
244,Comedy,2,104,Theodore Rex (1995),1.4
244,Comedy,3,1246,Bushwhacked (1995),1.5714
244,Comedy,4,1162,Phat Beach (1996),1.6
244,Comedy,5,1509,Getting Even with Dad (1994),1.6
245,Comedy,1,1287,Ed (1996),1.3333
245,Comedy,2,104,Theodore Rex (1995),1.4
245,Comedy,3,1246,Bushwhacked (1995),1.5714
245,Comedy,4,1162,Phat Beach (1996),1.6
245,Comedy,5,1509,Getting Even with Dad (1994),1.6
246,Action,1,314,3 Ninjas: High Noon At Mega Mountain (1998),1.0
246,Action,2,1250,Best of the Best 3: No Turning Back (1995),1.5
246,Action,3,1087,Bloodsport 2 (1995),1.7
246,Action,4,247,Turbo: A Power Rangers Movie (1997),1.8
246,Action,5,976,Solo (1996),1.8333
247,Drama,1,457,Free Willy 3: The Rescue (1997),1.7407
247,Drama,2,981,Dangerous Ground (1997),1.75
247,Drama,3,1272,Talking About Sex (1994),1.8
247,Drama,4,1165,Big Bully (1996),1.8571
247,Drama,5,375,Showgirls (1995),1.9565
248,Action,1,314,3 Ninjas: High Noon At Mega Mountain (1998),1.0
248,Action,2,1250,Best of the Best 3: No Turning Back (1995),1.5
248,Action,3,1087,Bloodsport 2 (1995),1.7
248,Action,4,247,Turbo: A Power Rangers Movie (1997),1.8
248,Action,5,976,Solo (1996),1.8333
249,Drama,1,457,Free Willy 3: The Rescue (1997),1.7407
249,Drama,2,981,Dangerous Ground (1997),1.75
249,Drama,3,1272,Talking About Sex (1994),1.8
249,Drama,4,1165,Big Bully (1996),1.8571
249,Drama,5,375,Showgirls (1995),1.9565
250,Drama,1,457,Free Willy 3: The Rescue (1997),1.7407
250,Drama,2,981,Dangerous Ground (1997),1.75
250,Drama,3,1272,Talking About Sex (1994),1.8
250,Drama,4,1165,Big Bully (1996),1.8571
250,Drama,5,375,Showgirls (1995),1.9565
251,Action,1,314,3 Ninjas: High Noon At Mega Mountain (1998),1.0
251,Action,2,1250,Best of the Best 3: No Turning Back (1995),1.5
251,Action,3,1087,Bloodsport 2 (1995),1.7
251,Action,4,247,Turbo: A Power Rangers Movie (1997),1.8
251,Action,5,976,Solo (1996),1.8333
252,Drama,1,457,Free Willy 3: The Rescue (1997),1.7407
252,Drama,2,981,Dangerous Ground (1997),1.75
252,Drama,3,1272,Talking About Sex (1994),1.8
252,Drama,4,1165,Big Bully (1996),1.8571
252,Drama,5,375,Showgirls (1995),1.9565
253,Drama,1,457,Free Willy 3: The Rescue (1997),1.7407
253,Drama,2,981,Dangerous Ground (1997),1.75
253,Drama,3,1272,Talking About Sex (1994),1.8
253,Drama,4,1165,Big Bully (1996),1.8571
253,Drama,5,375,Showgirls (1995),1.9565
254,Childrens,1,314,3 Ninjas: High Noon At Mega Mountain (1998),1.0
254,Childrens,2,1412,Land Before Time III: The Time of the Great Giving (1995) (V),1.6667
254,Childrens,3,247,Turbo: A Power Rangers Movie (1997),1.8
254,Childrens,4,1336,Kazaam (1996),1.8
254,Childrens,5,894,Home Alone 3 (1997),1.8947
255,Thriller,1,758,Lawnmower Man 2: Beyond Cyberspace (1996),1.7143
255,Thriller,2,1274,Robocop 3 (1993),1.7273
255,Thriller,3,1393,Stag (1997),2.1111
255,Thriller,4,1089,Speed 2: Cruise Control (1997),2.1316
255,Thriller,5,1229,Poison Ivy II (1995),2.1538
256,Action,1,314,3 Ninjas: High Noon At Mega Mountain (1998),1.0
256,Action,2,1250,Best of the Best 3: No Turning Back (1995),1.5
256,Action,3,1087,Bloodsport 2 (1995),1.7
256,Action,4,247,Turbo: A Power Rangers Movie (1997),1.8
256,Action,5,976,Solo (1996),1.8333
257,Drama,1,457,Free Willy 3: The Rescue (1997),1.7407
257,Drama,2,981,Dangerous Ground (1997),1.75
257,Drama,3,1272,Talking About Sex (1994),1.8
257,Drama,4,1165,Big Bully (1996),1.8571
257,Drama,5,375,Showgirls (1995),1.9565
258,Drama,1,457,Free Willy 3: The Rescue (1997),1.7407
258,Drama,2,981,Dangerous Ground (1997),1.75
258,Drama,3,1272,Talking About Sex (1994),1.8
258,Drama,4,1165,Big Bully (1996),1.8571
258,Drama,5,375,Showgirls (1995),1.9565
259,Drama,1,457,Free Willy 3: The Rescue (1997),1.7407
259,Drama,2,981,Dangerous Ground (1997),1.75
259,Drama,3,1272,Talking About Sex (1994),1.8
259,Drama,4,1165,Big Bully (1996),1.8571
259,Drama,5,375,Showgirls (1995),1.9565
260,Thriller,1,758,Lawnmower Man 2: Beyond Cyberspace (1996),1.7143
260,Thriller,2,1274,Robocop 3 (1993),1.7273
260,Thriller,3,976,Solo (1996),1.8333
260,Thriller,4,743,"Crow: City of Angels, The (1996)",1.9487
260,Thriller,5,1393,Stag (1997),2.1111
261,Comedy,1,1287,Ed (1996),1.3333
261,Comedy,2,104,Theodore Rex (1995),1.4
261,Comedy,3,1246,Bushwhacked (1995),1.5714
261,Comedy,4,1162,Phat Beach (1996),1.6
261,Comedy,5,1509,Getting Even with Dad (1994),1.6
262,Drama,1,457,Free Willy 3: The Rescue (1997),1.7407
262,Drama,2,981,Dangerous Ground (1997),1.75
262,Drama,3,1272,Talking About Sex (1994),1.8
262,Drama,4,1165,Big Bully (1996),1.8571
262,Drama,5,375,Showgirls (1995),1.9565
263,Drama,1,457,Free Willy 3: The Rescue (1997),1.7407
263,Drama,2,981,Dangerous Ground (1997),1.75
263,Drama,3,1272,Talking About Sex (1994),1.8
263,Drama,4,1165,Big Bully (1996),1.8571
263,Drama,5,375,Showgirls (1995),1.9565
264,Comedy,1,1287,Ed (1996),1.3333
264,Comedy,2,104,Theodore Rex (1995),1.4
264,Comedy,3,1246,Bushwhacked (1995),1.5714
264,Comedy,4,1509,Getting Even with Dad (1994),1.6
264,Comedy,5,1162,Phat Beach (1996),1.6
265,Drama,1,457,Free Willy 3: The Rescue (1997),1.7407
265,Drama,2,981,Dangerous Ground (1997),1.75
265,Drama,3,1272,Talking About Sex (1994),1.8
265,Drama,4,1165,Big Bully (1996),1.8571
265,Drama,5,375,Showgirls (1995),1.9565
266,Drama,1,457,Free Willy 3: The Rescue (1997),1.7407
266,Drama,2,981,Dangerous Ground (1997),1.75
266,Drama,3,1272,Talking About Sex (1994),1.8
266,Drama,4,1165,Big Bully (1996),1.8571
266,Drama,5,375,Showgirls (1995),1.9565
267,Action,1,314,3 Ninjas: High Noon At Mega Mountain (1998),1.0
267,Action,2,1250,Best of the Best 3: No Turning Back (1995),1.5
267,Action,3,1087,Bloodsport 2 (1995),1.7
267,Action,4,247,Turbo: A Power Rangers Movie (1997),1.8
267,Action,5,976,Solo (1996),1.8333
268,Comedy,1,1287,Ed (1996),1.3333
268,Comedy,2,104,Theodore Rex (1995),1.4
268,Comedy,3,1246,Bushwhacked (1995),1.5714
268,Comedy,4,1162,Phat Beach (1996),1.6
268,Comedy,5,1509,Getting Even with Dad (1994),1.6
269,Drama,1,457,Free Willy 3: The Rescue (1997),1.7407
269,Drama,2,981,Dangerous Ground (1997),1.75
269,Drama,3,1272,Talking About Sex (1994),1.8
269,Drama,4,375,Showgirls (1995),1.9565
269,Drama,5,1530,Jefferson in Paris (1995),2.0
270,Drama,1,457,Free Willy 3: The Rescue (1997),1.7407
270,Drama,2,981,Dangerous Ground (1997),1.75
270,Drama,3,1272,Talking About Sex (1994),1.8
270,Drama,4,1165,Big Bully (1996),1.8571
270,Drama,5,375,Showgirls (1995),1.9565
271,Drama,1,457,Free Willy 3: The Rescue (1997),1.7407
271,Drama,2,981,Dangerous Ground (1997),1.75
271,Drama,3,1272,Talking About Sex (1994),1.8
271,Drama,4,1165,Big Bully (1996),1.8571
271,Drama,5,375,Showgirls (1995),1.9565
272,Drama,1,457,Free Willy 3: The Rescue (1997),1.7407
272,Drama,2,981,Dangerous Ground (1997),1.75
272,Drama,3,1272,Talking About Sex (1994),1.8
272,Drama,4,1165,Big Bully (1996),1.8571
272,Drama,5,375,Showgirls (1995),1.9565
273,Drama,1,457,Free Willy 3: The Rescue (1997),1.7407
273,Drama,2,981,Dangerous Ground (1997),1.75
273,Drama,3,1272,Talking About Sex (1994),1.8
273,Drama,4,1165,Big Bully (1996),1.8571
273,Drama,5,375,Showgirls (1995),1.9565
274,Drama,1,457,Free Willy 3: The Rescue (1997),1.7407
274,Drama,2,981,Dangerous Ground (1997),1.75
274,Drama,3,1272,Talking About Sex (1994),1.8
274,Drama,4,1165,Big Bully (1996),1.8571
274,Drama,5,375,Showgirls (1995),1.9565
275,Action,1,314,3 Ninjas: High Noon At Mega Mountain (1998),1.0
275,Action,2,1250,Best of the Best 3: No Turning Back (1995),1.5
275,Action,3,1087,Bloodsport 2 (1995),1.7
275,Action,4,247,Turbo: A Power Rangers Movie (1997),1.8
275,Action,5,976,Solo (1996),1.8333
276,Drama,1,457,Free Willy 3: The Rescue (1997),1.7407
276,Drama,2,981,Dangerous Ground (1997),1.75
276,Drama,3,1272,Talking About Sex (1994),1.8
276,Drama,4,1165,Big Bully (1996),1.8571
276,Drama,5,1214,In the Realm of the Senses (Ai no corrida) (1976),2.0
277,Drama,1,457,Free Willy 3: The Rescue (1997),1.7407
277,Drama,2,981,Dangerous Ground (1997),1.75
277,Drama,3,1272,Talking About Sex (1994),1.8
277,Drama,4,1165,Big Bully (1996),1.8571
277,Drama,5,375,Showgirls (1995),1.9565
278,Drama,1,457,Free Willy 3: The Rescue (1997),1.7407
278,Drama,2,981,Dangerous Ground (1997),1.75
278,Drama,3,1272,Talking About Sex (1994),1.8
278,Drama,4,1165,Big Bully (1996),1.8571
278,Drama,5,375,Showgirls (1995),1.9565
279,Comedy,1,1287,Ed (1996),1.3333
279,Comedy,2,104,Theodore Rex (1995),1.4
279,Comedy,3,1246,Bushwhacked (1995),1.5714
279,Comedy,4,1509,Getting Even with Dad (1994),1.6
279,Comedy,5,1272,Talking About Sex (1994),1.8
280,Drama,1,457,Free Willy 3: The Rescue (1997),1.7407
280,Drama,2,981,Dangerous Ground (1997),1.75
280,Drama,3,1272,Talking About Sex (1994),1.8
280,Drama,4,1165,Big Bully (1996),1.8571
280,Drama,5,375,Showgirls (1995),1.9565
281,Thriller,1,758,Lawnmower Man 2: Beyond Cyberspace (1996),1.7143
281,Thriller,2,1274,Robocop 3 (1993),1.7273
281,Thriller,3,976,Solo (1996),1.8333
281,Thriller,4,743,"Crow: City of Angels, The (1996)",1.9487
281,Thriller,5,1393,Stag (1997),2.1111
282,Thriller,1,758,Lawnmower Man 2: Beyond Cyberspace (1996),1.7143
282,Thriller,2,1274,Robocop 3 (1993),1.7273
282,Thriller,3,976,Solo (1996),1.8333
282,Thriller,4,743,"Crow: City of Angels, The (1996)",1.9487
282,Thriller,5,1393,Stag (1997),2.1111
283,Comedy,1,1287,Ed (1996),1.3333
283,Comedy,2,104,Theodore Rex (1995),1.4
283,Comedy,3,1246,Bushwhacked (1995),1.5714
283,Comedy,4,1162,Phat Beach (1996),1.6
283,Comedy,5,1509,Getting Even with Dad (1994),1.6
284,Drama,1,457,Free Willy 3: The Rescue (1997),1.7407
284,Drama,2,981,Dangerous Ground (1997),1.75
284,Drama,3,1272,Talking About Sex (1994),1.8
284,Drama,4,1165,Big Bully (1996),1.8571
284,Drama,5,375,Showgirls (1995),1.9565
285,Drama,1,457,Free Willy 3: The Rescue (1997),1.7407
285,Drama,2,981,Dangerous Ground (1997),1.75
285,Drama,3,1272,Talking About Sex (1994),1.8
285,Drama,4,1165,Big Bully (1996),1.8571
285,Drama,5,375,Showgirls (1995),1.9565
286,Comedy,1,1287,Ed (1996),1.3333
286,Comedy,2,104,Theodore Rex (1995),1.4
286,Comedy,3,1246,Bushwhacked (1995),1.5714
286,Comedy,4,1509,Getting Even with Dad (1994),1.6
286,Comedy,5,1162,Phat Beach (1996),1.6
287,Comedy,1,1287,Ed (1996),1.3333
287,Comedy,2,104,Theodore Rex (1995),1.4
287,Comedy,3,1246,Bushwhacked (1995),1.5714
287,Comedy,4,1509,Getting Even with Dad (1994),1.6
287,Comedy,5,1162,Phat Beach (1996),1.6
288,Drama,1,457,Free Willy 3: The Rescue (1997),1.7407
288,Drama,2,981,Dangerous Ground (1997),1.75
288,Drama,3,1272,Talking About Sex (1994),1.8
288,Drama,4,1165,Big Bully (1996),1.8571
288,Drama,5,375,Showgirls (1995),1.9565
289,Action,1,314,3 Ninjas: High Noon At Mega Mountain (1998),1.0
289,Action,2,1250,Best of the Best 3: No Turning Back (1995),1.5
289,Action,3,1087,Bloodsport 2 (1995),1.7
289,Action,4,247,Turbo: A Power Rangers Movie (1997),1.8
289,Action,5,976,Solo (1996),1.8333
290,Action,1,314,3 Ninjas: High Noon At Mega Mountain (1998),1.0
290,Action,2,1250,Best of the Best 3: No Turning Back (1995),1.5
290,Action,3,1087,Bloodsport 2 (1995),1.7
290,Action,4,247,Turbo: A Power Rangers Movie (1997),1.8
290,Action,5,976,Solo (1996),1.8333
291,Comedy,1,1287,Ed (1996),1.3333
291,Comedy,2,104,Theodore Rex (1995),1.4
291,Comedy,3,1246,Bushwhacked (1995),1.5714
291,Comedy,4,1509,Getting Even with Dad (1994),1.6
291,Comedy,5,1162,Phat Beach (1996),1.6
292,Drama,1,457,Free Willy 3: The Rescue (1997),1.7407
292,Drama,2,981,Dangerous Ground (1997),1.75
292,Drama,3,1272,Talking About Sex (1994),1.8
292,Drama,4,1165,Big Bully (1996),1.8571
292,Drama,5,375,Showgirls (1995),1.9565
293,Drama,1,457,Free Willy 3: The Rescue (1997),1.7407
293,Drama,2,981,Dangerous Ground (1997),1.75
293,Drama,3,1272,Talking About Sex (1994),1.8
293,Drama,4,1165,Big Bully (1996),1.8571
293,Drama,5,375,Showgirls (1995),1.9565
294,Action,1,314,3 Ninjas: High Noon At Mega Mountain (1998),1.0
294,Action,2,1250,Best of the Best 3: No Turning Back (1995),1.5
294,Action,3,1087,Bloodsport 2 (1995),1.7
294,Action,4,247,Turbo: A Power Rangers Movie (1997),1.8
294,Action,5,976,Solo (1996),1.8333
295,Drama,1,457,Free Willy 3: The Rescue (1997),1.7407
295,Drama,2,981,Dangerous Ground (1997),1.75
295,Drama,3,1272,Talking About Sex (1994),1.8
295,Drama,4,1165,Big Bully (1996),1.8571
295,Drama,5,375,Showgirls (1995),1.9565
296,Drama,1,457,Free Willy 3: The Rescue (1997),1.7407
296,Drama,2,981,Dangerous Ground (1997),1.75
296,Drama,3,1272,Talking About Sex (1994),1.8
296,Drama,4,1165,Big Bully (1996),1.8571
296,Drama,5,375,Showgirls (1995),1.9565
297,Drama,1,457,Free Willy 3: The Rescue (1997),1.7407
297,Drama,2,981,Dangerous Ground (1997),1.75
297,Drama,3,1272,Talking About Sex (1994),1.8
297,Drama,4,1165,Big Bully (1996),1.8571
297,Drama,5,375,Showgirls (1995),1.9565
298,Drama,1,457,Free Willy 3: The Rescue (1997),1.7407
298,Drama,2,981,Dangerous Ground (1997),1.75
298,Drama,3,1272,Talking About Sex (1994),1.8
298,Drama,4,1165,Big Bully (1996),1.8571
298,Drama,5,375,Showgirls (1995),1.9565
299,Drama,1,457,Free Willy 3: The Rescue (1997),1.7407
299,Drama,2,981,Dangerous Ground (1997),1.75
299,Drama,3,1272,Talking About Sex (1994),1.8
299,Drama,4,1165,Big Bully (1996),1.8571
299,Drama,5,375,Showgirls (1995),1.9565
300,Comedy,1,1287,Ed (1996),1.3333
300,Comedy,2,104,Theodore Rex (1995),1.4
300,Comedy,3,1246,Bushwhacked (1995),1.5714
300,Comedy,4,1162,Phat Beach (1996),1.6
300,Comedy,5,1509,Getting Even with Dad (1994),1.6
301,Comedy,1,1287,Ed (1996),1.3333
301,Comedy,2,104,Theodore Rex (1995),1.4
301,Comedy,3,1246,Bushwhacked (1995),1.5714
301,Comedy,4,1509,Getting Even with Dad (1994),1.6
301,Comedy,5,1162,Phat Beach (1996),1.6
302,Thriller,1,758,Lawnmower Man 2: Beyond Cyberspace (1996),1.7143
302,Thriller,2,1274,Robocop 3 (1993),1.7273
302,Thriller,3,976,Solo (1996),1.8333
302,Thriller,4,743,"Crow: City of Angels, The (1996)",1.9487
302,Thriller,5,1393,Stag (1997),2.1111
303,Comedy,1,1287,Ed (1996),1.3333
303,Comedy,2,104,Theodore Rex (1995),1.4
303,Comedy,3,1246,Bushwhacked (1995),1.5714
303,Comedy,4,1162,Phat Beach (1996),1.6
303,Comedy,5,1272,Talking About Sex (1994),1.8
304,Thriller,1,758,Lawnmower Man 2: Beyond Cyberspace (1996),1.7143
304,Thriller,2,1274,Robocop 3 (1993),1.7273
304,Thriller,3,976,Solo (1996),1.8333
304,Thriller,4,743,"Crow: City of Angels, The (1996)",1.9487
304,Thriller,5,1393,Stag (1997),2.1111
305,Drama,1,457,Free Willy 3: The Rescue (1997),1.7407
305,Drama,2,981,Dangerous Ground (1997),1.75
305,Drama,3,1272,Talking About Sex (1994),1.8
305,Drama,4,1165,Big Bully (1996),1.8571
305,Drama,5,375,Showgirls (1995),1.9565
306,Drama,1,457,Free Willy 3: The Rescue (1997),1.7407
306,Drama,2,981,Dangerous Ground (1997),1.75
306,Drama,3,1272,Talking About Sex (1994),1.8
306,Drama,4,1165,Big Bully (1996),1.8571
306,Drama,5,375,Showgirls (1995),1.9565
307,Action,1,314,3 Ninjas: High Noon At Mega Mountain (1998),1.0
307,Action,2,1250,Best of the Best 3: No Turning Back (1995),1.5
307,Action,3,1087,Bloodsport 2 (1995),1.7
307,Action,4,247,Turbo: A Power Rangers Movie (1997),1.8
307,Action,5,976,Solo (1996),1.8333
308,Drama,1,457,Free Willy 3: The Rescue (1997),1.7407
308,Drama,2,981,Dangerous Ground (1997),1.75
308,Drama,3,1272,Talking About Sex (1994),1.8
308,Drama,4,1165,Big Bully (1996),1.8571
308,Drama,5,375,Showgirls (1995),1.9565
309,Drama,1,457,Free Willy 3: The Rescue (1997),1.7407
309,Drama,2,981,Dangerous Ground (1997),1.75
309,Drama,3,1272,Talking About Sex (1994),1.8
309,Drama,4,1165,Big Bully (1996),1.8571
309,Drama,5,375,Showgirls (1995),1.9565
310,Romance,1,545,Vampire in Brooklyn (1995),1.8333
310,Romance,2,1487,Even Cowgirls Get the Blues (1993),2.0
310,Romance,3,1037,Grease 2 (1982),2.0
310,Romance,4,1089,Speed 2: Cruise Control (1997),2.1316
310,Romance,5,1289,Jack and Sarah (1995),2.1429
311,Drama,1,457,Free Willy 3: The Rescue (1997),1.7407
311,Drama,2,981,Dangerous Ground (1997),1.75
311,Drama,3,1272,Talking About Sex (1994),1.8
311,Drama,4,1165,Big Bully (1996),1.8571
311,Drama,5,375,Showgirls (1995),1.9565
312,Drama,1,457,Free Willy 3: The Rescue (1997),1.7407
312,Drama,2,981,Dangerous Ground (1997),1.75
312,Drama,3,1272,Talking About Sex (1994),1.8
312,Drama,4,1165,Big Bully (1996),1.8571
312,Drama,5,375,Showgirls (1995),1.9565
313,Drama,1,457,Free Willy 3: The Rescue (1997),1.7407
313,Drama,2,981,Dangerous Ground (1997),1.75
313,Drama,3,1272,Talking About Sex (1994),1.8
313,Drama,4,1165,Big Bully (1996),1.8571
313,Drama,5,375,Showgirls (1995),1.9565
314,Comedy,1,1287,Ed (1996),1.3333
314,Comedy,2,104,Theodore Rex (1995),1.4
314,Comedy,3,1246,Bushwhacked (1995),1.5714
314,Comedy,4,1509,Getting Even with Dad (1994),1.6
314,Comedy,5,1162,Phat Beach (1996),1.6
315,Drama,1,457,Free Willy 3: The Rescue (1997),1.7407
315,Drama,2,981,Dangerous Ground (1997),1.75
315,Drama,3,1272,Talking About Sex (1994),1.8
315,Drama,4,1165,Big Bully (1996),1.8571
315,Drama,5,375,Showgirls (1995),1.9565
316,Drama,1,457,Free Willy 3: The Rescue (1997),1.7407
316,Drama,2,981,Dangerous Ground (1997),1.75
316,Drama,3,1272,Talking About Sex (1994),1.8
316,Drama,4,1165,Big Bully (1996),1.8571
316,Drama,5,375,Showgirls (1995),1.9565
317,Thriller,1,758,Lawnmower Man 2: Beyond Cyberspace (1996),1.7143
317,Thriller,2,1274,Robocop 3 (1993),1.7273
317,Thriller,3,976,Solo (1996),1.8333
317,Thriller,4,743,"Crow: City of Angels, The (1996)",1.9487
317,Thriller,5,1393,Stag (1997),2.1111
318,Comedy,1,1287,Ed (1996),1.3333
318,Comedy,2,104,Theodore Rex (1995),1.4
318,Comedy,3,1246,Bushwhacked (1995),1.5714
318,Comedy,4,1509,Getting Even with Dad (1994),1.6
318,Comedy,5,1162,Phat Beach (1996),1.6
319,Thriller,1,758,Lawnmower Man 2: Beyond Cyberspace (1996),1.7143
319,Thriller,2,1274,Robocop 3 (1993),1.7273
319,Thriller,3,976,Solo (1996),1.8333
319,Thriller,4,743,"Crow: City of Angels, The (1996)",1.9487
319,Thriller,5,1393,Stag (1997),2.1111
320,Action,1,314,3 Ninjas: High Noon At Mega Mountain (1998),1.0
320,Action,2,1250,Best of the Best 3: No Turning Back (1995),1.5
320,Action,3,1087,Bloodsport 2 (1995),1.7
320,Action,4,247,Turbo: A Power Rangers Movie (1997),1.8
320,Action,5,743,"Crow: City of Angels, The (1996)",1.9487
321,Drama,1,457,Free Willy 3: The Rescue (1997),1.7407
321,Drama,2,981,Dangerous Ground (1997),1.75
321,Drama,3,1272,Talking About Sex (1994),1.8
321,Drama,4,1165,Big Bully (1996),1.8571
321,Drama,5,375,Showgirls (1995),1.9565
322,Drama,1,457,Free Willy 3: The Rescue (1997),1.7407
322,Drama,2,981,Dangerous Ground (1997),1.75
322,Drama,3,1272,Talking About Sex (1994),1.8
322,Drama,4,1165,Big Bully (1996),1.8571
322,Drama,5,375,Showgirls (1995),1.9565
323,Drama,1,457,Free Willy 3: The Rescue (1997),1.7407
323,Drama,2,981,Dangerous Ground (1997),1.75
323,Drama,3,1272,Talking About Sex (1994),1.8
323,Drama,4,1165,Big Bully (1996),1.8571
323,Drama,5,375,Showgirls (1995),1.9565
324,Drama,1,457,Free Willy 3: The Rescue (1997),1.7407
324,Drama,2,981,Dangerous Ground (1997),1.75
324,Drama,3,1272,Talking About Sex (1994),1.8
324,Drama,4,1165,Big Bully (1996),1.8571
324,Drama,5,375,Showgirls (1995),1.9565
325,Drama,1,457,Free Willy 3: The Rescue (1997),1.7407
325,Drama,2,981,Dangerous Ground (1997),1.75
325,Drama,3,1272,Talking About Sex (1994),1.8
325,Drama,4,1165,Big Bully (1996),1.8571
325,Drama,5,375,Showgirls (1995),1.9565
326,Drama,1,457,Free Willy 3: The Rescue (1997),1.7407
326,Drama,2,981,Dangerous Ground (1997),1.75
326,Drama,3,1272,Talking About Sex (1994),1.8
326,Drama,4,1165,Big Bully (1996),1.8571
326,Drama,5,375,Showgirls (1995),1.9565
327,Drama,1,457,Free Willy 3: The Rescue (1997),1.7407
327,Drama,2,981,Dangerous Ground (1997),1.75
327,Drama,3,1272,Talking About Sex (1994),1.8
327,Drama,4,1165,Big Bully (1996),1.8571
327,Drama,5,375,Showgirls (1995),1.9565
328,Drama,1,457,Free Willy 3: The Rescue (1997),1.7407
328,Drama,2,981,Dangerous Ground (1997),1.75
328,Drama,3,1272,Talking About Sex (1994),1.8
328,Drama,4,1165,Big Bully (1996),1.8571
328,Drama,5,375,Showgirls (1995),1.9565
329,Drama,1,457,Free Willy 3: The Rescue (1997),1.7407
329,Drama,2,981,Dangerous Ground (1997),1.75
329,Drama,3,1272,Talking About Sex (1994),1.8
329,Drama,4,1165,Big Bully (1996),1.8571
329,Drama,5,375,Showgirls (1995),1.9565
330,Comedy,1,1287,Ed (1996),1.3333
330,Comedy,2,104,Theodore Rex (1995),1.4
330,Comedy,3,1246,Bushwhacked (1995),1.5714
330,Comedy,4,1162,Phat Beach (1996),1.6
330,Comedy,5,1509,Getting Even with Dad (1994),1.6
331,Drama,1,457,Free Willy 3: The Rescue (1997),1.7407
331,Drama,2,981,Dangerous Ground (1997),1.75
331,Drama,3,1272,Talking About Sex (1994),1.8
331,Drama,4,1165,Big Bully (1996),1.8571
331,Drama,5,375,Showgirls (1995),1.9565
332,Thriller,1,758,Lawnmower Man 2: Beyond Cyberspace (1996),1.7143
332,Thriller,2,1274,Robocop 3 (1993),1.7273
332,Thriller,3,976,Solo (1996),1.8333
332,Thriller,4,743,"Crow: City of Angels, The (1996)",1.9487
332,Thriller,5,1393,Stag (1997),2.1111
333,Comedy,1,1287,Ed (1996),1.3333
333,Comedy,2,104,Theodore Rex (1995),1.4
333,Comedy,3,1246,Bushwhacked (1995),1.5714
333,Comedy,4,1509,Getting Even with Dad (1994),1.6
333,Comedy,5,1162,Phat Beach (1996),1.6
334,Drama,1,457,Free Willy 3: The Rescue (1997),1.7407
334,Drama,2,981,Dangerous Ground (1997),1.75
334,Drama,3,1272,Talking About Sex (1994),1.8
334,Drama,4,1165,Big Bully (1996),1.8571
334,Drama,5,375,Showgirls (1995),1.9565
335,Thriller,1,758,Lawnmower Man 2: Beyond Cyberspace (1996),1.7143
335,Thriller,2,1274,Robocop 3 (1993),1.7273
335,Thriller,3,976,Solo (1996),1.8333
335,Thriller,4,743,"Crow: City of Angels, The (1996)",1.9487
335,Thriller,5,1393,Stag (1997),2.1111
336,Comedy,1,1287,Ed (1996),1.3333
336,Comedy,2,104,Theodore Rex (1995),1.4
336,Comedy,3,1246,Bushwhacked (1995),1.5714
336,Comedy,4,1162,Phat Beach (1996),1.6
336,Comedy,5,1509,Getting Even with Dad (1994),1.6
337,Action,1,314,3 Ninjas: High Noon At Mega Mountain (1998),1.0
337,Action,2,1250,Best of the Best 3: No Turning Back (1995),1.5
337,Action,3,1087,Bloodsport 2 (1995),1.7
337,Action,4,247,Turbo: A Power Rangers Movie (1997),1.8
337,Action,5,976,Solo (1996),1.8333
338,Comedy,1,1287,Ed (1996),1.3333
338,Comedy,2,104,Theodore Rex (1995),1.4
338,Comedy,3,1246,Bushwhacked (1995),1.5714
338,Comedy,4,1162,Phat Beach (1996),1.6
338,Comedy,5,1509,Getting Even with Dad (1994),1.6
339,Drama,1,457,Free Willy 3: The Rescue (1997),1.7407
339,Drama,2,981,Dangerous Ground (1997),1.75
339,Drama,3,1272,Talking About Sex (1994),1.8
339,Drama,4,1165,Big Bully (1996),1.8571
339,Drama,5,375,Showgirls (1995),1.9565
340,Comedy,1,1287,Ed (1996),1.3333
340,Comedy,2,104,Theodore Rex (1995),1.4
340,Comedy,3,1246,Bushwhacked (1995),1.5714
340,Comedy,4,1509,Getting Even with Dad (1994),1.6
340,Comedy,5,1162,Phat Beach (1996),1.6
341,Comedy,1,1287,Ed (1996),1.3333
341,Comedy,2,104,Theodore Rex (1995),1.4
341,Comedy,3,1246,Bushwhacked (1995),1.5714
341,Comedy,4,1509,Getting Even with Dad (1994),1.6
341,Comedy,5,1162,Phat Beach (1996),1.6
342,Drama,1,457,Free Willy 3: The Rescue (1997),1.7407
342,Drama,2,981,Dangerous Ground (1997),1.75
342,Drama,3,1272,Talking About Sex (1994),1.8
342,Drama,4,1165,Big Bully (1996),1.8571
342,Drama,5,375,Showgirls (1995),1.9565
343,Drama,1,457,Free Willy 3: The Rescue (1997),1.7407
343,Drama,2,981,Dangerous Ground (1997),1.75
343,Drama,3,1272,Talking About Sex (1994),1.8
343,Drama,4,1165,Big Bully (1996),1.8571
343,Drama,5,1392,"Locusts, The (1997)",2.0
344,Drama,1,457,Free Willy 3: The Rescue (1997),1.7407
344,Drama,2,981,Dangerous Ground (1997),1.75
344,Drama,3,1272,Talking About Sex (1994),1.8
344,Drama,4,375,Showgirls (1995),1.9565
344,Drama,5,1530,Jefferson in Paris (1995),2.0
345,Drama,1,457,Free Willy 3: The Rescue (1997),1.7407
345,Drama,2,981,Dangerous Ground (1997),1.75
345,Drama,3,1272,Talking About Sex (1994),1.8
345,Drama,4,1165,Big Bully (1996),1.8571
345,Drama,5,375,Showgirls (1995),1.9565
346,Action,1,314,3 Ninjas: High Noon At Mega Mountain (1998),1.0
346,Action,2,1250,Best of the Best 3: No Turning Back (1995),1.5
346,Action,3,1087,Bloodsport 2 (1995),1.7
346,Action,4,247,Turbo: A Power Rangers Movie (1997),1.8
346,Action,5,976,Solo (1996),1.8333
347,Action,1,314,3 Ninjas: High Noon At Mega Mountain (1998),1.0
347,Action,2,1250,Best of the Best 3: No Turning Back (1995),1.5
347,Action,3,1087,Bloodsport 2 (1995),1.7
347,Action,4,247,Turbo: A Power Rangers Movie (1997),1.8
347,Action,5,976,Solo (1996),1.8333
348,Comedy,1,1287,Ed (1996),1.3333
348,Comedy,2,104,Theodore Rex (1995),1.4
348,Comedy,3,1246,Bushwhacked (1995),1.5714
348,Comedy,4,1162,Phat Beach (1996),1.6
348,Comedy,5,1509,Getting Even with Dad (1994),1.6
349,Drama,1,457,Free Willy 3: The Rescue (1997),1.7407
349,Drama,2,981,Dangerous Ground (1997),1.75
349,Drama,3,1272,Talking About Sex (1994),1.8
349,Drama,4,1165,Big Bully (1996),1.8571
349,Drama,5,375,Showgirls (1995),1.9565
350,Drama,1,457,Free Willy 3: The Rescue (1997),1.7407
350,Drama,2,981,Dangerous Ground (1997),1.75
350,Drama,3,1272,Talking About Sex (1994),1.8
350,Drama,4,1165,Big Bully (1996),1.8571
350,Drama,5,375,Showgirls (1995),1.9565
351,Drama,1,457,Free Willy 3: The Rescue (1997),1.7407
351,Drama,2,981,Dangerous Ground (1997),1.75
351,Drama,3,1272,Talking About Sex (1994),1.8
351,Drama,4,1165,Big Bully (1996),1.8571
351,Drama,5,375,Showgirls (1995),1.9565
352,Action,1,314,3 Ninjas: High Noon At Mega Mountain (1998),1.0
352,Action,2,1250,Best of the Best 3: No Turning Back (1995),1.5
352,Action,3,1087,Bloodsport 2 (1995),1.7
352,Action,4,247,Turbo: A Power Rangers Movie (1997),1.8
352,Action,5,976,Solo (1996),1.8333
353,Drama,1,457,Free Willy 3: The Rescue (1997),1.7407
353,Drama,2,981,Dangerous Ground (1997),1.75
353,Drama,3,1272,Talking About Sex (1994),1.8
353,Drama,4,1165,Big Bully (1996),1.8571
353,Drama,5,375,Showgirls (1995),1.9565
354,Drama,1,457,Free Willy 3: The Rescue (1997),1.7407
354,Drama,2,981,Dangerous Ground (1997),1.75
354,Drama,3,1272,Talking About Sex (1994),1.8
354,Drama,4,1165,Big Bully (1996),1.8571
354,Drama,5,375,Showgirls (1995),1.9565
355,Thriller,1,758,Lawnmower Man 2: Beyond Cyberspace (1996),1.7143
355,Thriller,2,1274,Robocop 3 (1993),1.7273
355,Thriller,3,976,Solo (1996),1.8333
355,Thriller,4,743,"Crow: City of Angels, The (1996)",1.9487
355,Thriller,5,1393,Stag (1997),2.1111
356,Drama,1,457,Free Willy 3: The Rescue (1997),1.7407
356,Drama,2,981,Dangerous Ground (1997),1.75
356,Drama,3,1272,Talking About Sex (1994),1.8
356,Drama,4,1165,Big Bully (1996),1.8571
356,Drama,5,375,Showgirls (1995),1.9565
357,Comedy,1,1287,Ed (1996),1.3333
357,Comedy,2,104,Theodore Rex (1995),1.4
357,Comedy,3,1246,Bushwhacked (1995),1.5714
357,Comedy,4,1162,Phat Beach (1996),1.6
357,Comedy,5,1509,Getting Even with Dad (1994),1.6
358,Drama,1,457,Free Willy 3: The Rescue (1997),1.7407
358,Drama,2,981,Dangerous Ground (1997),1.75
358,Drama,3,1272,Talking About Sex (1994),1.8
358,Drama,4,1165,Big Bully (1996),1.8571
358,Drama,5,375,Showgirls (1995),1.9565
359,Action,1,314,3 Ninjas: High Noon At Mega Mountain (1998),1.0
359,Action,2,1250,Best of the Best 3: No Turning Back (1995),1.5
359,Action,3,1087,Bloodsport 2 (1995),1.7
359,Action,4,247,Turbo: A Power Rangers Movie (1997),1.8
359,Action,5,976,Solo (1996),1.8333
360,Drama,1,457,Free Willy 3: The Rescue (1997),1.7407
360,Drama,2,981,Dangerous Ground (1997),1.75
360,Drama,3,1272,Talking About Sex (1994),1.8
360,Drama,4,1165,Big Bully (1996),1.8571
360,Drama,5,375,Showgirls (1995),1.9565
361,Drama,1,457,Free Willy 3: The Rescue (1997),1.7407
361,Drama,2,981,Dangerous Ground (1997),1.75
361,Drama,3,1272,Talking About Sex (1994),1.8
361,Drama,4,1165,Big Bully (1996),1.8571
361,Drama,5,375,Showgirls (1995),1.9565
362,Thriller,1,758,Lawnmower Man 2: Beyond Cyberspace (1996),1.7143
362,Thriller,2,1274,Robocop 3 (1993),1.7273
362,Thriller,3,976,Solo (1996),1.8333
362,Thriller,4,743,"Crow: City of Angels, The (1996)",1.9487
362,Thriller,5,1393,Stag (1997),2.1111
363,Drama,1,457,Free Willy 3: The Rescue (1997),1.7407
363,Drama,2,981,Dangerous Ground (1997),1.75
363,Drama,3,1272,Talking About Sex (1994),1.8
363,Drama,4,1165,Big Bully (1996),1.8571
363,Drama,5,375,Showgirls (1995),1.9565
364,Drama,1,457,Free Willy 3: The Rescue (1997),1.7407
364,Drama,2,981,Dangerous Ground (1997),1.75
364,Drama,3,1272,Talking About Sex (1994),1.8
364,Drama,4,1165,Big Bully (1996),1.8571
364,Drama,5,375,Showgirls (1995),1.9565
365,Drama,1,457,Free Willy 3: The Rescue (1997),1.7407
365,Drama,2,981,Dangerous Ground (1997),1.75
365,Drama,3,1272,Talking About Sex (1994),1.8
365,Drama,4,1165,Big Bully (1996),1.8571
365,Drama,5,375,Showgirls (1995),1.9565
366,Horror,1,437,Amityville 1992: It's About Time (1992),1.0
366,Horror,2,439,Amityville: A New Generation (1993),1.0
366,Horror,3,438,Amityville 3-D (1983),1.1667
366,Horror,4,424,Children of the Corn: The Gathering (1996),1.3158
366,Horror,5,669,Body Parts (1991),1.6154
367,Horror,1,437,Amityville 1992: It's About Time (1992),1.0
367,Horror,2,439,Amityville: A New Generation (1993),1.0
367,Horror,3,438,Amityville 3-D (1983),1.1667
367,Horror,4,424,Children of the Corn: The Gathering (1996),1.3158
367,Horror,5,669,Body Parts (1991),1.6154
368,Horror,1,437,Amityville 1992: It's About Time (1992),1.0
368,Horror,2,439,Amityville: A New Generation (1993),1.0
368,Horror,3,438,Amityville 3-D (1983),1.1667
368,Horror,4,424,Children of the Corn: The Gathering (1996),1.3158
368,Horror,5,669,Body Parts (1991),1.6154
369,Action,1,314,3 Ninjas: High Noon At Mega Mountain (1998),1.0
369,Action,2,1250,Best of the Best 3: No Turning Back (1995),1.5
369,Action,3,1087,Bloodsport 2 (1995),1.7
369,Action,4,247,Turbo: A Power Rangers Movie (1997),1.8
369,Action,5,976,Solo (1996),1.8333
370,Drama,1,457,Free Willy 3: The Rescue (1997),1.7407
370,Drama,2,981,Dangerous Ground (1997),1.75
370,Drama,3,1272,Talking About Sex (1994),1.8
370,Drama,4,1165,Big Bully (1996),1.8571
370,Drama,5,375,Showgirls (1995),1.9565
371,Action,1,314,3 Ninjas: High Noon At Mega Mountain (1998),1.0
371,Action,2,1250,Best of the Best 3: No Turning Back (1995),1.5
371,Action,3,1087,Bloodsport 2 (1995),1.7
371,Action,4,247,Turbo: A Power Rangers Movie (1997),1.8
371,Action,5,976,Solo (1996),1.8333
372,Thriller,1,758,Lawnmower Man 2: Beyond Cyberspace (1996),1.7143
372,Thriller,2,1274,Robocop 3 (1993),1.7273
372,Thriller,3,976,Solo (1996),1.8333
372,Thriller,4,743,"Crow: City of Angels, The (1996)",1.9487
372,Thriller,5,1393,Stag (1997),2.1111
373,Drama,1,457,Free Willy 3: The Rescue (1997),1.7407
373,Drama,2,981,Dangerous Ground (1997),1.75
373,Drama,3,1272,Talking About Sex (1994),1.8
373,Drama,4,1165,Big Bully (1996),1.8571
373,Drama,5,375,Showgirls (1995),1.9565
374,Drama,1,981,Dangerous Ground (1997),1.75
374,Drama,2,1272,Talking About Sex (1994),1.8
374,Drama,3,1165,Big Bully (1996),1.8571
374,Drama,4,375,Showgirls (1995),1.9565
374,Drama,5,1530,Jefferson in Paris (1995),2.0
375,Thriller,1,758,Lawnmower Man 2: Beyond Cyberspace (1996),1.7143
375,Thriller,2,1274,Robocop 3 (1993),1.7273
375,Thriller,3,976,Solo (1996),1.8333
375,Thriller,4,743,"Crow: City of Angels, The (1996)",1.9487
375,Thriller,5,1393,Stag (1997),2.1111
376,Drama,1,457,Free Willy 3: The Rescue (1997),1.7407
376,Drama,2,981,Dangerous Ground (1997),1.75
376,Drama,3,1272,Talking About Sex (1994),1.8
376,Drama,4,1165,Big Bully (1996),1.8571
376,Drama,5,375,Showgirls (1995),1.9565
377,Thriller,1,758,Lawnmower Man 2: Beyond Cyberspace (1996),1.7143
377,Thriller,2,1274,Robocop 3 (1993),1.7273
377,Thriller,3,976,Solo (1996),1.8333
377,Thriller,4,743,"Crow: City of Angels, The (1996)",1.9487
377,Thriller,5,1393,Stag (1997),2.1111
378,Drama,1,457,Free Willy 3: The Rescue (1997),1.7407
378,Drama,2,981,Dangerous Ground (1997),1.75
378,Drama,3,1272,Talking About Sex (1994),1.8
378,Drama,4,1165,Big Bully (1996),1.8571
378,Drama,5,375,Showgirls (1995),1.9565
379,Comedy,1,1287,Ed (1996),1.3333
379,Comedy,2,104,Theodore Rex (1995),1.4
379,Comedy,3,1246,Bushwhacked (1995),1.5714
379,Comedy,4,1162,Phat Beach (1996),1.6
379,Comedy,5,1509,Getting Even with Dad (1994),1.6
380,Drama,1,457,Free Willy 3: The Rescue (1997),1.7407
380,Drama,2,981,Dangerous Ground (1997),1.75
380,Drama,3,1272,Talking About Sex (1994),1.8
380,Drama,4,1165,Big Bully (1996),1.8571
380,Drama,5,375,Showgirls (1995),1.9565
381,Drama,1,457,Free Willy 3: The Rescue (1997),1.7407
381,Drama,2,981,Dangerous Ground (1997),1.75
381,Drama,3,1272,Talking About Sex (1994),1.8
381,Drama,4,1165,Big Bully (1996),1.8571
381,Drama,5,375,Showgirls (1995),1.9565
382,Drama,1,457,Free Willy 3: The Rescue (1997),1.7407
382,Drama,2,981,Dangerous Ground (1997),1.75
382,Drama,3,1272,Talking About Sex (1994),1.8
382,Drama,4,1165,Big Bully (1996),1.8571
382,Drama,5,375,Showgirls (1995),1.9565
383,Drama,1,457,Free Willy 3: The Rescue (1997),1.7407
383,Drama,2,981,Dangerous Ground (1997),1.75
383,Drama,3,1272,Talking About Sex (1994),1.8
383,Drama,4,1165,Big Bully (1996),1.8571
383,Drama,5,375,Showgirls (1995),1.9565
384,Thriller,1,758,Lawnmower Man 2: Beyond Cyberspace (1996),1.7143
384,Thriller,2,1274,Robocop 3 (1993),1.7273
384,Thriller,3,976,Solo (1996),1.8333
384,Thriller,4,743,"Crow: City of Angels, The (1996)",1.9487
384,Thriller,5,1393,Stag (1997),2.1111
385,Drama,1,457,Free Willy 3: The Rescue (1997),1.7407
385,Drama,2,981,Dangerous Ground (1997),1.75
385,Drama,3,1272,Talking About Sex (1994),1.8
385,Drama,4,1165,Big Bully (1996),1.8571
385,Drama,5,375,Showgirls (1995),1.9565
386,Action,1,314,3 Ninjas: High Noon At Mega Mountain (1998),1.0
386,Action,2,1250,Best of the Best 3: No Turning Back (1995),1.5
386,Action,3,1087,Bloodsport 2 (1995),1.7
386,Action,4,247,Turbo: A Power Rangers Movie (1997),1.8
386,Action,5,976,Solo (1996),1.8333
387,Drama,1,457,Free Willy 3: The Rescue (1997),1.7407
387,Drama,2,981,Dangerous Ground (1997),1.75
387,Drama,3,1272,Talking About Sex (1994),1.8
387,Drama,4,1165,Big Bully (1996),1.8571
387,Drama,5,375,Showgirls (1995),1.9565
388,Thriller,1,758,Lawnmower Man 2: Beyond Cyberspace (1996),1.7143
388,Thriller,2,1274,Robocop 3 (1993),1.7273
388,Thriller,3,976,Solo (1996),1.8333
388,Thriller,4,743,"Crow: City of Angels, The (1996)",1.9487
388,Thriller,5,1393,Stag (1997),2.1111
389,Comedy,1,1287,Ed (1996),1.3333
389,Comedy,2,104,Theodore Rex (1995),1.4
389,Comedy,3,1246,Bushwhacked (1995),1.5714
389,Comedy,4,1162,Phat Beach (1996),1.6
389,Comedy,5,1509,Getting Even with Dad (1994),1.6
390,Drama,1,457,Free Willy 3: The Rescue (1997),1.7407
390,Drama,2,981,Dangerous Ground (1997),1.75
390,Drama,3,1272,Talking About Sex (1994),1.8
390,Drama,4,1165,Big Bully (1996),1.8571
390,Drama,5,375,Showgirls (1995),1.9565
391,Drama,1,457,Free Willy 3: The Rescue (1997),1.7407
391,Drama,2,981,Dangerous Ground (1997),1.75
391,Drama,3,1272,Talking About Sex (1994),1.8
391,Drama,4,1165,Big Bully (1996),1.8571
391,Drama,5,375,Showgirls (1995),1.9565
392,Drama,1,457,Free Willy 3: The Rescue (1997),1.7407
392,Drama,2,981,Dangerous Ground (1997),1.75
392,Drama,3,1272,Talking About Sex (1994),1.8
392,Drama,4,1165,Big Bully (1996),1.8571
392,Drama,5,375,Showgirls (1995),1.9565
393,Comedy,1,1287,Ed (1996),1.3333
393,Comedy,2,104,Theodore Rex (1995),1.4
393,Comedy,3,1246,Bushwhacked (1995),1.5714
393,Comedy,4,1162,Phat Beach (1996),1.6
393,Comedy,5,1509,Getting Even with Dad (1994),1.6
394,Action,1,314,3 Ninjas: High Noon At Mega Mountain (1998),1.0
394,Action,2,1250,Best of the Best 3: No Turning Back (1995),1.5
394,Action,3,1087,Bloodsport 2 (1995),1.7
394,Action,4,247,Turbo: A Power Rangers Movie (1997),1.8
394,Action,5,976,Solo (1996),1.8333
395,Drama,1,457,Free Willy 3: The Rescue (1997),1.7407
395,Drama,2,981,Dangerous Ground (1997),1.75
395,Drama,3,1272,Talking About Sex (1994),1.8
395,Drama,4,1165,Big Bully (1996),1.8571
395,Drama,5,375,Showgirls (1995),1.9565
396,Thriller,1,758,Lawnmower Man 2: Beyond Cyberspace (1996),1.7143
396,Thriller,2,1274,Robocop 3 (1993),1.7273
396,Thriller,3,976,Solo (1996),1.8333
396,Thriller,4,743,"Crow: City of Angels, The (1996)",1.9487
396,Thriller,5,1393,Stag (1997),2.1111
397,Drama,1,981,Dangerous Ground (1997),1.75
397,Drama,2,1272,Talking About Sex (1994),1.8
397,Drama,3,1165,Big Bully (1996),1.8571
397,Drama,4,375,Showgirls (1995),1.9565
397,Drama,5,1530,Jefferson in Paris (1995),2.0
398,Comedy,1,1287,Ed (1996),1.3333
398,Comedy,2,104,Theodore Rex (1995),1.4
398,Comedy,3,1246,Bushwhacked (1995),1.5714
398,Comedy,4,1162,Phat Beach (1996),1.6
398,Comedy,5,1509,Getting Even with Dad (1994),1.6
399,Drama,1,457,Free Willy 3: The Rescue (1997),1.7407
399,Drama,2,981,Dangerous Ground (1997),1.75
399,Drama,3,1272,Talking About Sex (1994),1.8
399,Drama,4,1165,Big Bully (1996),1.8571
399,Drama,5,375,Showgirls (1995),1.9565
400,Thriller,1,758,Lawnmower Man 2: Beyond Cyberspace (1996),1.7143
400,Thriller,2,1274,Robocop 3 (1993),1.7273
400,Thriller,3,976,Solo (1996),1.8333
400,Thriller,4,743,"Crow: City of Angels, The (1996)",1.9487
400,Thriller,5,1393,Stag (1997),2.1111
401,Drama,1,457,Free Willy 3: The Rescue (1997),1.7407
401,Drama,2,981,Dangerous Ground (1997),1.75
401,Drama,3,1272,Talking About Sex (1994),1.8
401,Drama,4,1165,Big Bully (1996),1.8571
401,Drama,5,375,Showgirls (1995),1.9565
402,Drama,1,457,Free Willy 3: The Rescue (1997),1.7407
402,Drama,2,981,Dangerous Ground (1997),1.75
402,Drama,3,1272,Talking About Sex (1994),1.8
402,Drama,4,1165,Big Bully (1996),1.8571
402,Drama,5,375,Showgirls (1995),1.9565
403,Comedy,1,1287,Ed (1996),1.3333
403,Comedy,2,104,Theodore Rex (1995),1.4
403,Comedy,3,1246,Bushwhacked (1995),1.5714
403,Comedy,4,1509,Getting Even with Dad (1994),1.6
403,Comedy,5,1162,Phat Beach (1996),1.6
404,Drama,1,457,Free Willy 3: The Rescue (1997),1.7407
404,Drama,2,981,Dangerous Ground (1997),1.75
404,Drama,3,1272,Talking About Sex (1994),1.8
404,Drama,4,1165,Big Bully (1996),1.8571
404,Drama,5,375,Showgirls (1995),1.9565
405,Drama,1,457,Free Willy 3: The Rescue (1997),1.7407
405,Drama,2,981,Dangerous Ground (1997),1.75
405,Drama,3,1272,Talking About Sex (1994),1.8
405,Drama,4,1165,Big Bully (1996),1.8571
405,Drama,5,1392,"Locusts, The (1997)",2.0
406,Drama,1,457,Free Willy 3: The Rescue (1997),1.7407
406,Drama,2,981,Dangerous Ground (1997),1.75
406,Drama,3,1272,Talking About Sex (1994),1.8
406,Drama,4,1165,Big Bully (1996),1.8571
406,Drama,5,375,Showgirls (1995),1.9565
407,Comedy,1,1287,Ed (1996),1.3333
407,Comedy,2,104,Theodore Rex (1995),1.4
407,Comedy,3,1246,Bushwhacked (1995),1.5714
407,Comedy,4,1162,Phat Beach (1996),1.6
407,Comedy,5,1509,Getting Even with Dad (1994),1.6
408,Drama,1,457,Free Willy 3: The Rescue (1997),1.7407
408,Drama,2,981,Dangerous Ground (1997),1.75
408,Drama,3,1272,Talking About Sex (1994),1.8
408,Drama,4,1165,Big Bully (1996),1.8571
408,Drama,5,375,Showgirls (1995),1.9565
409,Drama,1,457,Free Willy 3: The Rescue (1997),1.7407
409,Drama,2,981,Dangerous Ground (1997),1.75
409,Drama,3,1272,Talking About Sex (1994),1.8
409,Drama,4,1165,Big Bully (1996),1.8571
409,Drama,5,375,Showgirls (1995),1.9565
410,Drama,1,457,Free Willy 3: The Rescue (1997),1.7407
410,Drama,2,981,Dangerous Ground (1997),1.75
410,Drama,3,1272,Talking About Sex (1994),1.8
410,Drama,4,1165,Big Bully (1996),1.8571
410,Drama,5,375,Showgirls (1995),1.9565
411,Action,1,314,3 Ninjas: High Noon At Mega Mountain (1998),1.0
411,Action,2,1250,Best of the Best 3: No Turning Back (1995),1.5
411,Action,3,1087,Bloodsport 2 (1995),1.7
411,Action,4,247,Turbo: A Power Rangers Movie (1997),1.8
411,Action,5,976,Solo (1996),1.8333
412,Drama,1,457,Free Willy 3: The Rescue (1997),1.7407
412,Drama,2,981,Dangerous Ground (1997),1.75
412,Drama,3,1272,Talking About Sex (1994),1.8
412,Drama,4,1165,Big Bully (1996),1.8571
412,Drama,5,375,Showgirls (1995),1.9565
413,Drama,1,457,Free Willy 3: The Rescue (1997),1.7407
413,Drama,2,981,Dangerous Ground (1997),1.75
413,Drama,3,1272,Talking About Sex (1994),1.8
413,Drama,4,1165,Big Bully (1996),1.8571
413,Drama,5,375,Showgirls (1995),1.9565
414,Thriller,1,758,Lawnmower Man 2: Beyond Cyberspace (1996),1.7143
414,Thriller,2,1274,Robocop 3 (1993),1.7273
414,Thriller,3,976,Solo (1996),1.8333
414,Thriller,4,743,"Crow: City of Angels, The (1996)",1.9487
414,Thriller,5,1393,Stag (1997),2.1111
415,Thriller,1,758,Lawnmower Man 2: Beyond Cyberspace (1996),1.7143
415,Thriller,2,1274,Robocop 3 (1993),1.7273
415,Thriller,3,976,Solo (1996),1.8333
415,Thriller,4,743,"Crow: City of Angels, The (1996)",1.9487
415,Thriller,5,1393,Stag (1997),2.1111
416,Drama,1,457,Free Willy 3: The Rescue (1997),1.7407
416,Drama,2,981,Dangerous Ground (1997),1.75
416,Drama,3,1272,Talking About Sex (1994),1.8
416,Drama,4,1165,Big Bully (1996),1.8571
416,Drama,5,555,White Man's Burden (1995),2.0
417,Comedy,1,1287,Ed (1996),1.3333
417,Comedy,2,104,Theodore Rex (1995),1.4
417,Comedy,3,1246,Bushwhacked (1995),1.5714
417,Comedy,4,1162,Phat Beach (1996),1.6
417,Comedy,5,1509,Getting Even with Dad (1994),1.6
418,Thriller,1,758,Lawnmower Man 2: Beyond Cyberspace (1996),1.7143
418,Thriller,2,1274,Robocop 3 (1993),1.7273
418,Thriller,3,976,Solo (1996),1.8333
418,Thriller,4,743,"Crow: City of Angels, The (1996)",1.9487
418,Thriller,5,1393,Stag (1997),2.1111
419,Romance,1,545,Vampire in Brooklyn (1995),1.8333
419,Romance,2,1037,Grease 2 (1982),2.0
419,Romance,3,1487,Even Cowgirls Get the Blues (1993),2.0
419,Romance,4,1089,Speed 2: Cruise Control (1997),2.1316
419,Romance,5,1289,Jack and Sarah (1995),2.1429
420,Drama,1,457,Free Willy 3: The Rescue (1997),1.7407
420,Drama,2,981,Dangerous Ground (1997),1.75
420,Drama,3,1272,Talking About Sex (1994),1.8
420,Drama,4,1165,Big Bully (1996),1.8571
420,Drama,5,375,Showgirls (1995),1.9565
421,Thriller,1,758,Lawnmower Man 2: Beyond Cyberspace (1996),1.7143
421,Thriller,2,1274,Robocop 3 (1993),1.7273
421,Thriller,3,976,Solo (1996),1.8333
421,Thriller,4,743,"Crow: City of Angels, The (1996)",1.9487
421,Thriller,5,1393,Stag (1997),2.1111
422,Drama,1,457,Free Willy 3: The Rescue (1997),1.7407
422,Drama,2,981,Dangerous Ground (1997),1.75
422,Drama,3,1272,Talking About Sex (1994),1.8
422,Drama,4,1165,Big Bully (1996),1.8571
422,Drama,5,375,Showgirls (1995),1.9565
423,Drama,1,457,Free Willy 3: The Rescue (1997),1.7407
423,Drama,2,981,Dangerous Ground (1997),1.75
423,Drama,3,1272,Talking About Sex (1994),1.8
423,Drama,4,1165,Big Bully (1996),1.8571
423,Drama,5,375,Showgirls (1995),1.9565
424,Drama,1,457,Free Willy 3: The Rescue (1997),1.7407
424,Drama,2,981,Dangerous Ground (1997),1.75
424,Drama,3,1272,Talking About Sex (1994),1.8
424,Drama,4,1165,Big Bully (1996),1.8571
424,Drama,5,375,Showgirls (1995),1.9565
425,Action,1,314,3 Ninjas: High Noon At Mega Mountain (1998),1.0
425,Action,2,1250,Best of the Best 3: No Turning Back (1995),1.5
425,Action,3,1087,Bloodsport 2 (1995),1.7
425,Action,4,247,Turbo: A Power Rangers Movie (1997),1.8
425,Action,5,1215,Barb Wire (1996),1.9333
426,Drama,1,457,Free Willy 3: The Rescue (1997),1.7407
426,Drama,2,981,Dangerous Ground (1997),1.75
426,Drama,3,1272,Talking About Sex (1994),1.8
426,Drama,4,1165,Big Bully (1996),1.8571
426,Drama,5,375,Showgirls (1995),1.9565
427,Drama,1,457,Free Willy 3: The Rescue (1997),1.7407
427,Drama,2,981,Dangerous Ground (1997),1.75
427,Drama,3,1272,Talking About Sex (1994),1.8
427,Drama,4,1165,Big Bully (1996),1.8571
427,Drama,5,375,Showgirls (1995),1.9565
428,Drama,1,457,Free Willy 3: The Rescue (1997),1.7407
428,Drama,2,981,Dangerous Ground (1997),1.75
428,Drama,3,1272,Talking About Sex (1994),1.8
428,Drama,4,1165,Big Bully (1996),1.8571
428,Drama,5,375,Showgirls (1995),1.9565
429,Drama,1,981,Dangerous Ground (1997),1.75
429,Drama,2,1272,Talking About Sex (1994),1.8
429,Drama,3,1165,Big Bully (1996),1.8571
429,Drama,4,375,Showgirls (1995),1.9565
429,Drama,5,555,White Man's Burden (1995),2.0
430,Drama,1,457,Free Willy 3: The Rescue (1997),1.7407
430,Drama,2,981,Dangerous Ground (1997),1.75
430,Drama,3,1272,Talking About Sex (1994),1.8
430,Drama,4,1165,Big Bully (1996),1.8571
430,Drama,5,375,Showgirls (1995),1.9565
431,Thriller,1,758,Lawnmower Man 2: Beyond Cyberspace (1996),1.7143
431,Thriller,2,1274,Robocop 3 (1993),1.7273
431,Thriller,3,976,Solo (1996),1.8333
431,Thriller,4,743,"Crow: City of Angels, The (1996)",1.9487
431,Thriller,5,1393,Stag (1997),2.1111
432,Comedy,1,1287,Ed (1996),1.3333
432,Comedy,2,104,Theodore Rex (1995),1.4
432,Comedy,3,1246,Bushwhacked (1995),1.5714
432,Comedy,4,1509,Getting Even with Dad (1994),1.6
432,Comedy,5,1162,Phat Beach (1996),1.6
433,Drama,1,981,Dangerous Ground (1997),1.75
433,Drama,2,1272,Talking About Sex (1994),1.8
433,Drama,3,1165,Big Bully (1996),1.8571
433,Drama,4,375,Showgirls (1995),1.9565
433,Drama,5,555,White Man's Burden (1995),2.0
434,Comedy,1,1287,Ed (1996),1.3333
434,Comedy,2,104,Theodore Rex (1995),1.4
434,Comedy,3,1246,Bushwhacked (1995),1.5714
434,Comedy,4,1162,Phat Beach (1996),1.6
434,Comedy,5,1509,Getting Even with Dad (1994),1.6
435,Comedy,1,1287,Ed (1996),1.3333
435,Comedy,2,104,Theodore Rex (1995),1.4
435,Comedy,3,1246,Bushwhacked (1995),1.5714
435,Comedy,4,1509,Getting Even with Dad (1994),1.6
435,Comedy,5,1162,Phat Beach (1996),1.6
436,Drama,1,457,Free Willy 3: The Rescue (1997),1.7407
436,Drama,2,981,Dangerous Ground (1997),1.75
436,Drama,3,1272,Talking About Sex (1994),1.8
436,Drama,4,1165,Big Bully (1996),1.8571
436,Drama,5,375,Showgirls (1995),1.9565
437,Drama,1,457,Free Willy 3: The Rescue (1997),1.7407
437,Drama,2,981,Dangerous Ground (1997),1.75
437,Drama,3,1272,Talking About Sex (1994),1.8
437,Drama,4,1165,Big Bully (1996),1.8571
437,Drama,5,375,Showgirls (1995),1.9565
438,Comedy,1,1287,Ed (1996),1.3333
438,Comedy,2,104,Theodore Rex (1995),1.4
438,Comedy,3,1246,Bushwhacked (1995),1.5714
438,Comedy,4,1509,Getting Even with Dad (1994),1.6
438,Comedy,5,1162,Phat Beach (1996),1.6
439,Drama,1,457,Free Willy 3: The Rescue (1997),1.7407
439,Drama,2,981,Dangerous Ground (1997),1.75
439,Drama,3,1272,Talking About Sex (1994),1.8
439,Drama,4,1165,Big Bully (1996),1.8571
439,Drama,5,375,Showgirls (1995),1.9565
440,Drama,1,457,Free Willy 3: The Rescue (1997),1.7407
440,Drama,2,981,Dangerous Ground (1997),1.75
440,Drama,3,1272,Talking About Sex (1994),1.8
440,Drama,4,1165,Big Bully (1996),1.8571
440,Drama,5,375,Showgirls (1995),1.9565
441,Comedy,1,1287,Ed (1996),1.3333
441,Comedy,2,104,Theodore Rex (1995),1.4
441,Comedy,3,1246,Bushwhacked (1995),1.5714
441,Comedy,4,1509,Getting Even with Dad (1994),1.6
441,Comedy,5,1162,Phat Beach (1996),1.6
442,Action,1,314,3 Ninjas: High Noon At Mega Mountain (1998),1.0
442,Action,2,1250,Best of the Best 3: No Turning Back (1995),1.5
442,Action,3,1087,Bloodsport 2 (1995),1.7
442,Action,4,247,Turbo: A Power Rangers Movie (1997),1.8
442,Action,5,976,Solo (1996),1.8333
443,Action,1,314,3 Ninjas: High Noon At Mega Mountain (1998),1.0
443,Action,2,1250,Best of the Best 3: No Turning Back (1995),1.5
443,Action,3,1087,Bloodsport 2 (1995),1.7
443,Action,4,247,Turbo: A Power Rangers Movie (1997),1.8
443,Action,5,976,Solo (1996),1.8333
444,Drama,1,457,Free Willy 3: The Rescue (1997),1.7407
444,Drama,2,981,Dangerous Ground (1997),1.75
444,Drama,3,1272,Talking About Sex (1994),1.8
444,Drama,4,1165,Big Bully (1996),1.8571
444,Drama,5,375,Showgirls (1995),1.9565
445,Drama,1,457,Free Willy 3: The Rescue (1997),1.7407
445,Drama,2,981,Dangerous Ground (1997),1.75
445,Drama,3,1272,Talking About Sex (1994),1.8
445,Drama,4,1165,Big Bully (1996),1.8571
445,Drama,5,375,Showgirls (1995),1.9565
446,Drama,1,457,Free Willy 3: The Rescue (1997),1.7407
446,Drama,2,981,Dangerous Ground (1997),1.75
446,Drama,3,1272,Talking About Sex (1994),1.8
446,Drama,4,1165,Big Bully (1996),1.8571
446,Drama,5,375,Showgirls (1995),1.9565
447,Drama,1,457,Free Willy 3: The Rescue (1997),1.7407
447,Drama,2,1272,Talking About Sex (1994),1.8
447,Drama,3,1165,Big Bully (1996),1.8571
447,Drama,4,375,Showgirls (1995),1.9565
447,Drama,5,555,White Man's Burden (1995),2.0
448,Drama,1,457,Free Willy 3: The Rescue (1997),1.7407
448,Drama,2,981,Dangerous Ground (1997),1.75
448,Drama,3,1272,Talking About Sex (1994),1.8
448,Drama,4,1165,Big Bully (1996),1.8571
448,Drama,5,375,Showgirls (1995),1.9565
449,Drama,1,457,Free Willy 3: The Rescue (1997),1.7407
449,Drama,2,981,Dangerous Ground (1997),1.75
449,Drama,3,1272,Talking About Sex (1994),1.8
449,Drama,4,1165,Big Bully (1996),1.8571
449,Drama,5,375,Showgirls (1995),1.9565
450,Drama,1,981,Dangerous Ground (1997),1.75
450,Drama,2,1272,Talking About Sex (1994),1.8
450,Drama,3,1165,Big Bully (1996),1.8571
450,Drama,4,375,Showgirls (1995),1.9565
450,Drama,5,1214,In the Realm of the Senses (Ai no corrida) (1976),2.0
451,Drama,1,981,Dangerous Ground (1997),1.75
451,Drama,2,1272,Talking About Sex (1994),1.8
451,Drama,3,1165,Big Bully (1996),1.8571
451,Drama,4,375,Showgirls (1995),1.9565
451,Drama,5,555,White Man's Burden (1995),2.0
452,Drama,1,457,Free Willy 3: The Rescue (1997),1.7407
452,Drama,2,981,Dangerous Ground (1997),1.75
452,Drama,3,1272,Talking About Sex (1994),1.8
452,Drama,4,1165,Big Bully (1996),1.8571
452,Drama,5,375,Showgirls (1995),1.9565
453,Drama,1,457,Free Willy 3: The Rescue (1997),1.7407
453,Drama,2,981,Dangerous Ground (1997),1.75
453,Drama,3,1272,Talking About Sex (1994),1.8
453,Drama,4,1165,Big Bully (1996),1.8571
453,Drama,5,375,Showgirls (1995),1.9565
454,Drama,1,457,Free Willy 3: The Rescue (1997),1.7407
454,Drama,2,981,Dangerous Ground (1997),1.75
454,Drama,3,1272,Talking About Sex (1994),1.8
454,Drama,4,1165,Big Bully (1996),1.8571
454,Drama,5,375,Showgirls (1995),1.9565
455,Drama,1,457,Free Willy 3: The Rescue (1997),1.7407
455,Drama,2,981,Dangerous Ground (1997),1.75
455,Drama,3,1272,Talking About Sex (1994),1.8
455,Drama,4,1165,Big Bully (1996),1.8571
455,Drama,5,375,Showgirls (1995),1.9565
456,Drama,1,457,Free Willy 3: The Rescue (1997),1.7407
456,Drama,2,981,Dangerous Ground (1997),1.75
456,Drama,3,1272,Talking About Sex (1994),1.8
456,Drama,4,1165,Big Bully (1996),1.8571
456,Drama,5,375,Showgirls (1995),1.9565
457,Drama,1,457,Free Willy 3: The Rescue (1997),1.7407
457,Drama,2,981,Dangerous Ground (1997),1.75
457,Drama,3,1272,Talking About Sex (1994),1.8
457,Drama,4,1165,Big Bully (1996),1.8571
457,Drama,5,375,Showgirls (1995),1.9565
458,Drama,1,457,Free Willy 3: The Rescue (1997),1.7407
458,Drama,2,981,Dangerous Ground (1997),1.75
458,Drama,3,1272,Talking About Sex (1994),1.8
458,Drama,4,1165,Big Bully (1996),1.8571
458,Drama,5,375,Showgirls (1995),1.9565
459,Action,1,314,3 Ninjas: High Noon At Mega Mountain (1998),1.0
459,Action,2,1250,Best of the Best 3: No Turning Back (1995),1.5
459,Action,3,1087,Bloodsport 2 (1995),1.7
459,Action,4,247,Turbo: A Power Rangers Movie (1997),1.8
459,Action,5,976,Solo (1996),1.8333
460,Drama,1,457,Free Willy 3: The Rescue (1997),1.7407
460,Drama,2,981,Dangerous Ground (1997),1.75
460,Drama,3,1272,Talking About Sex (1994),1.8
460,Drama,4,1165,Big Bully (1996),1.8571
460,Drama,5,375,Showgirls (1995),1.9565
461,Comedy,1,1287,Ed (1996),1.3333
461,Comedy,2,104,Theodore Rex (1995),1.4
461,Comedy,3,1246,Bushwhacked (1995),1.5714
461,Comedy,4,1509,Getting Even with Dad (1994),1.6
461,Comedy,5,1162,Phat Beach (1996),1.6
462,Drama,1,457,Free Willy 3: The Rescue (1997),1.7407
462,Drama,2,981,Dangerous Ground (1997),1.75
462,Drama,3,1272,Talking About Sex (1994),1.8
462,Drama,4,1165,Big Bully (1996),1.8571
462,Drama,5,375,Showgirls (1995),1.9565
463,Drama,1,457,Free Willy 3: The Rescue (1997),1.7407
463,Drama,2,981,Dangerous Ground (1997),1.75
463,Drama,3,1272,Talking About Sex (1994),1.8
463,Drama,4,1165,Big Bully (1996),1.8571
463,Drama,5,375,Showgirls (1995),1.9565
464,Thriller,1,758,Lawnmower Man 2: Beyond Cyberspace (1996),1.7143
464,Thriller,2,1274,Robocop 3 (1993),1.7273
464,Thriller,3,976,Solo (1996),1.8333
464,Thriller,4,743,"Crow: City of Angels, The (1996)",1.9487
464,Thriller,5,1393,Stag (1997),2.1111
465,Drama,1,457,Free Willy 3: The Rescue (1997),1.7407
465,Drama,2,981,Dangerous Ground (1997),1.75
465,Drama,3,1272,Talking About Sex (1994),1.8
465,Drama,4,1165,Big Bully (1996),1.8571
465,Drama,5,375,Showgirls (1995),1.9565
466,Action,1,314,3 Ninjas: High Noon At Mega Mountain (1998),1.0
466,Action,2,1250,Best of the Best 3: No Turning Back (1995),1.5
466,Action,3,1087,Bloodsport 2 (1995),1.7
466,Action,4,247,Turbo: A Power Rangers Movie (1997),1.8
466,Action,5,976,Solo (1996),1.8333
467,Drama,1,457,Free Willy 3: The Rescue (1997),1.7407
467,Drama,2,981,Dangerous Ground (1997),1.75
467,Drama,3,1272,Talking About Sex (1994),1.8
467,Drama,4,1165,Big Bully (1996),1.8571
467,Drama,5,375,Showgirls (1995),1.9565
468,Drama,1,457,Free Willy 3: The Rescue (1997),1.7407
468,Drama,2,981,Dangerous Ground (1997),1.75
468,Drama,3,1272,Talking About Sex (1994),1.8
468,Drama,4,1165,Big Bully (1996),1.8571
468,Drama,5,375,Showgirls (1995),1.9565
469,Drama,1,457,Free Willy 3: The Rescue (1997),1.7407
469,Drama,2,981,Dangerous Ground (1997),1.75
469,Drama,3,1272,Talking About Sex (1994),1.8
469,Drama,4,1165,Big Bully (1996),1.8571
469,Drama,5,375,Showgirls (1995),1.9565
470,Drama,1,457,Free Willy 3: The Rescue (1997),1.7407
470,Drama,2,981,Dangerous Ground (1997),1.75
470,Drama,3,1272,Talking About Sex (1994),1.8
470,Drama,4,1165,Big Bully (1996),1.8571
470,Drama,5,375,Showgirls (1995),1.9565
471,Childrens,1,314,3 Ninjas: High Noon At Mega Mountain (1998),1.0
471,Childrens,2,1412,Land Before Time III: The Time of the Great Giving (1995) (V),1.6667
471,Childrens,3,457,Free Willy 3: The Rescue (1997),1.7407
471,Childrens,4,1336,Kazaam (1996),1.8
471,Childrens,5,247,Turbo: A Power Rangers Movie (1997),1.8
472,Action,1,314,3 Ninjas: High Noon At Mega Mountain (1998),1.0
472,Action,2,1250,Best of the Best 3: No Turning Back (1995),1.5
472,Action,3,1087,Bloodsport 2 (1995),1.7
472,Action,4,247,Turbo: A Power Rangers Movie (1997),1.8
472,Action,5,976,Solo (1996),1.8333
473,Drama,1,457,Free Willy 3: The Rescue (1997),1.7407
473,Drama,2,981,Dangerous Ground (1997),1.75
473,Drama,3,1272,Talking About Sex (1994),1.8
473,Drama,4,1165,Big Bully (1996),1.8571
473,Drama,5,375,Showgirls (1995),1.9565
474,Drama,1,457,Free Willy 3: The Rescue (1997),1.7407
474,Drama,2,981,Dangerous Ground (1997),1.75
474,Drama,3,1272,Talking About Sex (1994),1.8
474,Drama,4,1165,Big Bully (1996),1.8571
474,Drama,5,375,Showgirls (1995),1.9565
475,Drama,1,457,Free Willy 3: The Rescue (1997),1.7407
475,Drama,2,981,Dangerous Ground (1997),1.75
475,Drama,3,1272,Talking About Sex (1994),1.8
475,Drama,4,1165,Big Bully (1996),1.8571
475,Drama,5,375,Showgirls (1995),1.9565
476,Comedy,1,1287,Ed (1996),1.3333
476,Comedy,2,104,Theodore Rex (1995),1.4
476,Comedy,3,1246,Bushwhacked (1995),1.5714
476,Comedy,4,1162,Phat Beach (1996),1.6
476,Comedy,5,1509,Getting Even with Dad (1994),1.6
477,Romance,1,545,Vampire in Brooklyn (1995),1.8333
477,Romance,2,1037,Grease 2 (1982),2.0
477,Romance,3,1487,Even Cowgirls Get the Blues (1993),2.0
477,Romance,4,1089,Speed 2: Cruise Control (1997),2.1316
477,Romance,5,1289,Jack and Sarah (1995),2.1429
478,Comedy,1,1287,Ed (1996),1.3333
478,Comedy,2,104,Theodore Rex (1995),1.4
478,Comedy,3,1246,Bushwhacked (1995),1.5714
478,Comedy,4,1509,Getting Even with Dad (1994),1.6
478,Comedy,5,1162,Phat Beach (1996),1.6
479,Action,1,314,3 Ninjas: High Noon At Mega Mountain (1998),1.0
479,Action,2,1250,Best of the Best 3: No Turning Back (1995),1.5
479,Action,3,1087,Bloodsport 2 (1995),1.7
479,Action,4,247,Turbo: A Power Rangers Movie (1997),1.8
479,Action,5,976,Solo (1996),1.8333
480,Drama,1,457,Free Willy 3: The Rescue (1997),1.7407
480,Drama,2,981,Dangerous Ground (1997),1.75
480,Drama,3,1272,Talking About Sex (1994),1.8
480,Drama,4,1165,Big Bully (1996),1.8571
480,Drama,5,375,Showgirls (1995),1.9565
481,Comedy,1,1287,Ed (1996),1.3333
481,Comedy,2,104,Theodore Rex (1995),1.4
481,Comedy,3,1246,Bushwhacked (1995),1.5714
481,Comedy,4,1162,Phat Beach (1996),1.6
481,Comedy,5,1509,Getting Even with Dad (1994),1.6
482,Action,1,314,3 Ninjas: High Noon At Mega Mountain (1998),1.0
482,Action,2,1250,Best of the Best 3: No Turning Back (1995),1.5
482,Action,3,1087,Bloodsport 2 (1995),1.7
482,Action,4,247,Turbo: A Power Rangers Movie (1997),1.8
482,Action,5,976,Solo (1996),1.8333
483,Action,1,314,3 Ninjas: High Noon At Mega Mountain (1998),1.0
483,Action,2,1250,Best of the Best 3: No Turning Back (1995),1.5
483,Action,3,1087,Bloodsport 2 (1995),1.7
483,Action,4,247,Turbo: A Power Rangers Movie (1997),1.8
483,Action,5,976,Solo (1996),1.8333
484,Action,1,314,3 Ninjas: High Noon At Mega Mountain (1998),1.0
484,Action,2,1250,Best of the Best 3: No Turning Back (1995),1.5
484,Action,3,1087,Bloodsport 2 (1995),1.7
484,Action,4,247,Turbo: A Power Rangers Movie (1997),1.8
484,Action,5,976,Solo (1996),1.8333
485,Drama,1,457,Free Willy 3: The Rescue (1997),1.7407
485,Drama,2,981,Dangerous Ground (1997),1.75
485,Drama,3,1272,Talking About Sex (1994),1.8
485,Drama,4,1165,Big Bully (1996),1.8571
485,Drama,5,375,Showgirls (1995),1.9565
486,Drama,1,457,Free Willy 3: The Rescue (1997),1.7407
486,Drama,2,981,Dangerous Ground (1997),1.75
486,Drama,3,1165,Big Bully (1996),1.8571
486,Drama,4,375,Showgirls (1995),1.9565
486,Drama,5,1530,Jefferson in Paris (1995),2.0
487,Drama,1,457,Free Willy 3: The Rescue (1997),1.7407
487,Drama,2,981,Dangerous Ground (1997),1.75
487,Drama,3,1272,Talking About Sex (1994),1.8
487,Drama,4,1165,Big Bully (1996),1.8571
487,Drama,5,375,Showgirls (1995),1.9565
488,Drama,1,457,Free Willy 3: The Rescue (1997),1.7407
488,Drama,2,981,Dangerous Ground (1997),1.75
488,Drama,3,1272,Talking About Sex (1994),1.8
488,Drama,4,1165,Big Bully (1996),1.8571
488,Drama,5,375,Showgirls (1995),1.9565
489,Drama,1,981,Dangerous Ground (1997),1.75
489,Drama,2,1272,Talking About Sex (1994),1.8
489,Drama,3,1165,Big Bully (1996),1.8571
489,Drama,4,375,Showgirls (1995),1.9565
489,Drama,5,1214,In the Realm of the Senses (Ai no corrida) (1976),2.0
490,Drama,1,457,Free Willy 3: The Rescue (1997),1.7407
490,Drama,2,981,Dangerous Ground (1997),1.75
490,Drama,3,1272,Talking About Sex (1994),1.8
490,Drama,4,1165,Big Bully (1996),1.8571
490,Drama,5,375,Showgirls (1995),1.9565
491,Drama,1,457,Free Willy 3: The Rescue (1997),1.7407
491,Drama,2,981,Dangerous Ground (1997),1.75
491,Drama,3,1272,Talking About Sex (1994),1.8
491,Drama,4,1165,Big Bully (1996),1.8571
491,Drama,5,375,Showgirls (1995),1.9565
492,Drama,1,457,Free Willy 3: The Rescue (1997),1.7407
492,Drama,2,981,Dangerous Ground (1997),1.75
492,Drama,3,1272,Talking About Sex (1994),1.8
492,Drama,4,1165,Big Bully (1996),1.8571
492,Drama,5,375,Showgirls (1995),1.9565
493,Action,1,314,3 Ninjas: High Noon At Mega Mountain (1998),1.0
493,Action,2,1250,Best of the Best 3: No Turning Back (1995),1.5
493,Action,3,1087,Bloodsport 2 (1995),1.7
493,Action,4,247,Turbo: A Power Rangers Movie (1997),1.8
493,Action,5,976,Solo (1996),1.8333
494,Drama,1,457,Free Willy 3: The Rescue (1997),1.7407
494,Drama,2,981,Dangerous Ground (1997),1.75
494,Drama,3,1272,Talking About Sex (1994),1.8
494,Drama,4,1165,Big Bully (1996),1.8571
494,Drama,5,375,Showgirls (1995),1.9565
495,Action,1,314,3 Ninjas: High Noon At Mega Mountain (1998),1.0
495,Action,2,1250,Best of the Best 3: No Turning Back (1995),1.5
495,Action,3,1087,Bloodsport 2 (1995),1.7
495,Action,4,247,Turbo: A Power Rangers Movie (1997),1.8
495,Action,5,976,Solo (1996),1.8333
496,Drama,1,457,Free Willy 3: The Rescue (1997),1.7407
496,Drama,2,981,Dangerous Ground (1997),1.75
496,Drama,3,1272,Talking About Sex (1994),1.8
496,Drama,4,1165,Big Bully (1996),1.8571
496,Drama,5,375,Showgirls (1995),1.9565
497,Action,1,314,3 Ninjas: High Noon At Mega Mountain (1998),1.0
497,Action,2,1250,Best of the Best 3: No Turning Back (1995),1.5
497,Action,3,1087,Bloodsport 2 (1995),1.7
497,Action,4,247,Turbo: A Power Rangers Movie (1997),1.8
497,Action,5,976,Solo (1996),1.8333
498,Drama,1,457,Free Willy 3: The Rescue (1997),1.7407
498,Drama,2,981,Dangerous Ground (1997),1.75
498,Drama,3,1272,Talking About Sex (1994),1.8
498,Drama,4,1165,Big Bully (1996),1.8571
498,Drama,5,375,Showgirls (1995),1.9565
499,Drama,1,457,Free Willy 3: The Rescue (1997),1.7407
499,Drama,2,981,Dangerous Ground (1997),1.75
499,Drama,3,1272,Talking About Sex (1994),1.8
499,Drama,4,1165,Big Bully (1996),1.8571
499,Drama,5,375,Showgirls (1995),1.9565
500,Drama,1,457,Free Willy 3: The Rescue (1997),1.7407
500,Drama,2,981,Dangerous Ground (1997),1.75
500,Drama,3,1272,Talking About Sex (1994),1.8
500,Drama,4,1165,Big Bully (1996),1.8571
500,Drama,5,375,Showgirls (1995),1.9565
501,Drama,1,457,Free Willy 3: The Rescue (1997),1.7407
501,Drama,2,981,Dangerous Ground (1997),1.75
501,Drama,3,1272,Talking About Sex (1994),1.8
501,Drama,4,1165,Big Bully (1996),1.8571
501,Drama,5,375,Showgirls (1995),1.9565
502,Thriller,1,758,Lawnmower Man 2: Beyond Cyberspace (1996),1.7143
502,Thriller,2,1274,Robocop 3 (1993),1.7273
502,Thriller,3,976,Solo (1996),1.8333
502,Thriller,4,743,"Crow: City of Angels, The (1996)",1.9487
502,Thriller,5,1393,Stag (1997),2.1111
503,Drama,1,457,Free Willy 3: The Rescue (1997),1.7407
503,Drama,2,981,Dangerous Ground (1997),1.75
503,Drama,3,1272,Talking About Sex (1994),1.8
503,Drama,4,1165,Big Bully (1996),1.8571
503,Drama,5,375,Showgirls (1995),1.9565
504,Drama,1,457,Free Willy 3: The Rescue (1997),1.7407
504,Drama,2,981,Dangerous Ground (1997),1.75
504,Drama,3,1272,Talking About Sex (1994),1.8
504,Drama,4,1165,Big Bully (1996),1.8571
504,Drama,5,375,Showgirls (1995),1.9565
505,Drama,1,457,Free Willy 3: The Rescue (1997),1.7407
505,Drama,2,981,Dangerous Ground (1997),1.75
505,Drama,3,1272,Talking About Sex (1994),1.8
505,Drama,4,1165,Big Bully (1996),1.8571
505,Drama,5,375,Showgirls (1995),1.9565
506,Comedy,1,1287,Ed (1996),1.3333
506,Comedy,2,104,Theodore Rex (1995),1.4
506,Comedy,3,1246,Bushwhacked (1995),1.5714
506,Comedy,4,1162,Phat Beach (1996),1.6
506,Comedy,5,1509,Getting Even with Dad (1994),1.6
507,Action,1,314,3 Ninjas: High Noon At Mega Mountain (1998),1.0
507,Action,2,1250,Best of the Best 3: No Turning Back (1995),1.5
507,Action,3,1087,Bloodsport 2 (1995),1.7
507,Action,4,247,Turbo: A Power Rangers Movie (1997),1.8
507,Action,5,976,Solo (1996),1.8333
508,Comedy,1,1287,Ed (1996),1.3333
508,Comedy,2,104,Theodore Rex (1995),1.4
508,Comedy,3,1246,Bushwhacked (1995),1.5714
508,Comedy,4,1162,Phat Beach (1996),1.6
508,Comedy,5,1509,Getting Even with Dad (1994),1.6
509,Action,1,314,3 Ninjas: High Noon At Mega Mountain (1998),1.0
509,Action,2,1250,Best of the Best 3: No Turning Back (1995),1.5
509,Action,3,1087,Bloodsport 2 (1995),1.7
509,Action,4,247,Turbo: A Power Rangers Movie (1997),1.8
509,Action,5,976,Solo (1996),1.8333
510,Drama,1,981,Dangerous Ground (1997),1.75
510,Drama,2,1272,Talking About Sex (1994),1.8
510,Drama,3,1165,Big Bully (1996),1.8571
510,Drama,4,375,Showgirls (1995),1.9565
510,Drama,5,555,White Man's Burden (1995),2.0
511,Thriller,1,758,Lawnmower Man 2: Beyond Cyberspace (1996),1.7143
511,Thriller,2,1274,Robocop 3 (1993),1.7273
511,Thriller,3,976,Solo (1996),1.8333
511,Thriller,4,743,"Crow: City of Angels, The (1996)",1.9487
511,Thriller,5,1393,Stag (1997),2.1111
512,Drama,1,457,Free Willy 3: The Rescue (1997),1.7407
512,Drama,2,981,Dangerous Ground (1997),1.75
512,Drama,3,1272,Talking About Sex (1994),1.8
512,Drama,4,1165,Big Bully (1996),1.8571
512,Drama,5,375,Showgirls (1995),1.9565
513,Action,1,314,3 Ninjas: High Noon At Mega Mountain (1998),1.0
513,Action,2,1250,Best of the Best 3: No Turning Back (1995),1.5
513,Action,3,1087,Bloodsport 2 (1995),1.7
513,Action,4,247,Turbo: A Power Rangers Movie (1997),1.8
513,Action,5,976,Solo (1996),1.8333
514,Drama,1,457,Free Willy 3: The Rescue (1997),1.7407
514,Drama,2,981,Dangerous Ground (1997),1.75
514,Drama,3,1272,Talking About Sex (1994),1.8
514,Drama,4,1165,Big Bully (1996),1.8571
514,Drama,5,375,Showgirls (1995),1.9565
515,Drama,1,457,Free Willy 3: The Rescue (1997),1.7407
515,Drama,2,981,Dangerous Ground (1997),1.75
515,Drama,3,1272,Talking About Sex (1994),1.8
515,Drama,4,1165,Big Bully (1996),1.8571
515,Drama,5,375,Showgirls (1995),1.9565
516,Drama,1,457,Free Willy 3: The Rescue (1997),1.7407
516,Drama,2,981,Dangerous Ground (1997),1.75
516,Drama,3,1272,Talking About Sex (1994),1.8
516,Drama,4,1165,Big Bully (1996),1.8571
516,Drama,5,375,Showgirls (1995),1.9565
517,Action,1,314,3 Ninjas: High Noon At Mega Mountain (1998),1.0
517,Action,2,1250,Best of the Best 3: No Turning Back (1995),1.5
517,Action,3,1087,Bloodsport 2 (1995),1.7
517,Action,4,247,Turbo: A Power Rangers Movie (1997),1.8
517,Action,5,976,Solo (1996),1.8333
518,Drama,1,457,Free Willy 3: The Rescue (1997),1.7407
518,Drama,2,981,Dangerous Ground (1997),1.75
518,Drama,3,1272,Talking About Sex (1994),1.8
518,Drama,4,1165,Big Bully (1996),1.8571
518,Drama,5,375,Showgirls (1995),1.9565
519,Drama,1,457,Free Willy 3: The Rescue (1997),1.7407
519,Drama,2,981,Dangerous Ground (1997),1.75
519,Drama,3,1272,Talking About Sex (1994),1.8
519,Drama,4,1165,Big Bully (1996),1.8571
519,Drama,5,375,Showgirls (1995),1.9565
520,Drama,1,457,Free Willy 3: The Rescue (1997),1.7407
520,Drama,2,981,Dangerous Ground (1997),1.75
520,Drama,3,1272,Talking About Sex (1994),1.8
520,Drama,4,1165,Big Bully (1996),1.8571
520,Drama,5,375,Showgirls (1995),1.9565
521,Action,1,314,3 Ninjas: High Noon At Mega Mountain (1998),1.0
521,Action,2,1250,Best of the Best 3: No Turning Back (1995),1.5
521,Action,3,1087,Bloodsport 2 (1995),1.7
521,Action,4,247,Turbo: A Power Rangers Movie (1997),1.8
521,Action,5,976,Solo (1996),1.8333
522,Drama,1,457,Free Willy 3: The Rescue (1997),1.7407
522,Drama,2,981,Dangerous Ground (1997),1.75
522,Drama,3,1272,Talking About Sex (1994),1.8
522,Drama,4,1165,Big Bully (1996),1.8571
522,Drama,5,375,Showgirls (1995),1.9565
523,Comedy,1,1287,Ed (1996),1.3333
523,Comedy,2,104,Theodore Rex (1995),1.4
523,Comedy,3,1246,Bushwhacked (1995),1.5714
523,Comedy,4,1509,Getting Even with Dad (1994),1.6
523,Comedy,5,1162,Phat Beach (1996),1.6
524,Drama,1,457,Free Willy 3: The Rescue (1997),1.7407
524,Drama,2,981,Dangerous Ground (1997),1.75
524,Drama,3,1272,Talking About Sex (1994),1.8
524,Drama,4,1165,Big Bully (1996),1.8571
524,Drama,5,375,Showgirls (1995),1.9565
525,Drama,1,457,Free Willy 3: The Rescue (1997),1.7407
525,Drama,2,981,Dangerous Ground (1997),1.75
525,Drama,3,1272,Talking About Sex (1994),1.8
525,Drama,4,1165,Big Bully (1996),1.8571
525,Drama,5,375,Showgirls (1995),1.9565
526,Drama,1,457,Free Willy 3: The Rescue (1997),1.7407
526,Drama,2,981,Dangerous Ground (1997),1.75
526,Drama,3,1272,Talking About Sex (1994),1.8
526,Drama,4,1165,Big Bully (1996),1.8571
526,Drama,5,375,Showgirls (1995),1.9565
527,Drama,1,457,Free Willy 3: The Rescue (1997),1.7407
527,Drama,2,981,Dangerous Ground (1997),1.75
527,Drama,3,1272,Talking About Sex (1994),1.8
527,Drama,4,1165,Big Bully (1996),1.8571
527,Drama,5,375,Showgirls (1995),1.9565
528,Comedy,1,1287,Ed (1996),1.3333
528,Comedy,2,104,Theodore Rex (1995),1.4
528,Comedy,3,1246,Bushwhacked (1995),1.5714
528,Comedy,4,1162,Phat Beach (1996),1.6
528,Comedy,5,1509,Getting Even with Dad (1994),1.6
529,Thriller,1,758,Lawnmower Man 2: Beyond Cyberspace (1996),1.7143
529,Thriller,2,1274,Robocop 3 (1993),1.7273
529,Thriller,3,976,Solo (1996),1.8333
529,Thriller,4,743,"Crow: City of Angels, The (1996)",1.9487
529,Thriller,5,1393,Stag (1997),2.1111
530,Drama,1,457,Free Willy 3: The Rescue (1997),1.7407
530,Drama,2,981,Dangerous Ground (1997),1.75
530,Drama,3,1272,Talking About Sex (1994),1.8
530,Drama,4,1165,Big Bully (1996),1.8571
530,Drama,5,375,Showgirls (1995),1.9565
531,Drama,1,981,Dangerous Ground (1997),1.75
531,Drama,2,1272,Talking About Sex (1994),1.8
531,Drama,3,1165,Big Bully (1996),1.8571
531,Drama,4,375,Showgirls (1995),1.9565
531,Drama,5,1214,In the Realm of the Senses (Ai no corrida) (1976),2.0
532,Drama,1,457,Free Willy 3: The Rescue (1997),1.7407
532,Drama,2,981,Dangerous Ground (1997),1.75
532,Drama,3,1272,Talking About Sex (1994),1.8
532,Drama,4,1165,Big Bully (1996),1.8571
532,Drama,5,375,Showgirls (1995),1.9565
533,Drama,1,457,Free Willy 3: The Rescue (1997),1.7407
533,Drama,2,981,Dangerous Ground (1997),1.75
533,Drama,3,1272,Talking About Sex (1994),1.8
533,Drama,4,1165,Big Bully (1996),1.8571
533,Drama,5,375,Showgirls (1995),1.9565
534,Comedy,1,1287,Ed (1996),1.3333
534,Comedy,2,104,Theodore Rex (1995),1.4
534,Comedy,3,1246,Bushwhacked (1995),1.5714
534,Comedy,4,1509,Getting Even with Dad (1994),1.6
534,Comedy,5,1162,Phat Beach (1996),1.6
535,Drama,1,457,Free Willy 3: The Rescue (1997),1.7407
535,Drama,2,981,Dangerous Ground (1997),1.75
535,Drama,3,1272,Talking About Sex (1994),1.8
535,Drama,4,1165,Big Bully (1996),1.8571
535,Drama,5,375,Showgirls (1995),1.9565
536,Drama,1,457,Free Willy 3: The Rescue (1997),1.7407
536,Drama,2,981,Dangerous Ground (1997),1.75
536,Drama,3,1272,Talking About Sex (1994),1.8
536,Drama,4,1165,Big Bully (1996),1.8571
536,Drama,5,375,Showgirls (1995),1.9565
537,Drama,1,981,Dangerous Ground (1997),1.75
537,Drama,2,1272,Talking About Sex (1994),1.8
537,Drama,3,1165,Big Bully (1996),1.8571
537,Drama,4,375,Showgirls (1995),1.9565
537,Drama,5,1214,In the Realm of the Senses (Ai no corrida) (1976),2.0
538,Drama,1,457,Free Willy 3: The Rescue (1997),1.7407
538,Drama,2,981,Dangerous Ground (1997),1.75
538,Drama,3,1272,Talking About Sex (1994),1.8
538,Drama,4,1165,Big Bully (1996),1.8571
538,Drama,5,375,Showgirls (1995),1.9565
539,Drama,1,457,Free Willy 3: The Rescue (1997),1.7407
539,Drama,2,981,Dangerous Ground (1997),1.75
539,Drama,3,1272,Talking About Sex (1994),1.8
539,Drama,4,1165,Big Bully (1996),1.8571
539,Drama,5,375,Showgirls (1995),1.9565
540,Drama,1,457,Free Willy 3: The Rescue (1997),1.7407
540,Drama,2,981,Dangerous Ground (1997),1.75
540,Drama,3,1272,Talking About Sex (1994),1.8
540,Drama,4,1165,Big Bully (1996),1.8571
540,Drama,5,375,Showgirls (1995),1.9565
541,Comedy,1,1287,Ed (1996),1.3333
541,Comedy,2,104,Theodore Rex (1995),1.4
541,Comedy,3,1246,Bushwhacked (1995),1.5714
541,Comedy,4,1162,Phat Beach (1996),1.6
541,Comedy,5,1509,Getting Even with Dad (1994),1.6
542,Comedy,1,1287,Ed (1996),1.3333
542,Comedy,2,104,Theodore Rex (1995),1.4
542,Comedy,3,1246,Bushwhacked (1995),1.5714
542,Comedy,4,1509,Getting Even with Dad (1994),1.6
542,Comedy,5,1162,Phat Beach (1996),1.6
543,Drama,1,457,Free Willy 3: The Rescue (1997),1.7407
543,Drama,2,981,Dangerous Ground (1997),1.75
543,Drama,3,1272,Talking About Sex (1994),1.8
543,Drama,4,1165,Big Bully (1996),1.8571
543,Drama,5,375,Showgirls (1995),1.9565
544,Drama,1,457,Free Willy 3: The Rescue (1997),1.7407
544,Drama,2,981,Dangerous Ground (1997),1.75
544,Drama,3,1272,Talking About Sex (1994),1.8
544,Drama,4,1165,Big Bully (1996),1.8571
544,Drama,5,375,Showgirls (1995),1.9565
545,Action,1,314,3 Ninjas: High Noon At Mega Mountain (1998),1.0
545,Action,2,1250,Best of the Best 3: No Turning Back (1995),1.5
545,Action,3,1087,Bloodsport 2 (1995),1.7
545,Action,4,247,Turbo: A Power Rangers Movie (1997),1.8
545,Action,5,976,Solo (1996),1.8333
546,Action,1,314,3 Ninjas: High Noon At Mega Mountain (1998),1.0
546,Action,2,1250,Best of the Best 3: No Turning Back (1995),1.5
546,Action,3,1087,Bloodsport 2 (1995),1.7
546,Action,4,247,Turbo: A Power Rangers Movie (1997),1.8
546,Action,5,976,Solo (1996),1.8333
547,Drama,1,457,Free Willy 3: The Rescue (1997),1.7407
547,Drama,2,981,Dangerous Ground (1997),1.75
547,Drama,3,1272,Talking About Sex (1994),1.8
547,Drama,4,1165,Big Bully (1996),1.8571
547,Drama,5,375,Showgirls (1995),1.9565
548,Thriller,1,758,Lawnmower Man 2: Beyond Cyberspace (1996),1.7143
548,Thriller,2,1274,Robocop 3 (1993),1.7273
548,Thriller,3,976,Solo (1996),1.8333
548,Thriller,4,743,"Crow: City of Angels, The (1996)",1.9487
548,Thriller,5,1393,Stag (1997),2.1111
549,Action,1,314,3 Ninjas: High Noon At Mega Mountain (1998),1.0
549,Action,2,1250,Best of the Best 3: No Turning Back (1995),1.5
549,Action,3,1087,Bloodsport 2 (1995),1.7
549,Action,4,247,Turbo: A Power Rangers Movie (1997),1.8
549,Action,5,976,Solo (1996),1.8333
550,Action,1,314,3 Ninjas: High Noon At Mega Mountain (1998),1.0
550,Action,2,1250,Best of the Best 3: No Turning Back (1995),1.5
550,Action,3,1087,Bloodsport 2 (1995),1.7
550,Action,4,247,Turbo: A Power Rangers Movie (1997),1.8
550,Action,5,976,Solo (1996),1.8333
551,Drama,1,457,Free Willy 3: The Rescue (1997),1.7407
551,Drama,2,981,Dangerous Ground (1997),1.75
551,Drama,3,1272,Talking About Sex (1994),1.8
551,Drama,4,1165,Big Bully (1996),1.8571
551,Drama,5,375,Showgirls (1995),1.9565
552,Comedy,1,1287,Ed (1996),1.3333
552,Comedy,2,104,Theodore Rex (1995),1.4
552,Comedy,3,1246,Bushwhacked (1995),1.5714
552,Comedy,4,1509,Getting Even with Dad (1994),1.6
552,Comedy,5,1162,Phat Beach (1996),1.6
553,Drama,1,457,Free Willy 3: The Rescue (1997),1.7407
553,Drama,2,981,Dangerous Ground (1997),1.75
553,Drama,3,1272,Talking About Sex (1994),1.8
553,Drama,4,1165,Big Bully (1996),1.8571
553,Drama,5,375,Showgirls (1995),1.9565
554,Drama,1,457,Free Willy 3: The Rescue (1997),1.7407
554,Drama,2,981,Dangerous Ground (1997),1.75
554,Drama,3,1272,Talking About Sex (1994),1.8
554,Drama,4,1165,Big Bully (1996),1.8571
554,Drama,5,375,Showgirls (1995),1.9565
555,Comedy,1,1287,Ed (1996),1.3333
555,Comedy,2,104,Theodore Rex (1995),1.4
555,Comedy,3,1246,Bushwhacked (1995),1.5714
555,Comedy,4,1509,Getting Even with Dad (1994),1.6
555,Comedy,5,1162,Phat Beach (1996),1.6
556,Drama,1,457,Free Willy 3: The Rescue (1997),1.7407
556,Drama,2,981,Dangerous Ground (1997),1.75
556,Drama,3,1272,Talking About Sex (1994),1.8
556,Drama,4,1165,Big Bully (1996),1.8571
556,Drama,5,375,Showgirls (1995),1.9565
557,Drama,1,457,Free Willy 3: The Rescue (1997),1.7407
557,Drama,2,981,Dangerous Ground (1997),1.75
557,Drama,3,1272,Talking About Sex (1994),1.8
557,Drama,4,1165,Big Bully (1996),1.8571
557,Drama,5,375,Showgirls (1995),1.9565
558,Drama,1,457,Free Willy 3: The Rescue (1997),1.7407
558,Drama,2,981,Dangerous Ground (1997),1.75
558,Drama,3,1272,Talking About Sex (1994),1.8
558,Drama,4,1165,Big Bully (1996),1.8571
558,Drama,5,375,Showgirls (1995),1.9565
559,Drama,1,457,Free Willy 3: The Rescue (1997),1.7407
559,Drama,2,981,Dangerous Ground (1997),1.75
559,Drama,3,1272,Talking About Sex (1994),1.8
559,Drama,4,1165,Big Bully (1996),1.8571
559,Drama,5,375,Showgirls (1995),1.9565
560,Drama,1,457,Free Willy 3: The Rescue (1997),1.7407
560,Drama,2,981,Dangerous Ground (1997),1.75
560,Drama,3,1272,Talking About Sex (1994),1.8
560,Drama,4,1165,Big Bully (1996),1.8571
560,Drama,5,375,Showgirls (1995),1.9565
561,Drama,1,457,Free Willy 3: The Rescue (1997),1.7407
561,Drama,2,981,Dangerous Ground (1997),1.75
561,Drama,3,1272,Talking About Sex (1994),1.8
561,Drama,4,1165,Big Bully (1996),1.8571
561,Drama,5,375,Showgirls (1995),1.9565
562,Drama,1,457,Free Willy 3: The Rescue (1997),1.7407
562,Drama,2,981,Dangerous Ground (1997),1.75
562,Drama,3,1272,Talking About Sex (1994),1.8
562,Drama,4,1165,Big Bully (1996),1.8571
562,Drama,5,375,Showgirls (1995),1.9565
563,Comedy,1,1287,Ed (1996),1.3333
563,Comedy,2,104,Theodore Rex (1995),1.4
563,Comedy,3,1246,Bushwhacked (1995),1.5714
563,Comedy,4,1162,Phat Beach (1996),1.6
563,Comedy,5,1509,Getting Even with Dad (1994),1.6
564,Action,1,314,3 Ninjas: High Noon At Mega Mountain (1998),1.0
564,Action,2,1250,Best of the Best 3: No Turning Back (1995),1.5
564,Action,3,1087,Bloodsport 2 (1995),1.7
564,Action,4,247,Turbo: A Power Rangers Movie (1997),1.8
564,Action,5,976,Solo (1996),1.8333
565,Drama,1,457,Free Willy 3: The Rescue (1997),1.7407
565,Drama,2,981,Dangerous Ground (1997),1.75
565,Drama,3,1272,Talking About Sex (1994),1.8
565,Drama,4,1165,Big Bully (1996),1.8571
565,Drama,5,375,Showgirls (1995),1.9565
566,Drama,1,457,Free Willy 3: The Rescue (1997),1.7407
566,Drama,2,981,Dangerous Ground (1997),1.75
566,Drama,3,1272,Talking About Sex (1994),1.8
566,Drama,4,1165,Big Bully (1996),1.8571
566,Drama,5,375,Showgirls (1995),1.9565
567,Drama,1,457,Free Willy 3: The Rescue (1997),1.7407
567,Drama,2,981,Dangerous Ground (1997),1.75
567,Drama,3,1272,Talking About Sex (1994),1.8
567,Drama,4,1165,Big Bully (1996),1.8571
567,Drama,5,375,Showgirls (1995),1.9565
568,Drama,1,457,Free Willy 3: The Rescue (1997),1.7407
568,Drama,2,981,Dangerous Ground (1997),1.75
568,Drama,3,1272,Talking About Sex (1994),1.8
568,Drama,4,1165,Big Bully (1996),1.8571
568,Drama,5,375,Showgirls (1995),1.9565
569,Drama,1,457,Free Willy 3: The Rescue (1997),1.7407
569,Drama,2,981,Dangerous Ground (1997),1.75
569,Drama,3,1272,Talking About Sex (1994),1.8
569,Drama,4,1165,Big Bully (1996),1.8571
569,Drama,5,375,Showgirls (1995),1.9565
570,Drama,1,457,Free Willy 3: The Rescue (1997),1.7407
570,Drama,2,981,Dangerous Ground (1997),1.75
570,Drama,3,1272,Talking About Sex (1994),1.8
570,Drama,4,1165,Big Bully (1996),1.8571
570,Drama,5,375,Showgirls (1995),1.9565
571,Drama,1,457,Free Willy 3: The Rescue (1997),1.7407
571,Drama,2,981,Dangerous Ground (1997),1.75
571,Drama,3,1272,Talking About Sex (1994),1.8
571,Drama,4,1165,Big Bully (1996),1.8571
571,Drama,5,375,Showgirls (1995),1.9565
572,Drama,1,457,Free Willy 3: The Rescue (1997),1.7407
572,Drama,2,981,Dangerous Ground (1997),1.75
572,Drama,3,1272,Talking About Sex (1994),1.8
572,Drama,4,1165,Big Bully (1996),1.8571
572,Drama,5,375,Showgirls (1995),1.9565
573,Drama,1,457,Free Willy 3: The Rescue (1997),1.7407
573,Drama,2,981,Dangerous Ground (1997),1.75
573,Drama,3,1272,Talking About Sex (1994),1.8
573,Drama,4,1165,Big Bully (1996),1.8571
573,Drama,5,375,Showgirls (1995),1.9565
574,Drama,1,457,Free Willy 3: The Rescue (1997),1.7407
574,Drama,2,981,Dangerous Ground (1997),1.75
574,Drama,3,1272,Talking About Sex (1994),1.8
574,Drama,4,1165,Big Bully (1996),1.8571
574,Drama,5,375,Showgirls (1995),1.9565
575,Drama,1,457,Free Willy 3: The Rescue (1997),1.7407
575,Drama,2,981,Dangerous Ground (1997),1.75
575,Drama,3,1272,Talking About Sex (1994),1.8
575,Drama,4,1165,Big Bully (1996),1.8571
575,Drama,5,375,Showgirls (1995),1.9565
576,Drama,1,457,Free Willy 3: The Rescue (1997),1.7407
576,Drama,2,981,Dangerous Ground (1997),1.75
576,Drama,3,1272,Talking About Sex (1994),1.8
576,Drama,4,1165,Big Bully (1996),1.8571
576,Drama,5,375,Showgirls (1995),1.9565
577,Comedy,1,1287,Ed (1996),1.3333
577,Comedy,2,104,Theodore Rex (1995),1.4
577,Comedy,3,1246,Bushwhacked (1995),1.5714
577,Comedy,4,1162,Phat Beach (1996),1.6
577,Comedy,5,1509,Getting Even with Dad (1994),1.6
578,Action,1,314,3 Ninjas: High Noon At Mega Mountain (1998),1.0
578,Action,2,1250,Best of the Best 3: No Turning Back (1995),1.5
578,Action,3,1087,Bloodsport 2 (1995),1.7
578,Action,4,247,Turbo: A Power Rangers Movie (1997),1.8
578,Action,5,976,Solo (1996),1.8333
579,Comedy,1,1287,Ed (1996),1.3333
579,Comedy,2,104,Theodore Rex (1995),1.4
579,Comedy,3,1246,Bushwhacked (1995),1.5714
579,Comedy,4,1162,Phat Beach (1996),1.6
579,Comedy,5,1509,Getting Even with Dad (1994),1.6
580,Action,1,314,3 Ninjas: High Noon At Mega Mountain (1998),1.0
580,Action,2,1250,Best of the Best 3: No Turning Back (1995),1.5
580,Action,3,1087,Bloodsport 2 (1995),1.7
580,Action,4,247,Turbo: A Power Rangers Movie (1997),1.8
580,Action,5,976,Solo (1996),1.8333
581,Drama,1,457,Free Willy 3: The Rescue (1997),1.7407
581,Drama,2,981,Dangerous Ground (1997),1.75
581,Drama,3,1272,Talking About Sex (1994),1.8
581,Drama,4,1165,Big Bully (1996),1.8571
581,Drama,5,375,Showgirls (1995),1.9565
582,Action,1,314,3 Ninjas: High Noon At Mega Mountain (1998),1.0
582,Action,2,1250,Best of the Best 3: No Turning Back (1995),1.5
582,Action,3,1087,Bloodsport 2 (1995),1.7
582,Action,4,247,Turbo: A Power Rangers Movie (1997),1.8
582,Action,5,976,Solo (1996),1.8333
583,Drama,1,457,Free Willy 3: The Rescue (1997),1.7407
583,Drama,2,981,Dangerous Ground (1997),1.75
583,Drama,3,1272,Talking About Sex (1994),1.8
583,Drama,4,1165,Big Bully (1996),1.8571
583,Drama,5,375,Showgirls (1995),1.9565
584,Action,1,314,3 Ninjas: High Noon At Mega Mountain (1998),1.0
584,Action,2,1250,Best of the Best 3: No Turning Back (1995),1.5
584,Action,3,1087,Bloodsport 2 (1995),1.7
584,Action,4,247,Turbo: A Power Rangers Movie (1997),1.8
584,Action,5,976,Solo (1996),1.8333
585,Drama,1,457,Free Willy 3: The Rescue (1997),1.7407
585,Drama,2,981,Dangerous Ground (1997),1.75
585,Drama,3,1272,Talking About Sex (1994),1.8
585,Drama,4,1165,Big Bully (1996),1.8571
585,Drama,5,375,Showgirls (1995),1.9565
586,Action,1,314,3 Ninjas: High Noon At Mega Mountain (1998),1.0
586,Action,2,1250,Best of the Best 3: No Turning Back (1995),1.5
586,Action,3,1087,Bloodsport 2 (1995),1.7
586,Action,4,247,Turbo: A Power Rangers Movie (1997),1.8
586,Action,5,976,Solo (1996),1.8333
587,Drama,1,457,Free Willy 3: The Rescue (1997),1.7407
587,Drama,2,981,Dangerous Ground (1997),1.75
587,Drama,3,1272,Talking About Sex (1994),1.8
587,Drama,4,1165,Big Bully (1996),1.8571
587,Drama,5,375,Showgirls (1995),1.9565
588,Drama,1,457,Free Willy 3: The Rescue (1997),1.7407
588,Drama,2,981,Dangerous Ground (1997),1.75
588,Drama,3,1272,Talking About Sex (1994),1.8
588,Drama,4,1165,Big Bully (1996),1.8571
588,Drama,5,375,Showgirls (1995),1.9565
589,Thriller,1,758,Lawnmower Man 2: Beyond Cyberspace (1996),1.7143
589,Thriller,2,1274,Robocop 3 (1993),1.7273
589,Thriller,3,976,Solo (1996),1.8333
589,Thriller,4,743,"Crow: City of Angels, The (1996)",1.9487
589,Thriller,5,1393,Stag (1997),2.1111
590,Drama,1,457,Free Willy 3: The Rescue (1997),1.7407
590,Drama,2,981,Dangerous Ground (1997),1.75
590,Drama,3,1272,Talking About Sex (1994),1.8
590,Drama,4,1165,Big Bully (1996),1.8571
590,Drama,5,375,Showgirls (1995),1.9565
591,Comedy,1,1287,Ed (1996),1.3333
591,Comedy,2,104,Theodore Rex (1995),1.4
591,Comedy,3,1246,Bushwhacked (1995),1.5714
591,Comedy,4,1162,Phat Beach (1996),1.6
591,Comedy,5,1509,Getting Even with Dad (1994),1.6
592,Drama,1,981,Dangerous Ground (1997),1.75
592,Drama,2,1272,Talking About Sex (1994),1.8
592,Drama,3,1165,Big Bully (1996),1.8571
592,Drama,4,375,Showgirls (1995),1.9565
592,Drama,5,1214,In the Realm of the Senses (Ai no corrida) (1976),2.0
593,Drama,1,457,Free Willy 3: The Rescue (1997),1.7407
593,Drama,2,981,Dangerous Ground (1997),1.75
593,Drama,3,1272,Talking About Sex (1994),1.8
593,Drama,4,1165,Big Bully (1996),1.8571
593,Drama,5,375,Showgirls (1995),1.9565
594,Drama,1,457,Free Willy 3: The Rescue (1997),1.7407
594,Drama,2,981,Dangerous Ground (1997),1.75
594,Drama,3,1272,Talking About Sex (1994),1.8
594,Drama,4,1165,Big Bully (1996),1.8571
594,Drama,5,375,Showgirls (1995),1.9565
595,Drama,1,457,Free Willy 3: The Rescue (1997),1.7407
595,Drama,2,981,Dangerous Ground (1997),1.75
595,Drama,3,1272,Talking About Sex (1994),1.8
595,Drama,4,375,Showgirls (1995),1.9565
595,Drama,5,555,White Man's Burden (1995),2.0
596,Action,1,314,3 Ninjas: High Noon At Mega Mountain (1998),1.0
596,Action,2,1250,Best of the Best 3: No Turning Back (1995),1.5
596,Action,3,1087,Bloodsport 2 (1995),1.7
596,Action,4,247,Turbo: A Power Rangers Movie (1997),1.8
596,Action,5,976,Solo (1996),1.8333
597,Action,1,314,3 Ninjas: High Noon At Mega Mountain (1998),1.0
597,Action,2,1250,Best of the Best 3: No Turning Back (1995),1.5
597,Action,3,1087,Bloodsport 2 (1995),1.7
597,Action,4,247,Turbo: A Power Rangers Movie (1997),1.8
597,Action,5,976,Solo (1996),1.8333
598,Drama,1,457,Free Willy 3: The Rescue (1997),1.7407
598,Drama,2,981,Dangerous Ground (1997),1.75
598,Drama,3,1272,Talking About Sex (1994),1.8
598,Drama,4,1165,Big Bully (1996),1.8571
598,Drama,5,375,Showgirls (1995),1.9565
599,Romance,1,545,Vampire in Brooklyn (1995),1.8333
599,Romance,2,1487,Even Cowgirls Get the Blues (1993),2.0
599,Romance,3,1037,Grease 2 (1982),2.0
599,Romance,4,1089,Speed 2: Cruise Control (1997),2.1316
599,Romance,5,1289,Jack and Sarah (1995),2.1429
600,Action,1,314,3 Ninjas: High Noon At Mega Mountain (1998),1.0
600,Action,2,1250,Best of the Best 3: No Turning Back (1995),1.5
600,Action,3,1087,Bloodsport 2 (1995),1.7
600,Action,4,247,Turbo: A Power Rangers Movie (1997),1.8
600,Action,5,976,Solo (1996),1.8333
601,Drama,1,457,Free Willy 3: The Rescue (1997),1.7407
601,Drama,2,981,Dangerous Ground (1997),1.75
601,Drama,3,1272,Talking About Sex (1994),1.8
601,Drama,4,1165,Big Bully (1996),1.8571
601,Drama,5,375,Showgirls (1995),1.9565
602,Action,1,314,3 Ninjas: High Noon At Mega Mountain (1998),1.0
602,Action,2,1250,Best of the Best 3: No Turning Back (1995),1.5
602,Action,3,1087,Bloodsport 2 (1995),1.7
602,Action,4,247,Turbo: A Power Rangers Movie (1997),1.8
602,Action,5,976,Solo (1996),1.8333
603,Action,1,314,3 Ninjas: High Noon At Mega Mountain (1998),1.0
603,Action,2,1250,Best of the Best 3: No Turning Back (1995),1.5
603,Action,3,1087,Bloodsport 2 (1995),1.7
603,Action,4,247,Turbo: A Power Rangers Movie (1997),1.8
603,Action,5,976,Solo (1996),1.8333
604,Horror,1,439,Amityville: A New Generation (1993),1.0
604,Horror,2,437,Amityville 1992: It's About Time (1992),1.0
604,Horror,3,438,Amityville 3-D (1983),1.1667
604,Horror,4,424,Children of the Corn: The Gathering (1996),1.3158
604,Horror,5,669,Body Parts (1991),1.6154
605,Drama,1,457,Free Willy 3: The Rescue (1997),1.7407
605,Drama,2,981,Dangerous Ground (1997),1.75
605,Drama,3,1272,Talking About Sex (1994),1.8
605,Drama,4,1165,Big Bully (1996),1.8571
605,Drama,5,375,Showgirls (1995),1.9565
606,Drama,1,457,Free Willy 3: The Rescue (1997),1.7407
606,Drama,2,981,Dangerous Ground (1997),1.75
606,Drama,3,1272,Talking About Sex (1994),1.8
606,Drama,4,1165,Big Bully (1996),1.8571
606,Drama,5,375,Showgirls (1995),1.9565
607,Drama,1,457,Free Willy 3: The Rescue (1997),1.7407
607,Drama,2,981,Dangerous Ground (1997),1.75
607,Drama,3,1272,Talking About Sex (1994),1.8
607,Drama,4,1165,Big Bully (1996),1.8571
607,Drama,5,375,Showgirls (1995),1.9565
608,Drama,1,457,Free Willy 3: The Rescue (1997),1.7407
608,Drama,2,981,Dangerous Ground (1997),1.75
608,Drama,3,1272,Talking About Sex (1994),1.8
608,Drama,4,1165,Big Bully (1996),1.8571
608,Drama,5,375,Showgirls (1995),1.9565
609,Comedy,1,1287,Ed (1996),1.3333
609,Comedy,2,104,Theodore Rex (1995),1.4
609,Comedy,3,1246,Bushwhacked (1995),1.5714
609,Comedy,4,1509,Getting Even with Dad (1994),1.6
609,Comedy,5,1162,Phat Beach (1996),1.6
610,Drama,1,457,Free Willy 3: The Rescue (1997),1.7407
610,Drama,2,981,Dangerous Ground (1997),1.75
610,Drama,3,1272,Talking About Sex (1994),1.8
610,Drama,4,1165,Big Bully (1996),1.8571
610,Drama,5,375,Showgirls (1995),1.9565
611,Drama,1,457,Free Willy 3: The Rescue (1997),1.7407
611,Drama,2,981,Dangerous Ground (1997),1.75
611,Drama,3,1272,Talking About Sex (1994),1.8
611,Drama,4,1165,Big Bully (1996),1.8571
611,Drama,5,375,Showgirls (1995),1.9565
612,Comedy,1,1287,Ed (1996),1.3333
612,Comedy,2,104,Theodore Rex (1995),1.4
612,Comedy,3,1246,Bushwhacked (1995),1.5714
612,Comedy,4,1509,Getting Even with Dad (1994),1.6
612,Comedy,5,1162,Phat Beach (1996),1.6
613,Drama,1,457,Free Willy 3: The Rescue (1997),1.7407
613,Drama,2,981,Dangerous Ground (1997),1.75
613,Drama,3,1272,Talking About Sex (1994),1.8
613,Drama,4,1165,Big Bully (1996),1.8571
613,Drama,5,375,Showgirls (1995),1.9565
614,Drama,1,457,Free Willy 3: The Rescue (1997),1.7407
614,Drama,2,981,Dangerous Ground (1997),1.75
614,Drama,3,1272,Talking About Sex (1994),1.8
614,Drama,4,1165,Big Bully (1996),1.8571
614,Drama,5,375,Showgirls (1995),1.9565
615,Drama,1,457,Free Willy 3: The Rescue (1997),1.7407
615,Drama,2,981,Dangerous Ground (1997),1.75
615,Drama,3,1272,Talking About Sex (1994),1.8
615,Drama,4,1165,Big Bully (1996),1.8571
615,Drama,5,375,Showgirls (1995),1.9565
616,Thriller,1,758,Lawnmower Man 2: Beyond Cyberspace (1996),1.7143
616,Thriller,2,1274,Robocop 3 (1993),1.7273
616,Thriller,3,976,Solo (1996),1.8333
616,Thriller,4,743,"Crow: City of Angels, The (1996)",1.9487
616,Thriller,5,1393,Stag (1997),2.1111
617,Horror,1,439,Amityville: A New Generation (1993),1.0
617,Horror,2,437,Amityville 1992: It's About Time (1992),1.0
617,Horror,3,438,Amityville 3-D (1983),1.1667
617,Horror,4,564,Tales from the Hood (1995),2.037
617,Horror,5,834,Halloween: The Curse of Michael Myers (1995),2.2
618,Drama,1,457,Free Willy 3: The Rescue (1997),1.7407
618,Drama,2,981,Dangerous Ground (1997),1.75
618,Drama,3,1272,Talking About Sex (1994),1.8
618,Drama,4,1165,Big Bully (1996),1.8571
618,Drama,5,375,Showgirls (1995),1.9565
619,Action,1,314,3 Ninjas: High Noon At Mega Mountain (1998),1.0
619,Action,2,1250,Best of the Best 3: No Turning Back (1995),1.5
619,Action,3,1087,Bloodsport 2 (1995),1.7
619,Action,4,247,Turbo: A Power Rangers Movie (1997),1.8
619,Action,5,976,Solo (1996),1.8333
620,Childrens,1,314,3 Ninjas: High Noon At Mega Mountain (1998),1.0
620,Childrens,2,1412,Land Before Time III: The Time of the Great Giving (1995) (V),1.6667
620,Childrens,3,457,Free Willy 3: The Rescue (1997),1.7407
620,Childrens,4,247,Turbo: A Power Rangers Movie (1997),1.8
620,Childrens,5,1336,Kazaam (1996),1.8
621,Comedy,1,1287,Ed (1996),1.3333
621,Comedy,2,104,Theodore Rex (1995),1.4
621,Comedy,3,1246,Bushwhacked (1995),1.5714
621,Comedy,4,1509,Getting Even with Dad (1994),1.6
621,Comedy,5,1162,Phat Beach (1996),1.6
622,Action,1,314,3 Ninjas: High Noon At Mega Mountain (1998),1.0
622,Action,2,1250,Best of the Best 3: No Turning Back (1995),1.5
622,Action,3,1087,Bloodsport 2 (1995),1.7
622,Action,4,247,Turbo: A Power Rangers Movie (1997),1.8
622,Action,5,976,Solo (1996),1.8333
623,Comedy,1,1287,Ed (1996),1.3333
623,Comedy,2,104,Theodore Rex (1995),1.4
623,Comedy,3,1246,Bushwhacked (1995),1.5714
623,Comedy,4,1509,Getting Even with Dad (1994),1.6
623,Comedy,5,1162,Phat Beach (1996),1.6
624,Drama,1,457,Free Willy 3: The Rescue (1997),1.7407
624,Drama,2,981,Dangerous Ground (1997),1.75
624,Drama,3,1272,Talking About Sex (1994),1.8
624,Drama,4,1165,Big Bully (1996),1.8571
624,Drama,5,375,Showgirls (1995),1.9565
625,Drama,1,457,Free Willy 3: The Rescue (1997),1.7407
625,Drama,2,981,Dangerous Ground (1997),1.75
625,Drama,3,1272,Talking About Sex (1994),1.8
625,Drama,4,1165,Big Bully (1996),1.8571
625,Drama,5,375,Showgirls (1995),1.9565
626,Thriller,1,758,Lawnmower Man 2: Beyond Cyberspace (1996),1.7143
626,Thriller,2,1274,Robocop 3 (1993),1.7273
626,Thriller,3,976,Solo (1996),1.8333
626,Thriller,4,743,"Crow: City of Angels, The (1996)",1.9487
626,Thriller,5,1393,Stag (1997),2.1111
627,Drama,1,457,Free Willy 3: The Rescue (1997),1.7407
627,Drama,2,981,Dangerous Ground (1997),1.75
627,Drama,3,1272,Talking About Sex (1994),1.8
627,Drama,4,1165,Big Bully (1996),1.8571
627,Drama,5,375,Showgirls (1995),1.9565
628,Drama,1,457,Free Willy 3: The Rescue (1997),1.7407
628,Drama,2,981,Dangerous Ground (1997),1.75
628,Drama,3,1272,Talking About Sex (1994),1.8
628,Drama,4,1165,Big Bully (1996),1.8571
628,Drama,5,375,Showgirls (1995),1.9565
629,Drama,1,457,Free Willy 3: The Rescue (1997),1.7407
629,Drama,2,981,Dangerous Ground (1997),1.75
629,Drama,3,1272,Talking About Sex (1994),1.8
629,Drama,4,1165,Big Bully (1996),1.8571
629,Drama,5,375,Showgirls (1995),1.9565
630,Drama,1,457,Free Willy 3: The Rescue (1997),1.7407
630,Drama,2,981,Dangerous Ground (1997),1.75
630,Drama,3,1272,Talking About Sex (1994),1.8
630,Drama,4,1165,Big Bully (1996),1.8571
630,Drama,5,375,Showgirls (1995),1.9565
631,Drama,1,457,Free Willy 3: The Rescue (1997),1.7407
631,Drama,2,981,Dangerous Ground (1997),1.75
631,Drama,3,1272,Talking About Sex (1994),1.8
631,Drama,4,1165,Big Bully (1996),1.8571
631,Drama,5,375,Showgirls (1995),1.9565
632,Drama,1,457,Free Willy 3: The Rescue (1997),1.7407
632,Drama,2,981,Dangerous Ground (1997),1.75
632,Drama,3,1272,Talking About Sex (1994),1.8
632,Drama,4,1165,Big Bully (1996),1.8571
632,Drama,5,375,Showgirls (1995),1.9565
633,Action,1,314,3 Ninjas: High Noon At Mega Mountain (1998),1.0
633,Action,2,1250,Best of the Best 3: No Turning Back (1995),1.5
633,Action,3,1087,Bloodsport 2 (1995),1.7
633,Action,4,247,Turbo: A Power Rangers Movie (1997),1.8
633,Action,5,976,Solo (1996),1.8333
634,Drama,1,457,Free Willy 3: The Rescue (1997),1.7407
634,Drama,2,981,Dangerous Ground (1997),1.75
634,Drama,3,1272,Talking About Sex (1994),1.8
634,Drama,4,1165,Big Bully (1996),1.8571
634,Drama,5,375,Showgirls (1995),1.9565
635,Thriller,1,758,Lawnmower Man 2: Beyond Cyberspace (1996),1.7143
635,Thriller,2,1274,Robocop 3 (1993),1.7273
635,Thriller,3,976,Solo (1996),1.8333
635,Thriller,4,743,"Crow: City of Angels, The (1996)",1.9487
635,Thriller,5,1393,Stag (1997),2.1111
636,Drama,1,457,Free Willy 3: The Rescue (1997),1.7407
636,Drama,2,981,Dangerous Ground (1997),1.75
636,Drama,3,1272,Talking About Sex (1994),1.8
636,Drama,4,1165,Big Bully (1996),1.8571
636,Drama,5,375,Showgirls (1995),1.9565
637,Drama,1,457,Free Willy 3: The Rescue (1997),1.7407
637,Drama,2,981,Dangerous Ground (1997),1.75
637,Drama,3,1272,Talking About Sex (1994),1.8
637,Drama,4,1165,Big Bully (1996),1.8571
637,Drama,5,375,Showgirls (1995),1.9565
638,Action,1,314,3 Ninjas: High Noon At Mega Mountain (1998),1.0
638,Action,2,1250,Best of the Best 3: No Turning Back (1995),1.5
638,Action,3,1087,Bloodsport 2 (1995),1.7
638,Action,4,247,Turbo: A Power Rangers Movie (1997),1.8
638,Action,5,976,Solo (1996),1.8333
639,Drama,1,457,Free Willy 3: The Rescue (1997),1.7407
639,Drama,2,981,Dangerous Ground (1997),1.75
639,Drama,3,1272,Talking About Sex (1994),1.8
639,Drama,4,1165,Big Bully (1996),1.8571
639,Drama,5,375,Showgirls (1995),1.9565
640,Comedy,1,1287,Ed (1996),1.3333
640,Comedy,2,104,Theodore Rex (1995),1.4
640,Comedy,3,1246,Bushwhacked (1995),1.5714
640,Comedy,4,1162,Phat Beach (1996),1.6
640,Comedy,5,1509,Getting Even with Dad (1994),1.6
641,Drama,1,457,Free Willy 3: The Rescue (1997),1.7407
641,Drama,2,981,Dangerous Ground (1997),1.75
641,Drama,3,1272,Talking About Sex (1994),1.8
641,Drama,4,1165,Big Bully (1996),1.8571
641,Drama,5,375,Showgirls (1995),1.9565
642,Comedy,1,104,Theodore Rex (1995),1.4
642,Comedy,2,1246,Bushwhacked (1995),1.5714
642,Comedy,3,1162,Phat Beach (1996),1.6
642,Comedy,4,1272,Talking About Sex (1994),1.8
642,Comedy,5,1254,Gone Fishin' (1997),1.8182
643,Comedy,1,1287,Ed (1996),1.3333
643,Comedy,2,104,Theodore Rex (1995),1.4
643,Comedy,3,1246,Bushwhacked (1995),1.5714
643,Comedy,4,1509,Getting Even with Dad (1994),1.6
643,Comedy,5,1162,Phat Beach (1996),1.6
644,Action,1,314,3 Ninjas: High Noon At Mega Mountain (1998),1.0
644,Action,2,1250,Best of the Best 3: No Turning Back (1995),1.5
644,Action,3,1087,Bloodsport 2 (1995),1.7
644,Action,4,247,Turbo: A Power Rangers Movie (1997),1.8
644,Action,5,976,Solo (1996),1.8333
645,Drama,1,457,Free Willy 3: The Rescue (1997),1.7407
645,Drama,2,981,Dangerous Ground (1997),1.75
645,Drama,3,1272,Talking About Sex (1994),1.8
645,Drama,4,1165,Big Bully (1996),1.8571
645,Drama,5,375,Showgirls (1995),1.9565
646,Drama,1,457,Free Willy 3: The Rescue (1997),1.7407
646,Drama,2,981,Dangerous Ground (1997),1.75
646,Drama,3,1272,Talking About Sex (1994),1.8
646,Drama,4,1165,Big Bully (1996),1.8571
646,Drama,5,375,Showgirls (1995),1.9565
647,Action,1,314,3 Ninjas: High Noon At Mega Mountain (1998),1.0
647,Action,2,1250,Best of the Best 3: No Turning Back (1995),1.5
647,Action,3,1087,Bloodsport 2 (1995),1.7
647,Action,4,247,Turbo: A Power Rangers Movie (1997),1.8
647,Action,5,976,Solo (1996),1.8333
648,Comedy,1,1287,Ed (1996),1.3333
648,Comedy,2,1246,Bushwhacked (1995),1.5714
648,Comedy,3,1162,Phat Beach (1996),1.6
648,Comedy,4,1509,Getting Even with Dad (1994),1.6
648,Comedy,5,1336,Kazaam (1996),1.8
649,Action,1,314,3 Ninjas: High Noon At Mega Mountain (1998),1.0
649,Action,2,1250,Best of the Best 3: No Turning Back (1995),1.5
649,Action,3,1087,Bloodsport 2 (1995),1.7
649,Action,4,247,Turbo: A Power Rangers Movie (1997),1.8
649,Action,5,976,Solo (1996),1.8333
650,Drama,1,457,Free Willy 3: The Rescue (1997),1.7407
650,Drama,2,981,Dangerous Ground (1997),1.75
650,Drama,3,1272,Talking About Sex (1994),1.8
650,Drama,4,1165,Big Bully (1996),1.8571
650,Drama,5,375,Showgirls (1995),1.9565
651,Drama,1,457,Free Willy 3: The Rescue (1997),1.7407
651,Drama,2,981,Dangerous Ground (1997),1.75
651,Drama,3,1272,Talking About Sex (1994),1.8
651,Drama,4,1165,Big Bully (1996),1.8571
651,Drama,5,375,Showgirls (1995),1.9565
652,Thriller,1,758,Lawnmower Man 2: Beyond Cyberspace (1996),1.7143
652,Thriller,2,1274,Robocop 3 (1993),1.7273
652,Thriller,3,976,Solo (1996),1.8333
652,Thriller,4,743,"Crow: City of Angels, The (1996)",1.9487
652,Thriller,5,1393,Stag (1997),2.1111
653,Drama,1,457,Free Willy 3: The Rescue (1997),1.7407
653,Drama,2,981,Dangerous Ground (1997),1.75
653,Drama,3,1272,Talking About Sex (1994),1.8
653,Drama,4,1165,Big Bully (1996),1.8571
653,Drama,5,375,Showgirls (1995),1.9565
654,Drama,1,457,Free Willy 3: The Rescue (1997),1.7407
654,Drama,2,981,Dangerous Ground (1997),1.75
654,Drama,3,1272,Talking About Sex (1994),1.8
654,Drama,4,375,Showgirls (1995),1.9565
654,Drama,5,1214,In the Realm of the Senses (Ai no corrida) (1976),2.0
655,Drama,1,457,Free Willy 3: The Rescue (1997),1.7407
655,Drama,2,981,Dangerous Ground (1997),1.75
655,Drama,3,1272,Talking About Sex (1994),1.8
655,Drama,4,1165,Big Bully (1996),1.8571
655,Drama,5,1530,Jefferson in Paris (1995),2.0
656,Drama,1,457,Free Willy 3: The Rescue (1997),1.7407
656,Drama,2,981,Dangerous Ground (1997),1.75
656,Drama,3,1272,Talking About Sex (1994),1.8
656,Drama,4,1165,Big Bully (1996),1.8571
656,Drama,5,375,Showgirls (1995),1.9565
657,Drama,1,457,Free Willy 3: The Rescue (1997),1.7407
657,Drama,2,981,Dangerous Ground (1997),1.75
657,Drama,3,1272,Talking About Sex (1994),1.8
657,Drama,4,1165,Big Bully (1996),1.8571
657,Drama,5,375,Showgirls (1995),1.9565
658,Drama,1,457,Free Willy 3: The Rescue (1997),1.7407
658,Drama,2,981,Dangerous Ground (1997),1.75
658,Drama,3,1272,Talking About Sex (1994),1.8
658,Drama,4,1165,Big Bully (1996),1.8571
658,Drama,5,375,Showgirls (1995),1.9565
659,Drama,1,457,Free Willy 3: The Rescue (1997),1.7407
659,Drama,2,981,Dangerous Ground (1997),1.75
659,Drama,3,1272,Talking About Sex (1994),1.8
659,Drama,4,1165,Big Bully (1996),1.8571
659,Drama,5,375,Showgirls (1995),1.9565
660,Action,1,314,3 Ninjas: High Noon At Mega Mountain (1998),1.0
660,Action,2,1250,Best of the Best 3: No Turning Back (1995),1.5
660,Action,3,1087,Bloodsport 2 (1995),1.7
660,Action,4,247,Turbo: A Power Rangers Movie (1997),1.8
660,Action,5,976,Solo (1996),1.8333
661,Drama,1,457,Free Willy 3: The Rescue (1997),1.7407
661,Drama,2,981,Dangerous Ground (1997),1.75
661,Drama,3,1272,Talking About Sex (1994),1.8
661,Drama,4,1165,Big Bully (1996),1.8571
661,Drama,5,375,Showgirls (1995),1.9565
662,Drama,1,457,Free Willy 3: The Rescue (1997),1.7407
662,Drama,2,981,Dangerous Ground (1997),1.75
662,Drama,3,1272,Talking About Sex (1994),1.8
662,Drama,4,1165,Big Bully (1996),1.8571
662,Drama,5,375,Showgirls (1995),1.9565
663,Drama,1,457,Free Willy 3: The Rescue (1997),1.7407
663,Drama,2,981,Dangerous Ground (1997),1.75
663,Drama,3,1272,Talking About Sex (1994),1.8
663,Drama,4,1165,Big Bully (1996),1.8571
663,Drama,5,375,Showgirls (1995),1.9565
664,Drama,1,457,Free Willy 3: The Rescue (1997),1.7407
664,Drama,2,981,Dangerous Ground (1997),1.75
664,Drama,3,1272,Talking About Sex (1994),1.8
664,Drama,4,1165,Big Bully (1996),1.8571
664,Drama,5,375,Showgirls (1995),1.9565
665,Drama,1,457,Free Willy 3: The Rescue (1997),1.7407
665,Drama,2,981,Dangerous Ground (1997),1.75
665,Drama,3,1272,Talking About Sex (1994),1.8
665,Drama,4,1165,Big Bully (1996),1.8571
665,Drama,5,375,Showgirls (1995),1.9565
666,Drama,1,457,Free Willy 3: The Rescue (1997),1.7407
666,Drama,2,981,Dangerous Ground (1997),1.75
666,Drama,3,1272,Talking About Sex (1994),1.8
666,Drama,4,1165,Big Bully (1996),1.8571
666,Drama,5,375,Showgirls (1995),1.9565
667,Drama,1,457,Free Willy 3: The Rescue (1997),1.7407
667,Drama,2,981,Dangerous Ground (1997),1.75
667,Drama,3,1272,Talking About Sex (1994),1.8
667,Drama,4,1165,Big Bully (1996),1.8571
667,Drama,5,375,Showgirls (1995),1.9565
668,Drama,1,457,Free Willy 3: The Rescue (1997),1.7407
668,Drama,2,981,Dangerous Ground (1997),1.75
668,Drama,3,1272,Talking About Sex (1994),1.8
668,Drama,4,1165,Big Bully (1996),1.8571
668,Drama,5,375,Showgirls (1995),1.9565
669,Drama,1,457,Free Willy 3: The Rescue (1997),1.7407
669,Drama,2,981,Dangerous Ground (1997),1.75
669,Drama,3,1272,Talking About Sex (1994),1.8
669,Drama,4,1165,Big Bully (1996),1.8571
669,Drama,5,375,Showgirls (1995),1.9565
670,Drama,1,457,Free Willy 3: The Rescue (1997),1.7407
670,Drama,2,981,Dangerous Ground (1997),1.75
670,Drama,3,1272,Talking About Sex (1994),1.8
670,Drama,4,1165,Big Bully (1996),1.8571
670,Drama,5,375,Showgirls (1995),1.9565
671,Action,1,314,3 Ninjas: High Noon At Mega Mountain (1998),1.0
671,Action,2,1250,Best of the Best 3: No Turning Back (1995),1.5
671,Action,3,1087,Bloodsport 2 (1995),1.7
671,Action,4,247,Turbo: A Power Rangers Movie (1997),1.8
671,Action,5,976,Solo (1996),1.8333
672,Comedy,1,1287,Ed (1996),1.3333
672,Comedy,2,104,Theodore Rex (1995),1.4
672,Comedy,3,1246,Bushwhacked (1995),1.5714
672,Comedy,4,1162,Phat Beach (1996),1.6
672,Comedy,5,1509,Getting Even with Dad (1994),1.6
673,Drama,1,457,Free Willy 3: The Rescue (1997),1.7407
673,Drama,2,981,Dangerous Ground (1997),1.75
673,Drama,3,1272,Talking About Sex (1994),1.8
673,Drama,4,1165,Big Bully (1996),1.8571
673,Drama,5,375,Showgirls (1995),1.9565
674,Action,1,314,3 Ninjas: High Noon At Mega Mountain (1998),1.0
674,Action,2,1250,Best of the Best 3: No Turning Back (1995),1.5
674,Action,3,1087,Bloodsport 2 (1995),1.7
674,Action,4,247,Turbo: A Power Rangers Movie (1997),1.8
674,Action,5,976,Solo (1996),1.8333
675,Drama,1,457,Free Willy 3: The Rescue (1997),1.7407
675,Drama,2,981,Dangerous Ground (1997),1.75
675,Drama,3,1272,Talking About Sex (1994),1.8
675,Drama,4,1165,Big Bully (1996),1.8571
675,Drama,5,375,Showgirls (1995),1.9565
676,Comedy,1,1287,Ed (1996),1.3333
676,Comedy,2,104,Theodore Rex (1995),1.4
676,Comedy,3,1246,Bushwhacked (1995),1.5714
676,Comedy,4,1162,Phat Beach (1996),1.6
676,Comedy,5,1509,Getting Even with Dad (1994),1.6
677,Drama,1,981,Dangerous Ground (1997),1.75
677,Drama,2,1272,Talking About Sex (1994),1.8
677,Drama,3,1165,Big Bully (1996),1.8571
677,Drama,4,375,Showgirls (1995),1.9565
677,Drama,5,1392,"Locusts, The (1997)",2.0
678,Drama,1,457,Free Willy 3: The Rescue (1997),1.7407
678,Drama,2,981,Dangerous Ground (1997),1.75
678,Drama,3,1272,Talking About Sex (1994),1.8
678,Drama,4,1165,Big Bully (1996),1.8571
678,Drama,5,375,Showgirls (1995),1.9565
679,Comedy,1,1287,Ed (1996),1.3333
679,Comedy,2,104,Theodore Rex (1995),1.4
679,Comedy,3,1246,Bushwhacked (1995),1.5714
679,Comedy,4,1162,Phat Beach (1996),1.6
679,Comedy,5,1509,Getting Even with Dad (1994),1.6
680,Drama,1,457,Free Willy 3: The Rescue (1997),1.7407
680,Drama,2,981,Dangerous Ground (1997),1.75
680,Drama,3,1272,Talking About Sex (1994),1.8
680,Drama,4,1165,Big Bully (1996),1.8571
680,Drama,5,375,Showgirls (1995),1.9565
681,Drama,1,457,Free Willy 3: The Rescue (1997),1.7407
681,Drama,2,981,Dangerous Ground (1997),1.75
681,Drama,3,1272,Talking About Sex (1994),1.8
681,Drama,4,1165,Big Bully (1996),1.8571
681,Drama,5,375,Showgirls (1995),1.9565
682,Drama,1,457,Free Willy 3: The Rescue (1997),1.7407
682,Drama,2,981,Dangerous Ground (1997),1.75
682,Drama,3,1272,Talking About Sex (1994),1.8
682,Drama,4,1165,Big Bully (1996),1.8571
682,Drama,5,375,Showgirls (1995),1.9565
683,Drama,1,457,Free Willy 3: The Rescue (1997),1.7407
683,Drama,2,981,Dangerous Ground (1997),1.75
683,Drama,3,1272,Talking About Sex (1994),1.8
683,Drama,4,1165,Big Bully (1996),1.8571
683,Drama,5,375,Showgirls (1995),1.9565
684,Comedy,1,1287,Ed (1996),1.3333
684,Comedy,2,104,Theodore Rex (1995),1.4
684,Comedy,3,1246,Bushwhacked (1995),1.5714
684,Comedy,4,1162,Phat Beach (1996),1.6
684,Comedy,5,1509,Getting Even with Dad (1994),1.6
685,Drama,1,457,Free Willy 3: The Rescue (1997),1.7407
685,Drama,2,981,Dangerous Ground (1997),1.75
685,Drama,3,1272,Talking About Sex (1994),1.8
685,Drama,4,1165,Big Bully (1996),1.8571
685,Drama,5,375,Showgirls (1995),1.9565
686,Drama,1,457,Free Willy 3: The Rescue (1997),1.7407
686,Drama,2,981,Dangerous Ground (1997),1.75
686,Drama,3,1272,Talking About Sex (1994),1.8
686,Drama,4,1165,Big Bully (1996),1.8571
686,Drama,5,375,Showgirls (1995),1.9565
687,Thriller,1,758,Lawnmower Man 2: Beyond Cyberspace (1996),1.7143
687,Thriller,2,1274,Robocop 3 (1993),1.7273
687,Thriller,3,976,Solo (1996),1.8333
687,Thriller,4,743,"Crow: City of Angels, The (1996)",1.9487
687,Thriller,5,1393,Stag (1997),2.1111
688,Thriller,1,758,Lawnmower Man 2: Beyond Cyberspace (1996),1.7143
688,Thriller,2,1274,Robocop 3 (1993),1.7273
688,Thriller,3,976,Solo (1996),1.8333
688,Thriller,4,743,"Crow: City of Angels, The (1996)",1.9487
688,Thriller,5,1393,Stag (1997),2.1111
689,Action,1,314,3 Ninjas: High Noon At Mega Mountain (1998),1.0
689,Action,2,1250,Best of the Best 3: No Turning Back (1995),1.5
689,Action,3,1087,Bloodsport 2 (1995),1.7
689,Action,4,247,Turbo: A Power Rangers Movie (1997),1.8
689,Action,5,976,Solo (1996),1.8333
690,Comedy,1,1287,Ed (1996),1.3333
690,Comedy,2,104,Theodore Rex (1995),1.4
690,Comedy,3,1246,Bushwhacked (1995),1.5714
690,Comedy,4,1509,Getting Even with Dad (1994),1.6
690,Comedy,5,1162,Phat Beach (1996),1.6
691,Drama,1,457,Free Willy 3: The Rescue (1997),1.7407
691,Drama,2,981,Dangerous Ground (1997),1.75
691,Drama,3,1272,Talking About Sex (1994),1.8
691,Drama,4,1165,Big Bully (1996),1.8571
691,Drama,5,375,Showgirls (1995),1.9565
692,Comedy,1,1287,Ed (1996),1.3333
692,Comedy,2,104,Theodore Rex (1995),1.4
692,Comedy,3,1246,Bushwhacked (1995),1.5714
692,Comedy,4,1162,Phat Beach (1996),1.6
692,Comedy,5,1509,Getting Even with Dad (1994),1.6
693,Drama,1,457,Free Willy 3: The Rescue (1997),1.7407
693,Drama,2,981,Dangerous Ground (1997),1.75
693,Drama,3,1272,Talking About Sex (1994),1.8
693,Drama,4,1165,Big Bully (1996),1.8571
693,Drama,5,375,Showgirls (1995),1.9565
694,Drama,1,457,Free Willy 3: The Rescue (1997),1.7407
694,Drama,2,981,Dangerous Ground (1997),1.75
694,Drama,3,1272,Talking About Sex (1994),1.8
694,Drama,4,1165,Big Bully (1996),1.8571
694,Drama,5,375,Showgirls (1995),1.9565
695,Thriller,1,758,Lawnmower Man 2: Beyond Cyberspace (1996),1.7143
695,Thriller,2,1274,Robocop 3 (1993),1.7273
695,Thriller,3,976,Solo (1996),1.8333
695,Thriller,4,743,"Crow: City of Angels, The (1996)",1.9487
695,Thriller,5,1393,Stag (1997),2.1111
696,Drama,1,457,Free Willy 3: The Rescue (1997),1.7407
696,Drama,2,981,Dangerous Ground (1997),1.75
696,Drama,3,1272,Talking About Sex (1994),1.8
696,Drama,4,1165,Big Bully (1996),1.8571
696,Drama,5,375,Showgirls (1995),1.9565
697,Thriller,1,758,Lawnmower Man 2: Beyond Cyberspace (1996),1.7143
697,Thriller,2,1274,Robocop 3 (1993),1.7273
697,Thriller,3,976,Solo (1996),1.8333
697,Thriller,4,743,"Crow: City of Angels, The (1996)",1.9487
697,Thriller,5,1393,Stag (1997),2.1111
698,Drama,1,457,Free Willy 3: The Rescue (1997),1.7407
698,Drama,2,981,Dangerous Ground (1997),1.75
698,Drama,3,1272,Talking About Sex (1994),1.8
698,Drama,4,1165,Big Bully (1996),1.8571
698,Drama,5,375,Showgirls (1995),1.9565
699,Drama,1,457,Free Willy 3: The Rescue (1997),1.7407
699,Drama,2,981,Dangerous Ground (1997),1.75
699,Drama,3,1272,Talking About Sex (1994),1.8
699,Drama,4,1165,Big Bully (1996),1.8571
699,Drama,5,375,Showgirls (1995),1.9565
700,Action,1,314,3 Ninjas: High Noon At Mega Mountain (1998),1.0
700,Action,2,1250,Best of the Best 3: No Turning Back (1995),1.5
700,Action,3,1087,Bloodsport 2 (1995),1.7
700,Action,4,247,Turbo: A Power Rangers Movie (1997),1.8
700,Action,5,976,Solo (1996),1.8333
701,Drama,1,457,Free Willy 3: The Rescue (1997),1.7407
701,Drama,2,981,Dangerous Ground (1997),1.75
701,Drama,3,1272,Talking About Sex (1994),1.8
701,Drama,4,1165,Big Bully (1996),1.8571
701,Drama,5,375,Showgirls (1995),1.9565
702,Action,1,314,3 Ninjas: High Noon At Mega Mountain (1998),1.0
702,Action,2,1250,Best of the Best 3: No Turning Back (1995),1.5
702,Action,3,1087,Bloodsport 2 (1995),1.7
702,Action,4,247,Turbo: A Power Rangers Movie (1997),1.8
702,Action,5,976,Solo (1996),1.8333
703,Drama,1,457,Free Willy 3: The Rescue (1997),1.7407
703,Drama,2,981,Dangerous Ground (1997),1.75
703,Drama,3,1272,Talking About Sex (1994),1.8
703,Drama,4,1165,Big Bully (1996),1.8571
703,Drama,5,375,Showgirls (1995),1.9565
704,Drama,1,457,Free Willy 3: The Rescue (1997),1.7407
704,Drama,2,981,Dangerous Ground (1997),1.75
704,Drama,3,1272,Talking About Sex (1994),1.8
704,Drama,4,1165,Big Bully (1996),1.8571
704,Drama,5,375,Showgirls (1995),1.9565
705,Action,1,314,3 Ninjas: High Noon At Mega Mountain (1998),1.0
705,Action,2,1250,Best of the Best 3: No Turning Back (1995),1.5
705,Action,3,1087,Bloodsport 2 (1995),1.7
705,Action,4,247,Turbo: A Power Rangers Movie (1997),1.8
705,Action,5,976,Solo (1996),1.8333
706,Thriller,1,758,Lawnmower Man 2: Beyond Cyberspace (1996),1.7143
706,Thriller,2,1274,Robocop 3 (1993),1.7273
706,Thriller,3,976,Solo (1996),1.8333
706,Thriller,4,743,"Crow: City of Angels, The (1996)",1.9487
706,Thriller,5,1393,Stag (1997),2.1111
707,Drama,1,457,Free Willy 3: The Rescue (1997),1.7407
707,Drama,2,981,Dangerous Ground (1997),1.75
707,Drama,3,1272,Talking About Sex (1994),1.8
707,Drama,4,1165,Big Bully (1996),1.8571
707,Drama,5,375,Showgirls (1995),1.9565
708,Comedy,1,1287,Ed (1996),1.3333
708,Comedy,2,104,Theodore Rex (1995),1.4
708,Comedy,3,1246,Bushwhacked (1995),1.5714
708,Comedy,4,1162,Phat Beach (1996),1.6
708,Comedy,5,1509,Getting Even with Dad (1994),1.6
709,Action,1,314,3 Ninjas: High Noon At Mega Mountain (1998),1.0
709,Action,2,1250,Best of the Best 3: No Turning Back (1995),1.5
709,Action,3,1087,Bloodsport 2 (1995),1.7
709,Action,4,247,Turbo: A Power Rangers Movie (1997),1.8
709,Action,5,976,Solo (1996),1.8333
710,Drama,1,457,Free Willy 3: The Rescue (1997),1.7407
710,Drama,2,981,Dangerous Ground (1997),1.75
710,Drama,3,1272,Talking About Sex (1994),1.8
710,Drama,4,1165,Big Bully (1996),1.8571
710,Drama,5,375,Showgirls (1995),1.9565
711,Drama,1,457,Free Willy 3: The Rescue (1997),1.7407
711,Drama,2,981,Dangerous Ground (1997),1.75
711,Drama,3,1272,Talking About Sex (1994),1.8
711,Drama,4,1165,Big Bully (1996),1.8571
711,Drama,5,375,Showgirls (1995),1.9565
712,Comedy,1,1287,Ed (1996),1.3333
712,Comedy,2,104,Theodore Rex (1995),1.4
712,Comedy,3,1246,Bushwhacked (1995),1.5714
712,Comedy,4,1162,Phat Beach (1996),1.6
712,Comedy,5,1509,Getting Even with Dad (1994),1.6
713,Drama,1,457,Free Willy 3: The Rescue (1997),1.7407
713,Drama,2,981,Dangerous Ground (1997),1.75
713,Drama,3,1272,Talking About Sex (1994),1.8
713,Drama,4,1165,Big Bully (1996),1.8571
713,Drama,5,375,Showgirls (1995),1.9565
714,Action,1,314,3 Ninjas: High Noon At Mega Mountain (1998),1.0
714,Action,2,1250,Best of the Best 3: No Turning Back (1995),1.5
714,Action,3,1087,Bloodsport 2 (1995),1.7
714,Action,4,247,Turbo: A Power Rangers Movie (1997),1.8
714,Action,5,976,Solo (1996),1.8333
715,Action,1,314,3 Ninjas: High Noon At Mega Mountain (1998),1.0
715,Action,2,1250,Best of the Best 3: No Turning Back (1995),1.5
715,Action,3,1087,Bloodsport 2 (1995),1.7
715,Action,4,247,Turbo: A Power Rangers Movie (1997),1.8
715,Action,5,453,Jaws 3-D (1983),1.9375
716,Drama,1,457,Free Willy 3: The Rescue (1997),1.7407
716,Drama,2,981,Dangerous Ground (1997),1.75
716,Drama,3,1272,Talking About Sex (1994),1.8
716,Drama,4,1165,Big Bully (1996),1.8571
716,Drama,5,375,Showgirls (1995),1.9565
717,Drama,1,457,Free Willy 3: The Rescue (1997),1.7407
717,Drama,2,981,Dangerous Ground (1997),1.75
717,Drama,3,1272,Talking About Sex (1994),1.8
717,Drama,4,1165,Big Bully (1996),1.8571
717,Drama,5,375,Showgirls (1995),1.9565
718,Action,1,314,3 Ninjas: High Noon At Mega Mountain (1998),1.0
718,Action,2,1250,Best of the Best 3: No Turning Back (1995),1.5
718,Action,3,1087,Bloodsport 2 (1995),1.7
718,Action,4,247,Turbo: A Power Rangers Movie (1997),1.8
718,Action,5,976,Solo (1996),1.8333
719,Drama,1,457,Free Willy 3: The Rescue (1997),1.7407
719,Drama,2,981,Dangerous Ground (1997),1.75
719,Drama,3,1272,Talking About Sex (1994),1.8
719,Drama,4,1165,Big Bully (1996),1.8571
719,Drama,5,375,Showgirls (1995),1.9565
720,Drama,1,457,Free Willy 3: The Rescue (1997),1.7407
720,Drama,2,981,Dangerous Ground (1997),1.75
720,Drama,3,1272,Talking About Sex (1994),1.8
720,Drama,4,1165,Big Bully (1996),1.8571
720,Drama,5,375,Showgirls (1995),1.9565
721,Drama,1,981,Dangerous Ground (1997),1.75
721,Drama,2,1272,Talking About Sex (1994),1.8
721,Drama,3,1165,Big Bully (1996),1.8571
721,Drama,4,375,Showgirls (1995),1.9565
721,Drama,5,1530,Jefferson in Paris (1995),2.0
722,Thriller,1,758,Lawnmower Man 2: Beyond Cyberspace (1996),1.7143
722,Thriller,2,1274,Robocop 3 (1993),1.7273
722,Thriller,3,976,Solo (1996),1.8333
722,Thriller,4,743,"Crow: City of Angels, The (1996)",1.9487
722,Thriller,5,1393,Stag (1997),2.1111
723,Drama,1,457,Free Willy 3: The Rescue (1997),1.7407
723,Drama,2,981,Dangerous Ground (1997),1.75
723,Drama,3,1272,Talking About Sex (1994),1.8
723,Drama,4,1165,Big Bully (1996),1.8571
723,Drama,5,375,Showgirls (1995),1.9565
724,Drama,1,457,Free Willy 3: The Rescue (1997),1.7407
724,Drama,2,981,Dangerous Ground (1997),1.75
724,Drama,3,1272,Talking About Sex (1994),1.8
724,Drama,4,1165,Big Bully (1996),1.8571
724,Drama,5,375,Showgirls (1995),1.9565
725,Thriller,1,758,Lawnmower Man 2: Beyond Cyberspace (1996),1.7143
725,Thriller,2,1274,Robocop 3 (1993),1.7273
725,Thriller,3,976,Solo (1996),1.8333
725,Thriller,4,743,"Crow: City of Angels, The (1996)",1.9487
725,Thriller,5,1393,Stag (1997),2.1111
726,Comedy,1,1287,Ed (1996),1.3333
726,Comedy,2,104,Theodore Rex (1995),1.4
726,Comedy,3,1246,Bushwhacked (1995),1.5714
726,Comedy,4,1509,Getting Even with Dad (1994),1.6
726,Comedy,5,1162,Phat Beach (1996),1.6
727,Action,1,314,3 Ninjas: High Noon At Mega Mountain (1998),1.0
727,Action,2,1087,Bloodsport 2 (1995),1.7
727,Action,3,247,Turbo: A Power Rangers Movie (1997),1.8
727,Action,4,976,Solo (1996),1.8333
727,Action,5,453,Jaws 3-D (1983),1.9375
728,Drama,1,457,Free Willy 3: The Rescue (1997),1.7407
728,Drama,2,981,Dangerous Ground (1997),1.75
728,Drama,3,1272,Talking About Sex (1994),1.8
728,Drama,4,1165,Big Bully (1996),1.8571
728,Drama,5,375,Showgirls (1995),1.9565
729,Thriller,1,758,Lawnmower Man 2: Beyond Cyberspace (1996),1.7143
729,Thriller,2,1274,Robocop 3 (1993),1.7273
729,Thriller,3,976,Solo (1996),1.8333
729,Thriller,4,743,"Crow: City of Angels, The (1996)",1.9487
729,Thriller,5,1393,Stag (1997),2.1111
730,Drama,1,457,Free Willy 3: The Rescue (1997),1.7407
730,Drama,2,981,Dangerous Ground (1997),1.75
730,Drama,3,1272,Talking About Sex (1994),1.8
730,Drama,4,1165,Big Bully (1996),1.8571
730,Drama,5,375,Showgirls (1995),1.9565
731,Drama,1,457,Free Willy 3: The Rescue (1997),1.7407
731,Drama,2,981,Dangerous Ground (1997),1.75
731,Drama,3,1272,Talking About Sex (1994),1.8
731,Drama,4,1165,Big Bully (1996),1.8571
731,Drama,5,375,Showgirls (1995),1.9565
732,Drama,1,457,Free Willy 3: The Rescue (1997),1.7407
732,Drama,2,981,Dangerous Ground (1997),1.75
732,Drama,3,1272,Talking About Sex (1994),1.8
732,Drama,4,1165,Big Bully (1996),1.8571
732,Drama,5,375,Showgirls (1995),1.9565
733,Drama,1,457,Free Willy 3: The Rescue (1997),1.7407
733,Drama,2,981,Dangerous Ground (1997),1.75
733,Drama,3,1272,Talking About Sex (1994),1.8
733,Drama,4,1165,Big Bully (1996),1.8571
733,Drama,5,375,Showgirls (1995),1.9565
734,Drama,1,457,Free Willy 3: The Rescue (1997),1.7407
734,Drama,2,981,Dangerous Ground (1997),1.75
734,Drama,3,1272,Talking About Sex (1994),1.8
734,Drama,4,1165,Big Bully (1996),1.8571
734,Drama,5,375,Showgirls (1995),1.9565
735,Drama,1,457,Free Willy 3: The Rescue (1997),1.7407
735,Drama,2,981,Dangerous Ground (1997),1.75
735,Drama,3,1272,Talking About Sex (1994),1.8
735,Drama,4,1165,Big Bully (1996),1.8571
735,Drama,5,375,Showgirls (1995),1.9565
736,Drama,1,457,Free Willy 3: The Rescue (1997),1.7407
736,Drama,2,981,Dangerous Ground (1997),1.75
736,Drama,3,1272,Talking About Sex (1994),1.8
736,Drama,4,1165,Big Bully (1996),1.8571
736,Drama,5,375,Showgirls (1995),1.9565
737,Drama,1,457,Free Willy 3: The Rescue (1997),1.7407
737,Drama,2,981,Dangerous Ground (1997),1.75
737,Drama,3,1272,Talking About Sex (1994),1.8
737,Drama,4,1165,Big Bully (1996),1.8571
737,Drama,5,375,Showgirls (1995),1.9565
738,Action,1,314,3 Ninjas: High Noon At Mega Mountain (1998),1.0
738,Action,2,1250,Best of the Best 3: No Turning Back (1995),1.5
738,Action,3,1087,Bloodsport 2 (1995),1.7
738,Action,4,247,Turbo: A Power Rangers Movie (1997),1.8
738,Action,5,976,Solo (1996),1.8333
739,Drama,1,457,Free Willy 3: The Rescue (1997),1.7407
739,Drama,2,981,Dangerous Ground (1997),1.75
739,Drama,3,1272,Talking About Sex (1994),1.8
739,Drama,4,1165,Big Bully (1996),1.8571
739,Drama,5,375,Showgirls (1995),1.9565
740,Thriller,1,758,Lawnmower Man 2: Beyond Cyberspace (1996),1.7143
740,Thriller,2,1274,Robocop 3 (1993),1.7273
740,Thriller,3,976,Solo (1996),1.8333
740,Thriller,4,743,"Crow: City of Angels, The (1996)",1.9487
740,Thriller,5,1393,Stag (1997),2.1111
741,Comedy,1,1287,Ed (1996),1.3333
741,Comedy,2,104,Theodore Rex (1995),1.4
741,Comedy,3,1246,Bushwhacked (1995),1.5714
741,Comedy,4,1509,Getting Even with Dad (1994),1.6
741,Comedy,5,1162,Phat Beach (1996),1.6
742,Drama,1,457,Free Willy 3: The Rescue (1997),1.7407
742,Drama,2,981,Dangerous Ground (1997),1.75
742,Drama,3,1272,Talking About Sex (1994),1.8
742,Drama,4,1165,Big Bully (1996),1.8571
742,Drama,5,375,Showgirls (1995),1.9565
743,Drama,1,457,Free Willy 3: The Rescue (1997),1.7407
743,Drama,2,981,Dangerous Ground (1997),1.75
743,Drama,3,1272,Talking About Sex (1994),1.8
743,Drama,4,1165,Big Bully (1996),1.8571
743,Drama,5,375,Showgirls (1995),1.9565
744,Drama,1,457,Free Willy 3: The Rescue (1997),1.7407
744,Drama,2,981,Dangerous Ground (1997),1.75
744,Drama,3,1272,Talking About Sex (1994),1.8
744,Drama,4,1165,Big Bully (1996),1.8571
744,Drama,5,375,Showgirls (1995),1.9565
745,Drama,1,457,Free Willy 3: The Rescue (1997),1.7407
745,Drama,2,981,Dangerous Ground (1997),1.75
745,Drama,3,1272,Talking About Sex (1994),1.8
745,Drama,4,1165,Big Bully (1996),1.8571
745,Drama,5,375,Showgirls (1995),1.9565
746,Action,1,314,3 Ninjas: High Noon At Mega Mountain (1998),1.0
746,Action,2,1250,Best of the Best 3: No Turning Back (1995),1.5
746,Action,3,1087,Bloodsport 2 (1995),1.7
746,Action,4,247,Turbo: A Power Rangers Movie (1997),1.8
746,Action,5,976,Solo (1996),1.8333
747,Drama,1,457,Free Willy 3: The Rescue (1997),1.7407
747,Drama,2,981,Dangerous Ground (1997),1.75
747,Drama,3,1272,Talking About Sex (1994),1.8
747,Drama,4,1165,Big Bully (1996),1.8571
747,Drama,5,375,Showgirls (1995),1.9565
748,Drama,1,457,Free Willy 3: The Rescue (1997),1.7407
748,Drama,2,981,Dangerous Ground (1997),1.75
748,Drama,3,1272,Talking About Sex (1994),1.8
748,Drama,4,1165,Big Bully (1996),1.8571
748,Drama,5,375,Showgirls (1995),1.9565
749,Action,1,314,3 Ninjas: High Noon At Mega Mountain (1998),1.0
749,Action,2,1250,Best of the Best 3: No Turning Back (1995),1.5
749,Action,3,1087,Bloodsport 2 (1995),1.7
749,Action,4,247,Turbo: A Power Rangers Movie (1997),1.8
749,Action,5,976,Solo (1996),1.8333
750,Thriller,1,758,Lawnmower Man 2: Beyond Cyberspace (1996),1.7143
750,Thriller,2,1274,Robocop 3 (1993),1.7273
750,Thriller,3,976,Solo (1996),1.8333
750,Thriller,4,743,"Crow: City of Angels, The (1996)",1.9487
750,Thriller,5,1393,Stag (1997),2.1111
751,Comedy,1,1287,Ed (1996),1.3333
751,Comedy,2,104,Theodore Rex (1995),1.4
751,Comedy,3,1246,Bushwhacked (1995),1.5714
751,Comedy,4,1509,Getting Even with Dad (1994),1.6
751,Comedy,5,1162,Phat Beach (1996),1.6
752,Drama,1,457,Free Willy 3: The Rescue (1997),1.7407
752,Drama,2,981,Dangerous Ground (1997),1.75
752,Drama,3,1272,Talking About Sex (1994),1.8
752,Drama,4,1165,Big Bully (1996),1.8571
752,Drama,5,375,Showgirls (1995),1.9565
753,Drama,1,457,Free Willy 3: The Rescue (1997),1.7407
753,Drama,2,981,Dangerous Ground (1997),1.75
753,Drama,3,1272,Talking About Sex (1994),1.8
753,Drama,4,1165,Big Bully (1996),1.8571
753,Drama,5,375,Showgirls (1995),1.9565
754,Drama,1,457,Free Willy 3: The Rescue (1997),1.7407
754,Drama,2,981,Dangerous Ground (1997),1.75
754,Drama,3,1272,Talking About Sex (1994),1.8
754,Drama,4,1165,Big Bully (1996),1.8571
754,Drama,5,375,Showgirls (1995),1.9565
755,Drama,1,457,Free Willy 3: The Rescue (1997),1.7407
755,Drama,2,981,Dangerous Ground (1997),1.75
755,Drama,3,1272,Talking About Sex (1994),1.8
755,Drama,4,1165,Big Bully (1996),1.8571
755,Drama,5,375,Showgirls (1995),1.9565
756,Action,1,314,3 Ninjas: High Noon At Mega Mountain (1998),1.0
756,Action,2,1250,Best of the Best 3: No Turning Back (1995),1.5
756,Action,3,1087,Bloodsport 2 (1995),1.7
756,Action,4,247,Turbo: A Power Rangers Movie (1997),1.8
756,Action,5,976,Solo (1996),1.8333
757,Action,1,314,3 Ninjas: High Noon At Mega Mountain (1998),1.0
757,Action,2,1250,Best of the Best 3: No Turning Back (1995),1.5
757,Action,3,1087,Bloodsport 2 (1995),1.7
757,Action,4,247,Turbo: A Power Rangers Movie (1997),1.8
757,Action,5,976,Solo (1996),1.8333
758,Drama,1,457,Free Willy 3: The Rescue (1997),1.7407
758,Drama,2,981,Dangerous Ground (1997),1.75
758,Drama,3,1272,Talking About Sex (1994),1.8
758,Drama,4,1165,Big Bully (1996),1.8571
758,Drama,5,375,Showgirls (1995),1.9565
759,Action,1,314,3 Ninjas: High Noon At Mega Mountain (1998),1.0
759,Action,2,1250,Best of the Best 3: No Turning Back (1995),1.5
759,Action,3,1087,Bloodsport 2 (1995),1.7
759,Action,4,247,Turbo: A Power Rangers Movie (1997),1.8
759,Action,5,976,Solo (1996),1.8333
760,Romance,1,545,Vampire in Brooklyn (1995),1.8333
760,Romance,2,1487,Even Cowgirls Get the Blues (1993),2.0
760,Romance,3,1089,Speed 2: Cruise Control (1997),2.1316
760,Romance,4,1289,Jack and Sarah (1995),2.1429
760,Romance,5,36,Mad Love (1995),2.1538
761,Drama,1,981,Dangerous Ground (1997),1.75
761,Drama,2,1165,Big Bully (1996),1.8571
761,Drama,3,375,Showgirls (1995),1.9565
761,Drama,4,1214,In the Realm of the Senses (Ai no corrida) (1976),2.0
761,Drama,5,1392,"Locusts, The (1997)",2.0
762,Romance,1,545,Vampire in Brooklyn (1995),1.8333
762,Romance,2,1487,Even Cowgirls Get the Blues (1993),2.0
762,Romance,3,1037,Grease 2 (1982),2.0
762,Romance,4,1089,Speed 2: Cruise Control (1997),2.1316
762,Romance,5,1289,Jack and Sarah (1995),2.1429
763,Drama,1,457,Free Willy 3: The Rescue (1997),1.7407
763,Drama,2,981,Dangerous Ground (1997),1.75
763,Drama,3,1272,Talking About Sex (1994),1.8
763,Drama,4,1165,Big Bully (1996),1.8571
763,Drama,5,1530,Jefferson in Paris (1995),2.0
764,Drama,1,457,Free Willy 3: The Rescue (1997),1.7407
764,Drama,2,981,Dangerous Ground (1997),1.75
764,Drama,3,1272,Talking About Sex (1994),1.8
764,Drama,4,1165,Big Bully (1996),1.8571
764,Drama,5,375,Showgirls (1995),1.9565
765,Drama,1,457,Free Willy 3: The Rescue (1997),1.7407
765,Drama,2,981,Dangerous Ground (1997),1.75
765,Drama,3,1272,Talking About Sex (1994),1.8
765,Drama,4,1165,Big Bully (1996),1.8571
765,Drama,5,375,Showgirls (1995),1.9565
766,Drama,1,457,Free Willy 3: The Rescue (1997),1.7407
766,Drama,2,981,Dangerous Ground (1997),1.75
766,Drama,3,1272,Talking About Sex (1994),1.8
766,Drama,4,1165,Big Bully (1996),1.8571
766,Drama,5,1214,In the Realm of the Senses (Ai no corrida) (1976),2.0
767,Drama,1,457,Free Willy 3: The Rescue (1997),1.7407
767,Drama,2,981,Dangerous Ground (1997),1.75
767,Drama,3,1272,Talking About Sex (1994),1.8
767,Drama,4,1165,Big Bully (1996),1.8571
767,Drama,5,375,Showgirls (1995),1.9565
768,Drama,1,457,Free Willy 3: The Rescue (1997),1.7407
768,Drama,2,981,Dangerous Ground (1997),1.75
768,Drama,3,1272,Talking About Sex (1994),1.8
768,Drama,4,1165,Big Bully (1996),1.8571
768,Drama,5,375,Showgirls (1995),1.9565
769,Comedy,1,1287,Ed (1996),1.3333
769,Comedy,2,104,Theodore Rex (1995),1.4
769,Comedy,3,1246,Bushwhacked (1995),1.5714
769,Comedy,4,1509,Getting Even with Dad (1994),1.6
769,Comedy,5,1162,Phat Beach (1996),1.6
770,Drama,1,457,Free Willy 3: The Rescue (1997),1.7407
770,Drama,2,981,Dangerous Ground (1997),1.75
770,Drama,3,1272,Talking About Sex (1994),1.8
770,Drama,4,1165,Big Bully (1996),1.8571
770,Drama,5,375,Showgirls (1995),1.9565
771,Comedy,1,1287,Ed (1996),1.3333
771,Comedy,2,104,Theodore Rex (1995),1.4
771,Comedy,3,1246,Bushwhacked (1995),1.5714
771,Comedy,4,1162,Phat Beach (1996),1.6
771,Comedy,5,1509,Getting Even with Dad (1994),1.6
772,Thriller,1,758,Lawnmower Man 2: Beyond Cyberspace (1996),1.7143
772,Thriller,2,1274,Robocop 3 (1993),1.7273
772,Thriller,3,976,Solo (1996),1.8333
772,Thriller,4,743,"Crow: City of Angels, The (1996)",1.9487
772,Thriller,5,1393,Stag (1997),2.1111
773,Drama,1,457,Free Willy 3: The Rescue (1997),1.7407
773,Drama,2,981,Dangerous Ground (1997),1.75
773,Drama,3,1272,Talking About Sex (1994),1.8
773,Drama,4,1165,Big Bully (1996),1.8571
773,Drama,5,375,Showgirls (1995),1.9565
774,Action,1,314,3 Ninjas: High Noon At Mega Mountain (1998),1.0
774,Action,2,1250,Best of the Best 3: No Turning Back (1995),1.5
774,Action,3,1087,Bloodsport 2 (1995),1.7
774,Action,4,247,Turbo: A Power Rangers Movie (1997),1.8
774,Action,5,976,Solo (1996),1.8333
775,Drama,1,457,Free Willy 3: The Rescue (1997),1.7407
775,Drama,2,981,Dangerous Ground (1997),1.75
775,Drama,3,1272,Talking About Sex (1994),1.8
775,Drama,4,1165,Big Bully (1996),1.8571
775,Drama,5,375,Showgirls (1995),1.9565
776,Horror,1,424,Children of the Corn: The Gathering (1996),1.3158
776,Horror,2,669,Body Parts (1991),1.6154
776,Horror,3,453,Jaws 3-D (1983),1.9375
776,Horror,4,668,Blood Beach (1981),2.1667
776,Horror,5,767,"Addiction, The (1995)",2.1818
777,Drama,1,457,Free Willy 3: The Rescue (1997),1.7407
777,Drama,2,981,Dangerous Ground (1997),1.75
777,Drama,3,1272,Talking About Sex (1994),1.8
777,Drama,4,1165,Big Bully (1996),1.8571
777,Drama,5,375,Showgirls (1995),1.9565
778,Drama,1,457,Free Willy 3: The Rescue (1997),1.7407
778,Drama,2,981,Dangerous Ground (1997),1.75
778,Drama,3,1272,Talking About Sex (1994),1.8
778,Drama,4,1165,Big Bully (1996),1.8571
778,Drama,5,375,Showgirls (1995),1.9565
779,Comedy,1,1287,Ed (1996),1.3333
779,Comedy,2,104,Theodore Rex (1995),1.4
779,Comedy,3,1246,Bushwhacked (1995),1.5714
779,Comedy,4,1509,Getting Even with Dad (1994),1.6
779,Comedy,5,1162,Phat Beach (1996),1.6
780,Drama,1,457,Free Willy 3: The Rescue (1997),1.7407
780,Drama,2,981,Dangerous Ground (1997),1.75
780,Drama,3,1272,Talking About Sex (1994),1.8
780,Drama,4,1165,Big Bully (1996),1.8571
780,Drama,5,375,Showgirls (1995),1.9565
781,Drama,1,457,Free Willy 3: The Rescue (1997),1.7407
781,Drama,2,981,Dangerous Ground (1997),1.75
781,Drama,3,1272,Talking About Sex (1994),1.8
781,Drama,4,1165,Big Bully (1996),1.8571
781,Drama,5,375,Showgirls (1995),1.9565
782,Drama,1,457,Free Willy 3: The Rescue (1997),1.7407
782,Drama,2,981,Dangerous Ground (1997),1.75
782,Drama,3,1272,Talking About Sex (1994),1.8
782,Drama,4,1165,Big Bully (1996),1.8571
782,Drama,5,375,Showgirls (1995),1.9565
783,Drama,1,457,Free Willy 3: The Rescue (1997),1.7407
783,Drama,2,981,Dangerous Ground (1997),1.75
783,Drama,3,1272,Talking About Sex (1994),1.8
783,Drama,4,1165,Big Bully (1996),1.8571
783,Drama,5,375,Showgirls (1995),1.9565
784,Drama,1,457,Free Willy 3: The Rescue (1997),1.7407
784,Drama,2,981,Dangerous Ground (1997),1.75
784,Drama,3,1272,Talking About Sex (1994),1.8
784,Drama,4,1165,Big Bully (1996),1.8571
784,Drama,5,375,Showgirls (1995),1.9565
785,Comedy,1,1287,Ed (1996),1.3333
785,Comedy,2,104,Theodore Rex (1995),1.4
785,Comedy,3,1246,Bushwhacked (1995),1.5714
785,Comedy,4,1509,Getting Even with Dad (1994),1.6
785,Comedy,5,1162,Phat Beach (1996),1.6
786,Drama,1,457,Free Willy 3: The Rescue (1997),1.7407
786,Drama,2,981,Dangerous Ground (1997),1.75
786,Drama,3,1272,Talking About Sex (1994),1.8
786,Drama,4,1165,Big Bully (1996),1.8571
786,Drama,5,375,Showgirls (1995),1.9565
787,Drama,1,457,Free Willy 3: The Rescue (1997),1.7407
787,Drama,2,981,Dangerous Ground (1997),1.75
787,Drama,3,1272,Talking About Sex (1994),1.8
787,Drama,4,1165,Big Bully (1996),1.8571
787,Drama,5,375,Showgirls (1995),1.9565
788,Drama,1,457,Free Willy 3: The Rescue (1997),1.7407
788,Drama,2,981,Dangerous Ground (1997),1.75
788,Drama,3,1272,Talking About Sex (1994),1.8
788,Drama,4,1165,Big Bully (1996),1.8571
788,Drama,5,375,Showgirls (1995),1.9565
789,Drama,1,457,Free Willy 3: The Rescue (1997),1.7407
789,Drama,2,981,Dangerous Ground (1997),1.75
789,Drama,3,1272,Talking About Sex (1994),1.8
789,Drama,4,1165,Big Bully (1996),1.8571
789,Drama,5,375,Showgirls (1995),1.9565
790,Comedy,1,1287,Ed (1996),1.3333
790,Comedy,2,104,Theodore Rex (1995),1.4
790,Comedy,3,1246,Bushwhacked (1995),1.5714
790,Comedy,4,1162,Phat Beach (1996),1.6
790,Comedy,5,1509,Getting Even with Dad (1994),1.6
791,Thriller,1,758,Lawnmower Man 2: Beyond Cyberspace (1996),1.7143
791,Thriller,2,1274,Robocop 3 (1993),1.7273
791,Thriller,3,976,Solo (1996),1.8333
791,Thriller,4,743,"Crow: City of Angels, The (1996)",1.9487
791,Thriller,5,1393,Stag (1997),2.1111
792,Drama,1,457,Free Willy 3: The Rescue (1997),1.7407
792,Drama,2,981,Dangerous Ground (1997),1.75
792,Drama,3,1272,Talking About Sex (1994),1.8
792,Drama,4,1165,Big Bully (1996),1.8571
792,Drama,5,375,Showgirls (1995),1.9565
793,Drama,1,457,Free Willy 3: The Rescue (1997),1.7407
793,Drama,2,981,Dangerous Ground (1997),1.75
793,Drama,3,1272,Talking About Sex (1994),1.8
793,Drama,4,1165,Big Bully (1996),1.8571
793,Drama,5,375,Showgirls (1995),1.9565
794,Drama,1,457,Free Willy 3: The Rescue (1997),1.7407
794,Drama,2,981,Dangerous Ground (1997),1.75
794,Drama,3,1272,Talking About Sex (1994),1.8
794,Drama,4,1165,Big Bully (1996),1.8571
794,Drama,5,375,Showgirls (1995),1.9565
795,Comedy,1,1287,Ed (1996),1.3333
795,Comedy,2,104,Theodore Rex (1995),1.4
795,Comedy,3,1246,Bushwhacked (1995),1.5714
795,Comedy,4,1162,Phat Beach (1996),1.6
795,Comedy,5,1509,Getting Even with Dad (1994),1.6
796,Drama,1,457,Free Willy 3: The Rescue (1997),1.7407
796,Drama,2,981,Dangerous Ground (1997),1.75
796,Drama,3,1272,Talking About Sex (1994),1.8
796,Drama,4,1165,Big Bully (1996),1.8571
796,Drama,5,375,Showgirls (1995),1.9565
797,Comedy,1,1287,Ed (1996),1.3333
797,Comedy,2,104,Theodore Rex (1995),1.4
797,Comedy,3,1246,Bushwhacked (1995),1.5714
797,Comedy,4,1162,Phat Beach (1996),1.6
797,Comedy,5,1509,Getting Even with Dad (1994),1.6
798,Comedy,1,1287,Ed (1996),1.3333
798,Comedy,2,104,Theodore Rex (1995),1.4
798,Comedy,3,1246,Bushwhacked (1995),1.5714
798,Comedy,4,1162,Phat Beach (1996),1.6
798,Comedy,5,1336,Kazaam (1996),1.8
799,Drama,1,457,Free Willy 3: The Rescue (1997),1.7407
799,Drama,2,981,Dangerous Ground (1997),1.75
799,Drama,3,1272,Talking About Sex (1994),1.8
799,Drama,4,1165,Big Bully (1996),1.8571
799,Drama,5,375,Showgirls (1995),1.9565
800,Action,1,314,3 Ninjas: High Noon At Mega Mountain (1998),1.0
800,Action,2,1250,Best of the Best 3: No Turning Back (1995),1.5
800,Action,3,1087,Bloodsport 2 (1995),1.7
800,Action,4,247,Turbo: A Power Rangers Movie (1997),1.8
800,Action,5,976,Solo (1996),1.8333
801,Thriller,1,758,Lawnmower Man 2: Beyond Cyberspace (1996),1.7143
801,Thriller,2,1274,Robocop 3 (1993),1.7273
801,Thriller,3,976,Solo (1996),1.8333
801,Thriller,4,743,"Crow: City of Angels, The (1996)",1.9487
801,Thriller,5,1393,Stag (1997),2.1111
802,Horror,1,439,Amityville: A New Generation (1993),1.0
802,Horror,2,437,Amityville 1992: It's About Time (1992),1.0
802,Horror,3,438,Amityville 3-D (1983),1.1667
802,Horror,4,453,Jaws 3-D (1983),1.9375
802,Horror,5,590,Hellraiser: Bloodline (1996),2.0
803,Drama,1,457,Free Willy 3: The Rescue (1997),1.7407
803,Drama,2,981,Dangerous Ground (1997),1.75
803,Drama,3,1272,Talking About Sex (1994),1.8
803,Drama,4,1165,Big Bully (1996),1.8571
803,Drama,5,375,Showgirls (1995),1.9565
804,Comedy,1,1287,Ed (1996),1.3333
804,Comedy,2,104,Theodore Rex (1995),1.4
804,Comedy,3,1246,Bushwhacked (1995),1.5714
804,Comedy,4,1162,Phat Beach (1996),1.6
804,Comedy,5,1509,Getting Even with Dad (1994),1.6
805,Comedy,1,1287,Ed (1996),1.3333
805,Comedy,2,104,Theodore Rex (1995),1.4
805,Comedy,3,1246,Bushwhacked (1995),1.5714
805,Comedy,4,1509,Getting Even with Dad (1994),1.6
805,Comedy,5,1162,Phat Beach (1996),1.6
806,Drama,1,457,Free Willy 3: The Rescue (1997),1.7407
806,Drama,2,981,Dangerous Ground (1997),1.75
806,Drama,3,1272,Talking About Sex (1994),1.8
806,Drama,4,1165,Big Bully (1996),1.8571
806,Drama,5,375,Showgirls (1995),1.9565
807,Action,1,314,3 Ninjas: High Noon At Mega Mountain (1998),1.0
807,Action,2,1250,Best of the Best 3: No Turning Back (1995),1.5
807,Action,3,1087,Bloodsport 2 (1995),1.7
807,Action,4,247,Turbo: A Power Rangers Movie (1997),1.8
807,Action,5,976,Solo (1996),1.8333
808,Drama,1,457,Free Willy 3: The Rescue (1997),1.7407
808,Drama,2,981,Dangerous Ground (1997),1.75
808,Drama,3,1272,Talking About Sex (1994),1.8
808,Drama,4,1165,Big Bully (1996),1.8571
808,Drama,5,375,Showgirls (1995),1.9565
809,Thriller,1,758,Lawnmower Man 2: Beyond Cyberspace (1996),1.7143
809,Thriller,2,1274,Robocop 3 (1993),1.7273
809,Thriller,3,976,Solo (1996),1.8333
809,Thriller,4,743,"Crow: City of Angels, The (1996)",1.9487
809,Thriller,5,1393,Stag (1997),2.1111
810,Comedy,1,1287,Ed (1996),1.3333
810,Comedy,2,104,Theodore Rex (1995),1.4
810,Comedy,3,1246,Bushwhacked (1995),1.5714
810,Comedy,4,1509,Getting Even with Dad (1994),1.6
810,Comedy,5,1162,Phat Beach (1996),1.6
811,Drama,1,457,Free Willy 3: The Rescue (1997),1.7407
811,Drama,2,981,Dangerous Ground (1997),1.75
811,Drama,3,1272,Talking About Sex (1994),1.8
811,Drama,4,1165,Big Bully (1996),1.8571
811,Drama,5,375,Showgirls (1995),1.9565
812,Thriller,1,758,Lawnmower Man 2: Beyond Cyberspace (1996),1.7143
812,Thriller,2,1274,Robocop 3 (1993),1.7273
812,Thriller,3,976,Solo (1996),1.8333
812,Thriller,4,743,"Crow: City of Angels, The (1996)",1.9487
812,Thriller,5,1089,Speed 2: Cruise Control (1997),2.1316
813,Comedy,1,1287,Ed (1996),1.3333
813,Comedy,2,104,Theodore Rex (1995),1.4
813,Comedy,3,1246,Bushwhacked (1995),1.5714
813,Comedy,4,1509,Getting Even with Dad (1994),1.6
813,Comedy,5,1162,Phat Beach (1996),1.6
814,Horror,1,439,Amityville: A New Generation (1993),1.0
814,Horror,2,437,Amityville 1992: It's About Time (1992),1.0
814,Horror,3,438,Amityville 3-D (1983),1.1667
814,Horror,4,424,Children of the Corn: The Gathering (1996),1.3158
814,Horror,5,440,Amityville II: The Possession (1982),1.6429
815,Drama,1,457,Free Willy 3: The Rescue (1997),1.7407
815,Drama,2,981,Dangerous Ground (1997),1.75
815,Drama,3,1272,Talking About Sex (1994),1.8
815,Drama,4,1165,Big Bully (1996),1.8571
815,Drama,5,375,Showgirls (1995),1.9565
816,Thriller,1,758,Lawnmower Man 2: Beyond Cyberspace (1996),1.7143
816,Thriller,2,1274,Robocop 3 (1993),1.7273
816,Thriller,3,976,Solo (1996),1.8333
816,Thriller,4,743,"Crow: City of Angels, The (1996)",1.9487
816,Thriller,5,1393,Stag (1997),2.1111
817,Action,1,314,3 Ninjas: High Noon At Mega Mountain (1998),1.0
817,Action,2,1250,Best of the Best 3: No Turning Back (1995),1.5
817,Action,3,1087,Bloodsport 2 (1995),1.7
817,Action,4,247,Turbo: A Power Rangers Movie (1997),1.8
817,Action,5,976,Solo (1996),1.8333
818,Drama,1,457,Free Willy 3: The Rescue (1997),1.7407
818,Drama,2,981,Dangerous Ground (1997),1.75
818,Drama,3,1272,Talking About Sex (1994),1.8
818,Drama,4,1165,Big Bully (1996),1.8571
818,Drama,5,375,Showgirls (1995),1.9565
819,Drama,1,457,Free Willy 3: The Rescue (1997),1.7407
819,Drama,2,981,Dangerous Ground (1997),1.75
819,Drama,3,1272,Talking About Sex (1994),1.8
819,Drama,4,1165,Big Bully (1996),1.8571
819,Drama,5,375,Showgirls (1995),1.9565
820,Thriller,1,758,Lawnmower Man 2: Beyond Cyberspace (1996),1.7143
820,Thriller,2,1274,Robocop 3 (1993),1.7273
820,Thriller,3,976,Solo (1996),1.8333
820,Thriller,4,743,"Crow: City of Angels, The (1996)",1.9487
820,Thriller,5,1393,Stag (1997),2.1111
821,Drama,1,457,Free Willy 3: The Rescue (1997),1.7407
821,Drama,2,981,Dangerous Ground (1997),1.75
821,Drama,3,1272,Talking About Sex (1994),1.8
821,Drama,4,1165,Big Bully (1996),1.8571
821,Drama,5,375,Showgirls (1995),1.9565
822,Comedy,1,1287,Ed (1996),1.3333
822,Comedy,2,104,Theodore Rex (1995),1.4
822,Comedy,3,1246,Bushwhacked (1995),1.5714
822,Comedy,4,1162,Phat Beach (1996),1.6
822,Comedy,5,1509,Getting Even with Dad (1994),1.6
823,Drama,1,457,Free Willy 3: The Rescue (1997),1.7407
823,Drama,2,981,Dangerous Ground (1997),1.75
823,Drama,3,1272,Talking About Sex (1994),1.8
823,Drama,4,1165,Big Bully (1996),1.8571
823,Drama,5,375,Showgirls (1995),1.9565
824,Drama,1,457,Free Willy 3: The Rescue (1997),1.7407
824,Drama,2,981,Dangerous Ground (1997),1.75
824,Drama,3,1272,Talking About Sex (1994),1.8
824,Drama,4,1165,Big Bully (1996),1.8571
824,Drama,5,375,Showgirls (1995),1.9565
825,Drama,1,457,Free Willy 3: The Rescue (1997),1.7407
825,Drama,2,981,Dangerous Ground (1997),1.75
825,Drama,3,1272,Talking About Sex (1994),1.8
825,Drama,4,1165,Big Bully (1996),1.8571
825,Drama,5,375,Showgirls (1995),1.9565
826,Action,1,314,3 Ninjas: High Noon At Mega Mountain (1998),1.0
826,Action,2,1250,Best of the Best 3: No Turning Back (1995),1.5
826,Action,3,1087,Bloodsport 2 (1995),1.7
826,Action,4,247,Turbo: A Power Rangers Movie (1997),1.8
826,Action,5,976,Solo (1996),1.8333
827,Drama,1,457,Free Willy 3: The Rescue (1997),1.7407
827,Drama,2,981,Dangerous Ground (1997),1.75
827,Drama,3,1272,Talking About Sex (1994),1.8
827,Drama,4,1165,Big Bully (1996),1.8571
827,Drama,5,375,Showgirls (1995),1.9565
828,Drama,1,457,Free Willy 3: The Rescue (1997),1.7407
828,Drama,2,981,Dangerous Ground (1997),1.75
828,Drama,3,1272,Talking About Sex (1994),1.8
828,Drama,4,1165,Big Bully (1996),1.8571
828,Drama,5,375,Showgirls (1995),1.9565
829,Drama,1,457,Free Willy 3: The Rescue (1997),1.7407
829,Drama,2,981,Dangerous Ground (1997),1.75
829,Drama,3,1272,Talking About Sex (1994),1.8
829,Drama,4,1165,Big Bully (1996),1.8571
829,Drama,5,375,Showgirls (1995),1.9565
830,Action,1,314,3 Ninjas: High Noon At Mega Mountain (1998),1.0
830,Action,2,1250,Best of the Best 3: No Turning Back (1995),1.5
830,Action,3,1087,Bloodsport 2 (1995),1.7
830,Action,4,247,Turbo: A Power Rangers Movie (1997),1.8
830,Action,5,976,Solo (1996),1.8333
831,Drama,1,457,Free Willy 3: The Rescue (1997),1.7407
831,Drama,2,981,Dangerous Ground (1997),1.75
831,Drama,3,1272,Talking About Sex (1994),1.8
831,Drama,4,1165,Big Bully (1996),1.8571
831,Drama,5,375,Showgirls (1995),1.9565
832,Action,1,314,3 Ninjas: High Noon At Mega Mountain (1998),1.0
832,Action,2,1250,Best of the Best 3: No Turning Back (1995),1.5
832,Action,3,1087,Bloodsport 2 (1995),1.7
832,Action,4,247,Turbo: A Power Rangers Movie (1997),1.8
832,Action,5,976,Solo (1996),1.8333
833,Drama,1,457,Free Willy 3: The Rescue (1997),1.7407
833,Drama,2,981,Dangerous Ground (1997),1.75
833,Drama,3,1272,Talking About Sex (1994),1.8
833,Drama,4,1165,Big Bully (1996),1.8571
833,Drama,5,375,Showgirls (1995),1.9565
834,Drama,1,457,Free Willy 3: The Rescue (1997),1.7407
834,Drama,2,981,Dangerous Ground (1997),1.75
834,Drama,3,1272,Talking About Sex (1994),1.8
834,Drama,4,1165,Big Bully (1996),1.8571
834,Drama,5,375,Showgirls (1995),1.9565
835,Drama,1,457,Free Willy 3: The Rescue (1997),1.7407
835,Drama,2,981,Dangerous Ground (1997),1.75
835,Drama,3,1272,Talking About Sex (1994),1.8
835,Drama,4,1165,Big Bully (1996),1.8571
835,Drama,5,375,Showgirls (1995),1.9565
836,Drama,1,457,Free Willy 3: The Rescue (1997),1.7407
836,Drama,2,981,Dangerous Ground (1997),1.75
836,Drama,3,1272,Talking About Sex (1994),1.8
836,Drama,4,1165,Big Bully (1996),1.8571
836,Drama,5,375,Showgirls (1995),1.9565
837,Drama,1,457,Free Willy 3: The Rescue (1997),1.7407
837,Drama,2,981,Dangerous Ground (1997),1.75
837,Drama,3,1272,Talking About Sex (1994),1.8
837,Drama,4,1165,Big Bully (1996),1.8571
837,Drama,5,375,Showgirls (1995),1.9565
838,Drama,1,457,Free Willy 3: The Rescue (1997),1.7407
838,Drama,2,981,Dangerous Ground (1997),1.75
838,Drama,3,1272,Talking About Sex (1994),1.8
838,Drama,4,1165,Big Bully (1996),1.8571
838,Drama,5,375,Showgirls (1995),1.9565
839,Drama,1,457,Free Willy 3: The Rescue (1997),1.7407
839,Drama,2,981,Dangerous Ground (1997),1.75
839,Drama,3,1272,Talking About Sex (1994),1.8
839,Drama,4,1165,Big Bully (1996),1.8571
839,Drama,5,375,Showgirls (1995),1.9565
840,Drama,1,457,Free Willy 3: The Rescue (1997),1.7407
840,Drama,2,981,Dangerous Ground (1997),1.75
840,Drama,3,1272,Talking About Sex (1994),1.8
840,Drama,4,1165,Big Bully (1996),1.8571
840,Drama,5,375,Showgirls (1995),1.9565
841,Thriller,1,758,Lawnmower Man 2: Beyond Cyberspace (1996),1.7143
841,Thriller,2,1274,Robocop 3 (1993),1.7273
841,Thriller,3,976,Solo (1996),1.8333
841,Thriller,4,743,"Crow: City of Angels, The (1996)",1.9487
841,Thriller,5,1393,Stag (1997),2.1111
842,Thriller,1,758,Lawnmower Man 2: Beyond Cyberspace (1996),1.7143
842,Thriller,2,1274,Robocop 3 (1993),1.7273
842,Thriller,3,976,Solo (1996),1.8333
842,Thriller,4,743,"Crow: City of Angels, The (1996)",1.9487
842,Thriller,5,1393,Stag (1997),2.1111
843,Drama,1,457,Free Willy 3: The Rescue (1997),1.7407
843,Drama,2,981,Dangerous Ground (1997),1.75
843,Drama,3,1272,Talking About Sex (1994),1.8
843,Drama,4,1165,Big Bully (1996),1.8571
843,Drama,5,375,Showgirls (1995),1.9565
844,Action,1,314,3 Ninjas: High Noon At Mega Mountain (1998),1.0
844,Action,2,1250,Best of the Best 3: No Turning Back (1995),1.5
844,Action,3,1087,Bloodsport 2 (1995),1.7
844,Action,4,247,Turbo: A Power Rangers Movie (1997),1.8
844,Action,5,976,Solo (1996),1.8333
845,Drama,1,457,Free Willy 3: The Rescue (1997),1.7407
845,Drama,2,981,Dangerous Ground (1997),1.75
845,Drama,3,1272,Talking About Sex (1994),1.8
845,Drama,4,1165,Big Bully (1996),1.8571
845,Drama,5,375,Showgirls (1995),1.9565
846,Drama,1,457,Free Willy 3: The Rescue (1997),1.7407
846,Drama,2,981,Dangerous Ground (1997),1.75
846,Drama,3,1272,Talking About Sex (1994),1.8
846,Drama,4,1165,Big Bully (1996),1.8571
846,Drama,5,375,Showgirls (1995),1.9565
847,Comedy,1,1287,Ed (1996),1.3333
847,Comedy,2,1246,Bushwhacked (1995),1.5714
847,Comedy,3,1162,Phat Beach (1996),1.6
847,Comedy,4,1509,Getting Even with Dad (1994),1.6
847,Comedy,5,1336,Kazaam (1996),1.8
848,Drama,1,457,Free Willy 3: The Rescue (1997),1.7407
848,Drama,2,981,Dangerous Ground (1997),1.75
848,Drama,3,1272,Talking About Sex (1994),1.8
848,Drama,4,1165,Big Bully (1996),1.8571
848,Drama,5,375,Showgirls (1995),1.9565
849,Drama,1,457,Free Willy 3: The Rescue (1997),1.7407
849,Drama,2,981,Dangerous Ground (1997),1.75
849,Drama,3,1272,Talking About Sex (1994),1.8
849,Drama,4,1165,Big Bully (1996),1.8571
849,Drama,5,375,Showgirls (1995),1.9565
850,Comedy,1,1287,Ed (1996),1.3333
850,Comedy,2,104,Theodore Rex (1995),1.4
850,Comedy,3,1246,Bushwhacked (1995),1.5714
850,Comedy,4,1509,Getting Even with Dad (1994),1.6
850,Comedy,5,1162,Phat Beach (1996),1.6
851,Drama,1,457,Free Willy 3: The Rescue (1997),1.7407
851,Drama,2,1272,Talking About Sex (1994),1.8
851,Drama,3,1165,Big Bully (1996),1.8571
851,Drama,4,375,Showgirls (1995),1.9565
851,Drama,5,1392,"Locusts, The (1997)",2.0
852,Action,1,314,3 Ninjas: High Noon At Mega Mountain (1998),1.0
852,Action,2,1250,Best of the Best 3: No Turning Back (1995),1.5
852,Action,3,1087,Bloodsport 2 (1995),1.7
852,Action,4,247,Turbo: A Power Rangers Movie (1997),1.8
852,Action,5,976,Solo (1996),1.8333
853,Thriller,1,758,Lawnmower Man 2: Beyond Cyberspace (1996),1.7143
853,Thriller,2,1274,Robocop 3 (1993),1.7273
853,Thriller,3,976,Solo (1996),1.8333
853,Thriller,4,743,"Crow: City of Angels, The (1996)",1.9487
853,Thriller,5,1393,Stag (1997),2.1111
854,Drama,1,457,Free Willy 3: The Rescue (1997),1.7407
854,Drama,2,981,Dangerous Ground (1997),1.75
854,Drama,3,1272,Talking About Sex (1994),1.8
854,Drama,4,1165,Big Bully (1996),1.8571
854,Drama,5,375,Showgirls (1995),1.9565
855,Drama,1,457,Free Willy 3: The Rescue (1997),1.7407
855,Drama,2,981,Dangerous Ground (1997),1.75
855,Drama,3,1272,Talking About Sex (1994),1.8
855,Drama,4,1165,Big Bully (1996),1.8571
855,Drama,5,375,Showgirls (1995),1.9565
856,Drama,1,457,Free Willy 3: The Rescue (1997),1.7407
856,Drama,2,981,Dangerous Ground (1997),1.75
856,Drama,3,1272,Talking About Sex (1994),1.8
856,Drama,4,1165,Big Bully (1996),1.8571
856,Drama,5,375,Showgirls (1995),1.9565
857,Drama,1,457,Free Willy 3: The Rescue (1997),1.7407
857,Drama,2,981,Dangerous Ground (1997),1.75
857,Drama,3,1272,Talking About Sex (1994),1.8
857,Drama,4,1165,Big Bully (1996),1.8571
857,Drama,5,375,Showgirls (1995),1.9565
858,Drama,1,457,Free Willy 3: The Rescue (1997),1.7407
858,Drama,2,981,Dangerous Ground (1997),1.75
858,Drama,3,1272,Talking About Sex (1994),1.8
858,Drama,4,1165,Big Bully (1996),1.8571
858,Drama,5,375,Showgirls (1995),1.9565
859,Drama,1,457,Free Willy 3: The Rescue (1997),1.7407
859,Drama,2,981,Dangerous Ground (1997),1.75
859,Drama,3,1272,Talking About Sex (1994),1.8
859,Drama,4,1165,Big Bully (1996),1.8571
859,Drama,5,375,Showgirls (1995),1.9565
860,Drama,1,457,Free Willy 3: The Rescue (1997),1.7407
860,Drama,2,981,Dangerous Ground (1997),1.75
860,Drama,3,1272,Talking About Sex (1994),1.8
860,Drama,4,1165,Big Bully (1996),1.8571
860,Drama,5,375,Showgirls (1995),1.9565
861,Drama,1,457,Free Willy 3: The Rescue (1997),1.7407
861,Drama,2,981,Dangerous Ground (1997),1.75
861,Drama,3,1272,Talking About Sex (1994),1.8
861,Drama,4,1165,Big Bully (1996),1.8571
861,Drama,5,375,Showgirls (1995),1.9565
862,Drama,1,457,Free Willy 3: The Rescue (1997),1.7407
862,Drama,2,981,Dangerous Ground (1997),1.75
862,Drama,3,1272,Talking About Sex (1994),1.8
862,Drama,4,1165,Big Bully (1996),1.8571
862,Drama,5,375,Showgirls (1995),1.9565
863,Drama,1,457,Free Willy 3: The Rescue (1997),1.7407
863,Drama,2,981,Dangerous Ground (1997),1.75
863,Drama,3,1272,Talking About Sex (1994),1.8
863,Drama,4,1165,Big Bully (1996),1.8571
863,Drama,5,375,Showgirls (1995),1.9565
864,Drama,1,457,Free Willy 3: The Rescue (1997),1.7407
864,Drama,2,981,Dangerous Ground (1997),1.75
864,Drama,3,1272,Talking About Sex (1994),1.8
864,Drama,4,1165,Big Bully (1996),1.8571
864,Drama,5,375,Showgirls (1995),1.9565
865,Comedy,1,1287,Ed (1996),1.3333
865,Comedy,2,104,Theodore Rex (1995),1.4
865,Comedy,3,1246,Bushwhacked (1995),1.5714
865,Comedy,4,1509,Getting Even with Dad (1994),1.6
865,Comedy,5,1162,Phat Beach (1996),1.6
866,Drama,1,457,Free Willy 3: The Rescue (1997),1.7407
866,Drama,2,981,Dangerous Ground (1997),1.75
866,Drama,3,1272,Talking About Sex (1994),1.8
866,Drama,4,1165,Big Bully (1996),1.8571
866,Drama,5,375,Showgirls (1995),1.9565
867,Drama,1,457,Free Willy 3: The Rescue (1997),1.7407
867,Drama,2,981,Dangerous Ground (1997),1.75
867,Drama,3,1272,Talking About Sex (1994),1.8
867,Drama,4,1165,Big Bully (1996),1.8571
867,Drama,5,375,Showgirls (1995),1.9565
868,Comedy,1,1287,Ed (1996),1.3333
868,Comedy,2,104,Theodore Rex (1995),1.4
868,Comedy,3,1246,Bushwhacked (1995),1.5714
868,Comedy,4,1162,Phat Beach (1996),1.6
868,Comedy,5,1272,Talking About Sex (1994),1.8
869,Drama,1,457,Free Willy 3: The Rescue (1997),1.7407
869,Drama,2,981,Dangerous Ground (1997),1.75
869,Drama,3,1272,Talking About Sex (1994),1.8
869,Drama,4,1165,Big Bully (1996),1.8571
869,Drama,5,375,Showgirls (1995),1.9565
870,Drama,1,457,Free Willy 3: The Rescue (1997),1.7407
870,Drama,2,981,Dangerous Ground (1997),1.75
870,Drama,3,1272,Talking About Sex (1994),1.8
870,Drama,4,1165,Big Bully (1996),1.8571
870,Drama,5,375,Showgirls (1995),1.9565
871,Drama,1,457,Free Willy 3: The Rescue (1997),1.7407
871,Drama,2,981,Dangerous Ground (1997),1.75
871,Drama,3,1272,Talking About Sex (1994),1.8
871,Drama,4,1165,Big Bully (1996),1.8571
871,Drama,5,375,Showgirls (1995),1.9565
872,Comedy,1,1287,Ed (1996),1.3333
872,Comedy,2,104,Theodore Rex (1995),1.4
872,Comedy,3,1246,Bushwhacked (1995),1.5714
872,Comedy,4,1509,Getting Even with Dad (1994),1.6
872,Comedy,5,1162,Phat Beach (1996),1.6
873,Drama,1,457,Free Willy 3: The Rescue (1997),1.7407
873,Drama,2,981,Dangerous Ground (1997),1.75
873,Drama,3,1272,Talking About Sex (1994),1.8
873,Drama,4,1165,Big Bully (1996),1.8571
873,Drama,5,375,Showgirls (1995),1.9565
874,Drama,1,457,Free Willy 3: The Rescue (1997),1.7407
874,Drama,2,981,Dangerous Ground (1997),1.75
874,Drama,3,1272,Talking About Sex (1994),1.8
874,Drama,4,1165,Big Bully (1996),1.8571
874,Drama,5,375,Showgirls (1995),1.9565
875,Drama,1,457,Free Willy 3: The Rescue (1997),1.7407
875,Drama,2,981,Dangerous Ground (1997),1.75
875,Drama,3,1272,Talking About Sex (1994),1.8
875,Drama,4,1165,Big Bully (1996),1.8571
875,Drama,5,375,Showgirls (1995),1.9565
876,Drama,1,457,Free Willy 3: The Rescue (1997),1.7407
876,Drama,2,981,Dangerous Ground (1997),1.75
876,Drama,3,1272,Talking About Sex (1994),1.8
876,Drama,4,1165,Big Bully (1996),1.8571
876,Drama,5,375,Showgirls (1995),1.9565
877,Drama,1,457,Free Willy 3: The Rescue (1997),1.7407
877,Drama,2,981,Dangerous Ground (1997),1.75
877,Drama,3,1272,Talking About Sex (1994),1.8
877,Drama,4,1165,Big Bully (1996),1.8571
877,Drama,5,375,Showgirls (1995),1.9565
878,Drama,1,457,Free Willy 3: The Rescue (1997),1.7407
878,Drama,2,981,Dangerous Ground (1997),1.75
878,Drama,3,1272,Talking About Sex (1994),1.8
878,Drama,4,1165,Big Bully (1996),1.8571
878,Drama,5,375,Showgirls (1995),1.9565
879,Action,1,314,3 Ninjas: High Noon At Mega Mountain (1998),1.0
879,Action,2,1250,Best of the Best 3: No Turning Back (1995),1.5
879,Action,3,1087,Bloodsport 2 (1995),1.7
879,Action,4,247,Turbo: A Power Rangers Movie (1997),1.8
879,Action,5,976,Solo (1996),1.8333
880,Comedy,1,1287,Ed (1996),1.3333
880,Comedy,2,104,Theodore Rex (1995),1.4
880,Comedy,3,1246,Bushwhacked (1995),1.5714
880,Comedy,4,1509,Getting Even with Dad (1994),1.6
880,Comedy,5,1162,Phat Beach (1996),1.6
881,Comedy,1,1287,Ed (1996),1.3333
881,Comedy,2,104,Theodore Rex (1995),1.4
881,Comedy,3,1246,Bushwhacked (1995),1.5714
881,Comedy,4,1162,Phat Beach (1996),1.6
881,Comedy,5,1509,Getting Even with Dad (1994),1.6
882,Comedy,1,1287,Ed (1996),1.3333
882,Comedy,2,104,Theodore Rex (1995),1.4
882,Comedy,3,1246,Bushwhacked (1995),1.5714
882,Comedy,4,1162,Phat Beach (1996),1.6
882,Comedy,5,1509,Getting Even with Dad (1994),1.6
883,Drama,1,457,Free Willy 3: The Rescue (1997),1.7407
883,Drama,2,981,Dangerous Ground (1997),1.75
883,Drama,3,1272,Talking About Sex (1994),1.8
883,Drama,4,1165,Big Bully (1996),1.8571
883,Drama,5,375,Showgirls (1995),1.9565
884,Drama,1,457,Free Willy 3: The Rescue (1997),1.7407
884,Drama,2,981,Dangerous Ground (1997),1.75
884,Drama,3,1272,Talking About Sex (1994),1.8
884,Drama,4,1165,Big Bully (1996),1.8571
884,Drama,5,375,Showgirls (1995),1.9565
885,Comedy,1,1287,Ed (1996),1.3333
885,Comedy,2,104,Theodore Rex (1995),1.4
885,Comedy,3,1246,Bushwhacked (1995),1.5714
885,Comedy,4,1509,Getting Even with Dad (1994),1.6
885,Comedy,5,1162,Phat Beach (1996),1.6
886,Drama,1,457,Free Willy 3: The Rescue (1997),1.7407
886,Drama,2,981,Dangerous Ground (1997),1.75
886,Drama,3,1272,Talking About Sex (1994),1.8
886,Drama,4,1165,Big Bully (1996),1.8571
886,Drama,5,375,Showgirls (1995),1.9565
887,Comedy,1,1287,Ed (1996),1.3333
887,Comedy,2,104,Theodore Rex (1995),1.4
887,Comedy,3,1246,Bushwhacked (1995),1.5714
887,Comedy,4,1509,Getting Even with Dad (1994),1.6
887,Comedy,5,1162,Phat Beach (1996),1.6
888,Romance,1,545,Vampire in Brooklyn (1995),1.8333
888,Romance,2,1487,Even Cowgirls Get the Blues (1993),2.0
888,Romance,3,1037,Grease 2 (1982),2.0
888,Romance,4,1089,Speed 2: Cruise Control (1997),2.1316
888,Romance,5,1289,Jack and Sarah (1995),2.1429
889,Drama,1,457,Free Willy 3: The Rescue (1997),1.7407
889,Drama,2,981,Dangerous Ground (1997),1.75
889,Drama,3,1272,Talking About Sex (1994),1.8
889,Drama,4,1165,Big Bully (1996),1.8571
889,Drama,5,375,Showgirls (1995),1.9565
890,Drama,1,457,Free Willy 3: The Rescue (1997),1.7407
890,Drama,2,981,Dangerous Ground (1997),1.75
890,Drama,3,1272,Talking About Sex (1994),1.8
890,Drama,4,1165,Big Bully (1996),1.8571
890,Drama,5,375,Showgirls (1995),1.9565
891,Drama,1,457,Free Willy 3: The Rescue (1997),1.7407
891,Drama,2,981,Dangerous Ground (1997),1.75
891,Drama,3,1272,Talking About Sex (1994),1.8
891,Drama,4,1165,Big Bully (1996),1.8571
891,Drama,5,375,Showgirls (1995),1.9565
892,Comedy,1,1287,Ed (1996),1.3333
892,Comedy,2,104,Theodore Rex (1995),1.4
892,Comedy,3,1246,Bushwhacked (1995),1.5714
892,Comedy,4,1162,Phat Beach (1996),1.6
892,Comedy,5,1509,Getting Even with Dad (1994),1.6
893,Action,1,314,3 Ninjas: High Noon At Mega Mountain (1998),1.0
893,Action,2,1250,Best of the Best 3: No Turning Back (1995),1.5
893,Action,3,1087,Bloodsport 2 (1995),1.7
893,Action,4,247,Turbo: A Power Rangers Movie (1997),1.8
893,Action,5,453,Jaws 3-D (1983),1.9375
894,Drama,1,457,Free Willy 3: The Rescue (1997),1.7407
894,Drama,2,981,Dangerous Ground (1997),1.75
894,Drama,3,1272,Talking About Sex (1994),1.8
894,Drama,4,1165,Big Bully (1996),1.8571
894,Drama,5,375,Showgirls (1995),1.9565
895,Romance,1,545,Vampire in Brooklyn (1995),1.8333
895,Romance,2,1037,Grease 2 (1982),2.0
895,Romance,3,1487,Even Cowgirls Get the Blues (1993),2.0
895,Romance,4,1089,Speed 2: Cruise Control (1997),2.1316
895,Romance,5,1289,Jack and Sarah (1995),2.1429
896,Drama,1,457,Free Willy 3: The Rescue (1997),1.7407
896,Drama,2,981,Dangerous Ground (1997),1.75
896,Drama,3,1272,Talking About Sex (1994),1.8
896,Drama,4,1165,Big Bully (1996),1.8571
896,Drama,5,375,Showgirls (1995),1.9565
897,Action,1,314,3 Ninjas: High Noon At Mega Mountain (1998),1.0
897,Action,2,1250,Best of the Best 3: No Turning Back (1995),1.5
897,Action,3,1087,Bloodsport 2 (1995),1.7
897,Action,4,247,Turbo: A Power Rangers Movie (1997),1.8
897,Action,5,976,Solo (1996),1.8333
898,Drama,1,457,Free Willy 3: The Rescue (1997),1.7407
898,Drama,2,981,Dangerous Ground (1997),1.75
898,Drama,3,1272,Talking About Sex (1994),1.8
898,Drama,4,1165,Big Bully (1996),1.8571
898,Drama,5,375,Showgirls (1995),1.9565
899,Drama,1,457,Free Willy 3: The Rescue (1997),1.7407
899,Drama,2,981,Dangerous Ground (1997),1.75
899,Drama,3,1272,Talking About Sex (1994),1.8
899,Drama,4,1165,Big Bully (1996),1.8571
899,Drama,5,375,Showgirls (1995),1.9565
900,Drama,1,457,Free Willy 3: The Rescue (1997),1.7407
900,Drama,2,981,Dangerous Ground (1997),1.75
900,Drama,3,1272,Talking About Sex (1994),1.8
900,Drama,4,1165,Big Bully (1996),1.8571
900,Drama,5,375,Showgirls (1995),1.9565
901,Comedy,1,1287,Ed (1996),1.3333
901,Comedy,2,104,Theodore Rex (1995),1.4
901,Comedy,3,1246,Bushwhacked (1995),1.5714
901,Comedy,4,1509,Getting Even with Dad (1994),1.6
901,Comedy,5,1162,Phat Beach (1996),1.6
902,Action,1,314,3 Ninjas: High Noon At Mega Mountain (1998),1.0
902,Action,2,1250,Best of the Best 3: No Turning Back (1995),1.5
902,Action,3,1087,Bloodsport 2 (1995),1.7
902,Action,4,247,Turbo: A Power Rangers Movie (1997),1.8
902,Action,5,976,Solo (1996),1.8333
903,Drama,1,457,Free Willy 3: The Rescue (1997),1.7407
903,Drama,2,981,Dangerous Ground (1997),1.75
903,Drama,3,1272,Talking About Sex (1994),1.8
903,Drama,4,1165,Big Bully (1996),1.8571
903,Drama,5,375,Showgirls (1995),1.9565
904,Romance,1,545,Vampire in Brooklyn (1995),1.8333
904,Romance,2,1487,Even Cowgirls Get the Blues (1993),2.0
904,Romance,3,1037,Grease 2 (1982),2.0
904,Romance,4,1089,Speed 2: Cruise Control (1997),2.1316
904,Romance,5,1289,Jack and Sarah (1995),2.1429
905,Drama,1,457,Free Willy 3: The Rescue (1997),1.7407
905,Drama,2,981,Dangerous Ground (1997),1.75
905,Drama,3,1272,Talking About Sex (1994),1.8
905,Drama,4,1165,Big Bully (1996),1.8571
905,Drama,5,375,Showgirls (1995),1.9565
906,Drama,1,457,Free Willy 3: The Rescue (1997),1.7407
906,Drama,2,981,Dangerous Ground (1997),1.75
906,Drama,3,1272,Talking About Sex (1994),1.8
906,Drama,4,1165,Big Bully (1996),1.8571
906,Drama,5,375,Showgirls (1995),1.9565
907,Drama,1,457,Free Willy 3: The Rescue (1997),1.7407
907,Drama,2,981,Dangerous Ground (1997),1.75
907,Drama,3,1272,Talking About Sex (1994),1.8
907,Drama,4,1165,Big Bully (1996),1.8571
907,Drama,5,375,Showgirls (1995),1.9565
908,Drama,1,457,Free Willy 3: The Rescue (1997),1.7407
908,Drama,2,981,Dangerous Ground (1997),1.75
908,Drama,3,1272,Talking About Sex (1994),1.8
908,Drama,4,1165,Big Bully (1996),1.8571
908,Drama,5,375,Showgirls (1995),1.9565
909,Drama,1,457,Free Willy 3: The Rescue (1997),1.7407
909,Drama,2,981,Dangerous Ground (1997),1.75
909,Drama,3,1272,Talking About Sex (1994),1.8
909,Drama,4,1165,Big Bully (1996),1.8571
909,Drama,5,375,Showgirls (1995),1.9565
910,Drama,1,457,Free Willy 3: The Rescue (1997),1.7407
910,Drama,2,981,Dangerous Ground (1997),1.75
910,Drama,3,1272,Talking About Sex (1994),1.8
910,Drama,4,1165,Big Bully (1996),1.8571
910,Drama,5,375,Showgirls (1995),1.9565
911,Comedy,1,1287,Ed (1996),1.3333
911,Comedy,2,104,Theodore Rex (1995),1.4
911,Comedy,3,1246,Bushwhacked (1995),1.5714
911,Comedy,4,1509,Getting Even with Dad (1994),1.6
911,Comedy,5,1162,Phat Beach (1996),1.6
912,Drama,1,457,Free Willy 3: The Rescue (1997),1.7407
912,Drama,2,981,Dangerous Ground (1997),1.75
912,Drama,3,1272,Talking About Sex (1994),1.8
912,Drama,4,1165,Big Bully (1996),1.8571
912,Drama,5,375,Showgirls (1995),1.9565
913,Drama,1,457,Free Willy 3: The Rescue (1997),1.7407
913,Drama,2,981,Dangerous Ground (1997),1.75
913,Drama,3,1272,Talking About Sex (1994),1.8
913,Drama,4,1165,Big Bully (1996),1.8571
913,Drama,5,375,Showgirls (1995),1.9565
914,Romance,1,545,Vampire in Brooklyn (1995),1.8333
914,Romance,2,1487,Even Cowgirls Get the Blues (1993),2.0
914,Romance,3,1037,Grease 2 (1982),2.0
914,Romance,4,1089,Speed 2: Cruise Control (1997),2.1316
914,Romance,5,1289,Jack and Sarah (1995),2.1429
915,Drama,1,457,Free Willy 3: The Rescue (1997),1.7407
915,Drama,2,981,Dangerous Ground (1997),1.75
915,Drama,3,1272,Talking About Sex (1994),1.8
915,Drama,4,1165,Big Bully (1996),1.8571
915,Drama,5,375,Showgirls (1995),1.9565
916,Drama,1,457,Free Willy 3: The Rescue (1997),1.7407
916,Drama,2,981,Dangerous Ground (1997),1.75
916,Drama,3,1272,Talking About Sex (1994),1.8
916,Drama,4,1165,Big Bully (1996),1.8571
916,Drama,5,375,Showgirls (1995),1.9565
917,Drama,1,457,Free Willy 3: The Rescue (1997),1.7407
917,Drama,2,981,Dangerous Ground (1997),1.75
917,Drama,3,1272,Talking About Sex (1994),1.8
917,Drama,4,1165,Big Bully (1996),1.8571
917,Drama,5,375,Showgirls (1995),1.9565
918,Drama,1,457,Free Willy 3: The Rescue (1997),1.7407
918,Drama,2,981,Dangerous Ground (1997),1.75
918,Drama,3,1272,Talking About Sex (1994),1.8
918,Drama,4,1165,Big Bully (1996),1.8571
918,Drama,5,375,Showgirls (1995),1.9565
919,Drama,1,457,Free Willy 3: The Rescue (1997),1.7407
919,Drama,2,981,Dangerous Ground (1997),1.75
919,Drama,3,1272,Talking About Sex (1994),1.8
919,Drama,4,1165,Big Bully (1996),1.8571
919,Drama,5,375,Showgirls (1995),1.9565
920,Drama,1,457,Free Willy 3: The Rescue (1997),1.7407
920,Drama,2,981,Dangerous Ground (1997),1.75
920,Drama,3,1272,Talking About Sex (1994),1.8
920,Drama,4,1165,Big Bully (1996),1.8571
920,Drama,5,375,Showgirls (1995),1.9565
921,Comedy,1,104,Theodore Rex (1995),1.4
921,Comedy,2,1246,Bushwhacked (1995),1.5714
921,Comedy,3,1509,Getting Even with Dad (1994),1.6
921,Comedy,4,1162,Phat Beach (1996),1.6
921,Comedy,5,1336,Kazaam (1996),1.8
922,Comedy,1,1287,Ed (1996),1.3333
922,Comedy,2,104,Theodore Rex (1995),1.4
922,Comedy,3,1246,Bushwhacked (1995),1.5714
922,Comedy,4,1509,Getting Even with Dad (1994),1.6
922,Comedy,5,1162,Phat Beach (1996),1.6
923,Thriller,1,758,Lawnmower Man 2: Beyond Cyberspace (1996),1.7143
923,Thriller,2,1274,Robocop 3 (1993),1.7273
923,Thriller,3,976,Solo (1996),1.8333
923,Thriller,4,743,"Crow: City of Angels, The (1996)",1.9487
923,Thriller,5,1393,Stag (1997),2.1111
924,Drama,1,457,Free Willy 3: The Rescue (1997),1.7407
924,Drama,2,981,Dangerous Ground (1997),1.75
924,Drama,3,1272,Talking About Sex (1994),1.8
924,Drama,4,1165,Big Bully (1996),1.8571
924,Drama,5,375,Showgirls (1995),1.9565
925,Thriller,1,758,Lawnmower Man 2: Beyond Cyberspace (1996),1.7143
925,Thriller,2,1274,Robocop 3 (1993),1.7273
925,Thriller,3,976,Solo (1996),1.8333
925,Thriller,4,743,"Crow: City of Angels, The (1996)",1.9487
925,Thriller,5,1393,Stag (1997),2.1111
926,Drama,1,457,Free Willy 3: The Rescue (1997),1.7407
926,Drama,2,981,Dangerous Ground (1997),1.75
926,Drama,3,1272,Talking About Sex (1994),1.8
926,Drama,4,1165,Big Bully (1996),1.8571
926,Drama,5,375,Showgirls (1995),1.9565
927,Comedy,1,1287,Ed (1996),1.3333
927,Comedy,2,104,Theodore Rex (1995),1.4
927,Comedy,3,1246,Bushwhacked (1995),1.5714
927,Comedy,4,1509,Getting Even with Dad (1994),1.6
927,Comedy,5,1162,Phat Beach (1996),1.6
928,Drama,1,457,Free Willy 3: The Rescue (1997),1.7407
928,Drama,2,981,Dangerous Ground (1997),1.75
928,Drama,3,1272,Talking About Sex (1994),1.8
928,Drama,4,1165,Big Bully (1996),1.8571
928,Drama,5,375,Showgirls (1995),1.9565
929,Drama,1,457,Free Willy 3: The Rescue (1997),1.7407
929,Drama,2,981,Dangerous Ground (1997),1.75
929,Drama,3,1272,Talking About Sex (1994),1.8
929,Drama,4,1165,Big Bully (1996),1.8571
929,Drama,5,375,Showgirls (1995),1.9565
930,Comedy,1,1287,Ed (1996),1.3333
930,Comedy,2,104,Theodore Rex (1995),1.4
930,Comedy,3,1246,Bushwhacked (1995),1.5714
930,Comedy,4,1162,Phat Beach (1996),1.6
930,Comedy,5,1509,Getting Even with Dad (1994),1.6
931,Drama,1,457,Free Willy 3: The Rescue (1997),1.7407
931,Drama,2,981,Dangerous Ground (1997),1.75
931,Drama,3,1272,Talking About Sex (1994),1.8
931,Drama,4,1165,Big Bully (1996),1.8571
931,Drama,5,375,Showgirls (1995),1.9565
932,Drama,1,457,Free Willy 3: The Rescue (1997),1.7407
932,Drama,2,981,Dangerous Ground (1997),1.75
932,Drama,3,1272,Talking About Sex (1994),1.8
932,Drama,4,1165,Big Bully (1996),1.8571
932,Drama,5,375,Showgirls (1995),1.9565
933,Comedy,1,1287,Ed (1996),1.3333
933,Comedy,2,104,Theodore Rex (1995),1.4
933,Comedy,3,1162,Phat Beach (1996),1.6
933,Comedy,4,1509,Getting Even with Dad (1994),1.6
933,Comedy,5,1272,Talking About Sex (1994),1.8
934,Drama,1,457,Free Willy 3: The Rescue (1997),1.7407
934,Drama,2,981,Dangerous Ground (1997),1.75
934,Drama,3,1272,Talking About Sex (1994),1.8
934,Drama,4,1165,Big Bully (1996),1.8571
934,Drama,5,375,Showgirls (1995),1.9565
935,Drama,1,457,Free Willy 3: The Rescue (1997),1.7407
935,Drama,2,981,Dangerous Ground (1997),1.75
935,Drama,3,1272,Talking About Sex (1994),1.8
935,Drama,4,1165,Big Bully (1996),1.8571
935,Drama,5,375,Showgirls (1995),1.9565
936,Drama,1,457,Free Willy 3: The Rescue (1997),1.7407
936,Drama,2,981,Dangerous Ground (1997),1.75
936,Drama,3,1272,Talking About Sex (1994),1.8
936,Drama,4,1165,Big Bully (1996),1.8571
936,Drama,5,375,Showgirls (1995),1.9565
937,Drama,1,457,Free Willy 3: The Rescue (1997),1.7407
937,Drama,2,981,Dangerous Ground (1997),1.75
937,Drama,3,1272,Talking About Sex (1994),1.8
937,Drama,4,1165,Big Bully (1996),1.8571
937,Drama,5,375,Showgirls (1995),1.9565
938,Comedy,1,1287,Ed (1996),1.3333
938,Comedy,2,104,Theodore Rex (1995),1.4
938,Comedy,3,1246,Bushwhacked (1995),1.5714
938,Comedy,4,1509,Getting Even with Dad (1994),1.6
938,Comedy,5,1162,Phat Beach (1996),1.6
939,Drama,1,457,Free Willy 3: The Rescue (1997),1.7407
939,Drama,2,981,Dangerous Ground (1997),1.75
939,Drama,3,1272,Talking About Sex (1994),1.8
939,Drama,4,1165,Big Bully (1996),1.8571
939,Drama,5,375,Showgirls (1995),1.9565
940,Drama,1,457,Free Willy 3: The Rescue (1997),1.7407
940,Drama,2,981,Dangerous Ground (1997),1.75
940,Drama,3,1272,Talking About Sex (1994),1.8
940,Drama,4,1165,Big Bully (1996),1.8571
940,Drama,5,375,Showgirls (1995),1.9565
941,Action,1,314,3 Ninjas: High Noon At Mega Mountain (1998),1.0
941,Action,2,1250,Best of the Best 3: No Turning Back (1995),1.5
941,Action,3,1087,Bloodsport 2 (1995),1.7
941,Action,4,247,Turbo: A Power Rangers Movie (1997),1.8
941,Action,5,976,Solo (1996),1.8333
942,Drama,1,457,Free Willy 3: The Rescue (1997),1.7407
942,Drama,2,981,Dangerous Ground (1997),1.75
942,Drama,3,1272,Talking About Sex (1994),1.8
942,Drama,4,1165,Big Bully (1996),1.8571
942,Drama,5,375,Showgirls (1995),1.9565
943,Action,1,314,3 Ninjas: High Noon At Mega Mountain (1998),1.0
943,Action,2,1250,Best of the Best 3: No Turning Back (1995),1.5
943,Action,3,1087,Bloodsport 2 (1995),1.7
943,Action,4,247,Turbo: A Power Rangers Movie (1997),1.8
943,Action,5,976,Solo (1996),1.8333
